06-Sep-2026 00:17:35.277 INFO [main] org.apache.catalina.startup.VersionLoggerListener.log Server version name:   Apache Tomcat/10.1.44
06-Sep-2026 00:17:35.289 INFO [main] org.apache.catalina.startup.VersionLoggerListener.log Server built:          Aug 4 2025 13:14:17 UTC
06-Sep-2026 00:17:35.291 INFO [main] org.apache.catalina.startup.VersionLoggerListener.log Server version number: 10.1.44.0
06-Sep-2026 00:17:35.292 INFO [main] org.apache.catalina.startup.VersionLoggerListener.log OS Name:               Windows 11
06-Sep-2026 00:17:35.293 INFO [main] org.apache.catalina.startup.VersionLoggerListener.log OS Version:            10.0
06-Sep-2026 00:17:35.294 INFO [main] org.apache.catalina.startup.VersionLoggerListener.log Architecture:          amd64
06-Sep-2026 00:17:35.295 INFO [main] org.apache.catalina.startup.VersionLoggerListener.log Java Home:             C:\Program Files\Java\jdk-21
06-Sep-2026 00:17:35.296 INFO [main] org.apache.catalina.startup.VersionLoggerListener.log JVM Version:           21.0.2+13-LTS-58
06-Sep-2026 00:17:35.296 INFO [main] org.apache.catalina.startup.VersionLoggerListener.log JVM Vendor:            Oracle Corporation
06-Sep-2026 00:17:35.297 INFO [main] org.apache.catalina.startup.VersionLoggerListener.log CATALINA_BASE:         D:\web\apache-tomcat-10.1.44\apache-tomcat-10.1.44
06-Sep-2026 00:17:35.298 INFO [main] org.apache.catalina.startup.VersionLoggerListener.log CATALINA_HOME:         D:\web\apache-tomcat-10.1.44\apache-tomcat-10.1.44
06-Sep-2026 00:17:35.323 INFO [main] org.apache.catalina.startup.VersionLoggerListener.log Command line argument: -Djava.util.logging.config.file=D:\web\apache-tomcat-10.1.44\apache-tomcat-10.1.44\conf\logging.properties
06-Sep-2026 00:17:35.325 INFO [main] org.apache.catalina.startup.VersionLoggerListener.log Command line argument: -Djava.util.logging.manager=org.apache.juli.ClassLoaderLogManager
06-Sep-2026 00:17:35.326 INFO [main] org.apache.catalina.startup.VersionLoggerListener.log Command line argument: -Djdk.tls.ephemeralDHKeySize=2048
06-Sep-2026 00:17:35.327 INFO [main] org.apache.catalina.startup.VersionLoggerListener.log Command line argument: -Djava.protocol.handler.pkgs=org.apache.catalina.webresources
06-Sep-2026 00:17:35.329 INFO [main] org.apache.catalina.startup.VersionLoggerListener.log Command line argument: -Dsun.io.useCanonCaches=false
06-Sep-2026 00:17:35.330 INFO [main] org.apache.catalina.startup.VersionLoggerListener.log Command line argument: --add-opens=java.base/java.lang=ALL-UNNAMED
06-Sep-2026 00:17:35.332 INFO [main] org.apache.catalina.startup.VersionLoggerListener.log Command line argument: --add-opens=java.base/java.lang.reflect=ALL-UNNAMED
06-Sep-2026 00:17:35.333 INFO [main] org.apache.catalina.startup.VersionLoggerListener.log Command line argument: --add-opens=java.base/java.io=ALL-UNNAMED
06-Sep-2026 00:17:35.333 INFO [main] org.apache.catalina.startup.VersionLoggerListener.log Command line argument: --add-opens=java.base/java.util=ALL-UNNAMED
06-Sep-2026 00:17:35.333 INFO [main] org.apache.catalina.startup.VersionLoggerListener.log Command line argument: --add-opens=java.base/java.util.concurrent=ALL-UNNAMED
06-Sep-2026 00:17:35.334 INFO [main] org.apache.catalina.startup.VersionLoggerListener.log Command line argument: --add-opens=java.rmi/sun.rmi.transport=ALL-UNNAMED
06-Sep-2026 00:17:35.334 INFO [main] org.apache.catalina.startup.VersionLoggerListener.log Command line argument: -Dcatalina.base=D:\web\apache-tomcat-10.1.44\apache-tomcat-10.1.44
06-Sep-2026 00:17:35.336 INFO [main] org.apache.catalina.startup.VersionLoggerListener.log Command line argument: -Dcatalina.home=D:\web\apache-tomcat-10.1.44\apache-tomcat-10.1.44
06-Sep-2026 00:17:35.336 INFO [main] org.apache.catalina.startup.VersionLoggerListener.log Command line argument: -Djava.io.tmpdir=D:\web\apache-tomcat-10.1.44\apache-tomcat-10.1.44\temp
06-Sep-2026 00:17:35.344 INFO [main] org.apache.catalina.core.AprLifecycleListener.lifecycleEvent The Apache Tomcat Native library which allows using OpenSSL was not found on the java.library.path: [C:\Program Files\Java\jdk-21\bin;C:\Windows\Sun\Java\bin;C:\Windows\system32;C:\Windows;C:\Users\ADMIN\bin;C:\Program Files\Git\mingw64\bin;C:\Program Files\Git\usr\local\bin;C:\Program Files\Git\usr\bin;C:\Program Files\Git\usr\bin;C:\Program Files\Git\mingw64\bin;C:\Program Files\Git\usr\bin;C:\Users\ADMIN\bin;C:\Program Files\Common Files\Oracle\Java\javapath;C:\Program Files (x86)\VMware\VMware Workstation\bin;C:\Windows\system32;C:\Windows;C:\Windows\System32\Wbem;C:\Windows\System32\WindowsPowerShell\v1.0;C:\Windows\System32\OpenSSH;C:\Program Files (x86)\NVIDIA Corporation\PhysX\Common;C:\Program Files\NVIDIA Corporation\NVIDIA NvDLISR;C:\Windows\system32;C:\Windows;C:\Windows\System32\Wbem;C:\Windows\System32\WindowsPowerShell\v1.0;C:\Windows\System32\OpenSSH;C:\Program Files\dotnet;;.]
06-Sep-2026 00:17:35.781 INFO [main] org.apache.coyote.AbstractProtocol.init Initializing ProtocolHandler ["http-nio-8080"]
06-Sep-2026 00:17:35.812 INFO [main] org.apache.catalina.startup.Catalina.load Server initialization in [850] milliseconds
06-Sep-2026 00:17:35.929 INFO [main] org.apache.catalina.core.StandardService.startInternal Starting service [Catalina]
06-Sep-2026 00:17:35.929 INFO [main] org.apache.catalina.core.StandardEngine.startInternal Starting Servlet engine: [Apache Tomcat/10.1.44]
06-Sep-2026 00:17:35.966 INFO [main] org.apache.catalina.startup.HostConfig.deployWAR Deploying web application archive [D:\web\apache-tomcat-10.1.44\apache-tomcat-10.1.44\webapps\jpa02.war]
06-Sep-2026 00:17:44.144 INFO [main] org.apache.jasper.servlet.TldScanner.scanJars At least one JAR was scanned for TLDs yet contained no TLDs. Enable debug logging for this logger for a complete list of JARs that were scanned but no TLDs were found in them. Skipping unneeded JARs during scanning can improve startup time and JSP compilation time.
06-Sep-2026 00:17:44.438 INFO [main] org.sitemesh.config.ConfigurableSiteMeshFilter.init SiteMesh 3.2.1 initialized with filter name 'sitemesh'
06-Sep-2026 00:17:44.497 INFO [main] org.apache.catalina.startup.HostConfig.deployWAR Deployment of web application archive [D:\web\apache-tomcat-10.1.44\apache-tomcat-10.1.44\webapps\jpa02.war] has finished in [8,529] ms
06-Sep-2026 00:17:44.499 INFO [main] org.apache.catalina.startup.HostConfig.deployDirectory Deploying web application directory [D:\web\apache-tomcat-10.1.44\apache-tomcat-10.1.44\webapps\docs]
06-Sep-2026 00:17:44.577 INFO [main] org.apache.catalina.startup.HostConfig.deployDirectory Deployment of web application directory [D:\web\apache-tomcat-10.1.44\apache-tomcat-10.1.44\webapps\docs] has finished in [77] ms
06-Sep-2026 00:17:44.577 INFO [main] org.apache.catalina.startup.HostConfig.deployDirectory Deploying web application directory [D:\web\apache-tomcat-10.1.44\apache-tomcat-10.1.44\webapps\examples]
06-Sep-2026 00:17:45.715 INFO [main] org.apache.catalina.startup.HostConfig.deployDirectory Deployment of web application directory [D:\web\apache-tomcat-10.1.44\apache-tomcat-10.1.44\webapps\examples] has finished in [1,137] ms
06-Sep-2026 00:17:45.715 INFO [main] org.apache.catalina.startup.HostConfig.deployDirectory Deploying web application directory [D:\web\apache-tomcat-10.1.44\apache-tomcat-10.1.44\webapps\host-manager]
06-Sep-2026 00:17:45.778 INFO [main] org.apache.catalina.startup.HostConfig.deployDirectory Deployment of web application directory [D:\web\apache-tomcat-10.1.44\apache-tomcat-10.1.44\webapps\host-manager] has finished in [62] ms
06-Sep-2026 00:17:45.778 INFO [main] org.apache.catalina.startup.HostConfig.deployDirectory Deploying web application directory [D:\web\apache-tomcat-10.1.44\apache-tomcat-10.1.44\webapps\manager]
06-Sep-2026 00:17:45.819 INFO [main] org.apache.catalina.startup.HostConfig.deployDirectory Deployment of web application directory [D:\web\apache-tomcat-10.1.44\apache-tomcat-10.1.44\webapps\manager] has finished in [41] ms
06-Sep-2026 00:17:45.820 INFO [main] org.apache.catalina.startup.HostConfig.deployDirectory Deploying web application directory [D:\web\apache-tomcat-10.1.44\apache-tomcat-10.1.44\webapps\ROOT]
06-Sep-2026 00:17:45.847 INFO [main] org.apache.catalina.startup.HostConfig.deployDirectory Deployment of web application directory [D:\web\apache-tomcat-10.1.44\apache-tomcat-10.1.44\webapps\ROOT] has finished in [28] ms
06-Sep-2026 00:17:45.853 INFO [main] org.apache.coyote.AbstractProtocol.start Starting ProtocolHandler ["http-nio-8080"]
06-Sep-2026 00:17:45.898 INFO [main] org.apache.catalina.startup.Catalina.start Server startup in [10079] milliseconds
06-Sep-2026 00:17:46.235 INFO [http-nio-8080-exec-1] org.hibernate.jpa.internal.util.LogHelper.logPersistenceUnitInformation HHH000204: Processing PersistenceUnitInfo [name: jpa-hibernate-mysql]
06-Sep-2026 00:17:46.409 INFO [http-nio-8080-exec-1] org.hibernate.Version.logVersion HHH000412: Hibernate ORM core version 6.4.4.Final
06-Sep-2026 00:17:46.541 INFO [http-nio-8080-exec-1] org.hibernate.cache.internal.RegionFactoryInitiator.initiateService HHH000026: Second-level cache disabled
06-Sep-2026 00:17:46.980 WARN [http-nio-8080-exec-1] org.hibernate.engine.jdbc.connections.internal.DriverManagerConnectionProviderImpl.configure HHH10001002: Using built-in connection pool (not intended for production use)
06-Sep-2026 00:17:46.987 INFO [http-nio-8080-exec-1] org.hibernate.engine.jdbc.connections.internal.DriverManagerConnectionProviderImpl.buildCreator HHH10001005: Loaded JDBC driver class: com.mysql.cj.jdbc.Driver
06-Sep-2026 00:17:46.987 INFO [http-nio-8080-exec-1] org.hibernate.engine.jdbc.connections.internal.DriverManagerConnectionProviderImpl.buildCreator HHH10001012: Connecting with JDBC URL [jdbc:mysql://localhost:3306/webst2?useSSL=false&allowPublicKeyRetrieval=true&serverTimezone=UTC]
06-Sep-2026 00:17:46.988 INFO [http-nio-8080-exec-1] org.hibernate.engine.jdbc.connections.internal.DriverManagerConnectionProviderImpl.buildCreator HHH10001001: Connection properties: {password=****, user=root}
06-Sep-2026 00:17:46.988 INFO [http-nio-8080-exec-1] org.hibernate.engine.jdbc.connections.internal.DriverManagerConnectionProviderImpl.buildCreator HHH10001003: Autocommit mode: false
06-Sep-2026 00:17:46.997 INFO [http-nio-8080-exec-1] org.hibernate.engine.jdbc.connections.internal.DriverManagerConnectionProviderImpl$PooledConnections.<init> HHH10001115: Connection pool size: 20 (min=1)
06-Sep-2026 00:17:47.474 WARN [http-nio-8080-exec-1] org.hibernate.engine.jdbc.dialect.internal.DialectFactoryImpl.constructDialect HHH90000025: MySQLDialect does not need to be specified explicitly using 'hibernate.dialect' (remove the property setting and it will be selected by default)
06-Sep-2026 00:17:48.507 INFO [http-nio-8080-exec-1] org.hibernate.validator.internal.util.Version.<clinit> HV000001: Hibernate Validator 8.0.1.Final
06-Sep-2026 00:17:50.175 INFO [http-nio-8080-exec-1] org.hibernate.engine.transaction.jta.platform.internal.JtaPlatformInitiator.initiateService HHH000489: No JTA platform available (set 'hibernate.transaction.jta.platform' to enable JTA platform integration)
06-Sep-2026 00:17:50.735 INFO [http-nio-8080-exec-1] org.hibernate.resource.transaction.backend.jdbc.internal.DdlTransactionIsolatorNonJtaImpl.getIsolatedConnection HHH10001501: Connection obtained from JdbcConnectionAccess [org.hibernate.engine.jdbc.env.internal.JdbcEnvironmentInitiator$ConnectionProviderJdbcConnectionAccess@1d4d5c90] for (non-JTA) DDL execution was not in auto-commit mode; the Connection 'local transaction' will be committed and the Connection will be set into auto-commit mode.
06-Sep-2026 00:18:01.493 INFO [http-nio-8080-exec-2] org.hibernate.jpa.internal.util.LogHelper.logPersistenceUnitInformation HHH000204: Processing PersistenceUnitInfo [name: jpa-hibernate-mysql]
06-Sep-2026 00:18:01.515 INFO [http-nio-8080-exec-2] org.hibernate.cache.internal.RegionFactoryInitiator.initiateService HHH000026: Second-level cache disabled
06-Sep-2026 00:18:01.601 INFO [http-nio-8080-exec-6] org.hibernate.jpa.internal.util.LogHelper.logPersistenceUnitInformation HHH000204: Processing PersistenceUnitInfo [name: jpa-hibernate-mysql]
06-Sep-2026 00:18:01.612 INFO [http-nio-8080-exec-6] org.hibernate.cache.internal.RegionFactoryInitiator.initiateService HHH000026: Second-level cache disabled
06-Sep-2026 00:18:01.654 WARN [http-nio-8080-exec-2] org.hibernate.engine.jdbc.connections.internal.DriverManagerConnectionProviderImpl.configure HHH10001002: Using built-in connection pool (not intended for production use)
06-Sep-2026 00:18:01.655 INFO [http-nio-8080-exec-2] org.hibernate.engine.jdbc.connections.internal.DriverManagerConnectionProviderImpl.buildCreator HHH10001005: Loaded JDBC driver class: com.mysql.cj.jdbc.Driver
06-Sep-2026 00:18:01.655 INFO [http-nio-8080-exec-2] org.hibernate.engine.jdbc.connections.internal.DriverManagerConnectionProviderImpl.buildCreator HHH10001012: Connecting with JDBC URL [jdbc:mysql://localhost:3306/webst2?useSSL=false&allowPublicKeyRetrieval=true&serverTimezone=UTC]
06-Sep-2026 00:18:01.656 INFO [http-nio-8080-exec-2] org.hibernate.engine.jdbc.connections.internal.DriverManagerConnectionProviderImpl.buildCreator HHH10001001: Connection properties: {password=****, user=root}
06-Sep-2026 00:18:01.656 INFO [http-nio-8080-exec-2] org.hibernate.engine.jdbc.connections.internal.DriverManagerConnectionProviderImpl.buildCreator HHH10001003: Autocommit mode: false
06-Sep-2026 00:18:01.658 INFO [http-nio-8080-exec-2] org.hibernate.engine.jdbc.connections.internal.DriverManagerConnectionProviderImpl$PooledConnections.<init> HHH10001115: Connection pool size: 20 (min=1)
06-Sep-2026 00:18:01.672 WARN [http-nio-8080-exec-6] org.hibernate.engine.jdbc.connections.internal.DriverManagerConnectionProviderImpl.configure HHH10001002: Using built-in connection pool (not intended for production use)
06-Sep-2026 00:18:01.672 INFO [http-nio-8080-exec-6] org.hibernate.engine.jdbc.connections.internal.DriverManagerConnectionProviderImpl.buildCreator HHH10001005: Loaded JDBC driver class: com.mysql.cj.jdbc.Driver
06-Sep-2026 00:18:01.673 INFO [http-nio-8080-exec-6] org.hibernate.engine.jdbc.connections.internal.DriverManagerConnectionProviderImpl.buildCreator HHH10001012: Connecting with JDBC URL [jdbc:mysql://localhost:3306/webst2?useSSL=false&allowPublicKeyRetrieval=true&serverTimezone=UTC]
06-Sep-2026 00:18:01.674 INFO [http-nio-8080-exec-6] org.hibernate.engine.jdbc.connections.internal.DriverManagerConnectionProviderImpl.buildCreator HHH10001001: Connection properties: {password=****, user=root}
06-Sep-2026 00:18:01.674 INFO [http-nio-8080-exec-6] org.hibernate.engine.jdbc.connections.internal.DriverManagerConnectionProviderImpl.buildCreator HHH10001003: Autocommit mode: false
06-Sep-2026 00:18:01.675 INFO [http-nio-8080-exec-6] org.hibernate.engine.jdbc.connections.internal.DriverManagerConnectionProviderImpl$PooledConnections.<init> HHH10001115: Connection pool size: 20 (min=1)
06-Sep-2026 00:18:01.680 WARN [http-nio-8080-exec-2] org.hibernate.engine.jdbc.dialect.internal.DialectFactoryImpl.constructDialect HHH90000025: MySQLDialect does not need to be specified explicitly using 'hibernate.dialect' (remove the property setting and it will be selected by default)
06-Sep-2026 00:18:01.694 WARN [http-nio-8080-exec-6] org.hibernate.engine.jdbc.dialect.internal.DialectFactoryImpl.constructDialect HHH90000025: MySQLDialect does not need to be specified explicitly using 'hibernate.dialect' (remove the property setting and it will be selected by default)
06-Sep-2026 00:18:02.031 INFO [http-nio-8080-exec-6] org.hibernate.engine.transaction.jta.platform.internal.JtaPlatformInitiator.initiateService HHH000489: No JTA platform available (set 'hibernate.transaction.jta.platform' to enable JTA platform integration)
06-Sep-2026 00:18:02.032 INFO [http-nio-8080-exec-2] org.hibernate.engine.transaction.jta.platform.internal.JtaPlatformInitiator.initiateService HHH000489: No JTA platform available (set 'hibernate.transaction.jta.platform' to enable JTA platform integration)
06-Sep-2026 00:18:02.036 INFO [http-nio-8080-exec-6] org.hibernate.resource.transaction.backend.jdbc.internal.DdlTransactionIsolatorNonJtaImpl.getIsolatedConnection HHH10001501: Connection obtained from JdbcConnectionAccess [org.hibernate.engine.jdbc.env.internal.JdbcEnvironmentInitiator$ConnectionProviderJdbcConnectionAccess@787e4470] for (non-JTA) DDL execution was not in auto-commit mode; the Connection 'local transaction' will be committed and the Connection will be set into auto-commit mode.
06-Sep-2026 00:18:02.036 INFO [http-nio-8080-exec-2] org.hibernate.resource.transaction.backend.jdbc.internal.DdlTransactionIsolatorNonJtaImpl.getIsolatedConnection HHH10001501: Connection obtained from JdbcConnectionAccess [org.hibernate.engine.jdbc.env.internal.JdbcEnvironmentInitiator$ConnectionProviderJdbcConnectionAccess@4280cf00] for (non-JTA) DDL execution was not in auto-commit mode; the Connection 'local transaction' will be committed and the Connection will be set into auto-commit mode.
06-Sep-2026 00:18:02.253 INFO [http-nio-8080-exec-2] org.hibernate.jpa.internal.util.LogHelper.logPersistenceUnitInformation HHH000204: Processing PersistenceUnitInfo [name: jpa-hibernate-mysql]
06-Sep-2026 00:18:02.259 INFO [http-nio-8080-exec-2] org.hibernate.cache.internal.RegionFactoryInitiator.initiateService HHH000026: Second-level cache disabled
06-Sep-2026 00:18:02.318 WARN [http-nio-8080-exec-2] org.hibernate.engine.jdbc.connections.internal.DriverManagerConnectionProviderImpl.configure HHH10001002: Using built-in connection pool (not intended for production use)
06-Sep-2026 00:18:02.319 INFO [http-nio-8080-exec-2] org.hibernate.engine.jdbc.connections.internal.DriverManagerConnectionProviderImpl.buildCreator HHH10001005: Loaded JDBC driver class: com.mysql.cj.jdbc.Driver
06-Sep-2026 00:18:02.320 INFO [http-nio-8080-exec-2] org.hibernate.engine.jdbc.connections.internal.DriverManagerConnectionProviderImpl.buildCreator HHH10001012: Connecting with JDBC URL [jdbc:mysql://localhost:3306/webst2?useSSL=false&allowPublicKeyRetrieval=true&serverTimezone=UTC]
06-Sep-2026 00:18:02.321 INFO [http-nio-8080-exec-2] org.hibernate.engine.jdbc.connections.internal.DriverManagerConnectionProviderImpl.buildCreator HHH10001001: Connection properties: {password=****, user=root}
06-Sep-2026 00:18:02.321 INFO [http-nio-8080-exec-2] org.hibernate.engine.jdbc.connections.internal.DriverManagerConnectionProviderImpl.buildCreator HHH10001003: Autocommit mode: false
06-Sep-2026 00:18:02.322 INFO [http-nio-8080-exec-2] org.hibernate.engine.jdbc.connections.internal.DriverManagerConnectionProviderImpl$PooledConnections.<init> HHH10001115: Connection pool size: 20 (min=1)
06-Sep-2026 00:18:02.339 WARN [http-nio-8080-exec-2] org.hibernate.engine.jdbc.dialect.internal.DialectFactoryImpl.constructDialect HHH90000025: MySQLDialect does not need to be specified explicitly using 'hibernate.dialect' (remove the property setting and it will be selected by default)
06-Sep-2026 00:18:02.604 INFO [http-nio-8080-exec-2] org.hibernate.engine.transaction.jta.platform.internal.JtaPlatformInitiator.initiateService HHH000489: No JTA platform available (set 'hibernate.transaction.jta.platform' to enable JTA platform integration)
06-Sep-2026 00:18:02.609 INFO [http-nio-8080-exec-2] org.hibernate.resource.transaction.backend.jdbc.internal.DdlTransactionIsolatorNonJtaImpl.getIsolatedConnection HHH10001501: Connection obtained from JdbcConnectionAccess [org.hibernate.engine.jdbc.env.internal.JdbcEnvironmentInitiator$ConnectionProviderJdbcConnectionAccess@11f08ce5] for (non-JTA) DDL execution was not in auto-commit mode; the Connection 'local transaction' will be committed and the Connection will be set into auto-commit mode.
06-Sep-2026 00:18:02.792 INFO [http-nio-8080-exec-8] org.hibernate.jpa.internal.util.LogHelper.logPersistenceUnitInformation HHH000204: Processing PersistenceUnitInfo [name: jpa-hibernate-mysql]
06-Sep-2026 00:18:02.798 INFO [http-nio-8080-exec-8] org.hibernate.cache.internal.RegionFactoryInitiator.initiateService HHH000026: Second-level cache disabled
06-Sep-2026 00:18:02.858 WARN [http-nio-8080-exec-8] org.hibernate.engine.jdbc.connections.internal.DriverManagerConnectionProviderImpl.configure HHH10001002: Using built-in connection pool (not intended for production use)
06-Sep-2026 00:18:02.859 INFO [http-nio-8080-exec-8] org.hibernate.engine.jdbc.connections.internal.DriverManagerConnectionProviderImpl.buildCreator HHH10001005: Loaded JDBC driver class: com.mysql.cj.jdbc.Driver
06-Sep-2026 00:18:02.860 INFO [http-nio-8080-exec-8] org.hibernate.engine.jdbc.connections.internal.DriverManagerConnectionProviderImpl.buildCreator HHH10001012: Connecting with JDBC URL [jdbc:mysql://localhost:3306/webst2?useSSL=false&allowPublicKeyRetrieval=true&serverTimezone=UTC]
06-Sep-2026 00:18:02.861 INFO [http-nio-8080-exec-8] org.hibernate.engine.jdbc.connections.internal.DriverManagerConnectionProviderImpl.buildCreator HHH10001001: Connection properties: {password=****, user=root}
06-Sep-2026 00:18:02.862 INFO [http-nio-8080-exec-8] org.hibernate.engine.jdbc.connections.internal.DriverManagerConnectionProviderImpl.buildCreator HHH10001003: Autocommit mode: false
06-Sep-2026 00:18:02.863 INFO [http-nio-8080-exec-8] org.hibernate.engine.jdbc.connections.internal.DriverManagerConnectionProviderImpl$PooledConnections.<init> HHH10001115: Connection pool size: 20 (min=1)
06-Sep-2026 00:18:02.880 WARN [http-nio-8080-exec-8] org.hibernate.engine.jdbc.dialect.internal.DialectFactoryImpl.constructDialect HHH90000025: MySQLDialect does not need to be specified explicitly using 'hibernate.dialect' (remove the property setting and it will be selected by default)
06-Sep-2026 00:18:03.108 INFO [http-nio-8080-exec-8] org.hibernate.engine.transaction.jta.platform.internal.JtaPlatformInitiator.initiateService HHH000489: No JTA platform available (set 'hibernate.transaction.jta.platform' to enable JTA platform integration)
06-Sep-2026 00:18:03.113 INFO [http-nio-8080-exec-8] org.hibernate.resource.transaction.backend.jdbc.internal.DdlTransactionIsolatorNonJtaImpl.getIsolatedConnection HHH10001501: Connection obtained from JdbcConnectionAccess [org.hibernate.engine.jdbc.env.internal.JdbcEnvironmentInitiator$ConnectionProviderJdbcConnectionAccess@f3f0f82] for (non-JTA) DDL execution was not in auto-commit mode; the Connection 'local transaction' will be committed and the Connection will be set into auto-commit mode.
06-Sep-2026 00:18:03.658 SEVERE [http-nio-8080-exec-8] org.sitemesh.webapp.WebAppContext.decorate Error 404 processing decorator '/WEB-INF/decorators//WEB-INF/decorators/web.jsp'
06-Sep-2026 00:18:04.065 SEVERE [http-nio-8080-exec-5] org.sitemesh.webapp.WebAppContext.decorate Error 404 processing decorator '/WEB-INF/decorators//WEB-INF/decorators/web.jsp'
06-Sep-2026 00:18:12.368 SEVERE [http-nio-8080-exec-7] org.sitemesh.webapp.WebAppContext.decorate Error 404 processing decorator '/WEB-INF/decorators//WEB-INF/decorators/web.jsp'
06-Sep-2026 00:18:12.490 INFO [http-nio-8080-exec-10] org.hibernate.jpa.internal.util.LogHelper.logPersistenceUnitInformation HHH000204: Processing PersistenceUnitInfo [name: jpa-hibernate-mysql]
06-Sep-2026 00:18:12.497 INFO [http-nio-8080-exec-10] org.hibernate.cache.internal.RegionFactoryInitiator.initiateService HHH000026: Second-level cache disabled
06-Sep-2026 00:18:12.563 WARN [http-nio-8080-exec-10] org.hibernate.engine.jdbc.connections.internal.DriverManagerConnectionProviderImpl.configure HHH10001002: Using built-in connection pool (not intended for production use)
06-Sep-2026 00:18:12.563 INFO [http-nio-8080-exec-10] org.hibernate.engine.jdbc.connections.internal.DriverManagerConnectionProviderImpl.buildCreator HHH10001005: Loaded JDBC driver class: com.mysql.cj.jdbc.Driver
06-Sep-2026 00:18:12.564 INFO [http-nio-8080-exec-10] org.hibernate.engine.jdbc.connections.internal.DriverManagerConnectionProviderImpl.buildCreator HHH10001012: Connecting with JDBC URL [jdbc:mysql://localhost:3306/webst2?useSSL=false&allowPublicKeyRetrieval=true&serverTimezone=UTC]
06-Sep-2026 00:18:12.564 INFO [http-nio-8080-exec-10] org.hibernate.engine.jdbc.connections.internal.DriverManagerConnectionProviderImpl.buildCreator HHH10001001: Connection properties: {password=****, user=root}
06-Sep-2026 00:18:12.564 INFO [http-nio-8080-exec-10] org.hibernate.engine.jdbc.connections.internal.DriverManagerConnectionProviderImpl.buildCreator HHH10001003: Autocommit mode: false
06-Sep-2026 00:18:12.566 INFO [http-nio-8080-exec-10] org.hibernate.engine.jdbc.connections.internal.DriverManagerConnectionProviderImpl$PooledConnections.<init> HHH10001115: Connection pool size: 20 (min=1)
06-Sep-2026 00:18:12.579 WARN [http-nio-8080-exec-10] org.hibernate.engine.jdbc.dialect.internal.DialectFactoryImpl.constructDialect HHH90000025: MySQLDialect does not need to be specified explicitly using 'hibernate.dialect' (remove the property setting and it will be selected by default)
06-Sep-2026 00:18:12.859 INFO [http-nio-8080-exec-10] org.hibernate.engine.transaction.jta.platform.internal.JtaPlatformInitiator.initiateService HHH000489: No JTA platform available (set 'hibernate.transaction.jta.platform' to enable JTA platform integration)
06-Sep-2026 00:18:12.863 INFO [http-nio-8080-exec-10] org.hibernate.resource.transaction.backend.jdbc.internal.DdlTransactionIsolatorNonJtaImpl.getIsolatedConnection HHH10001501: Connection obtained from JdbcConnectionAccess [org.hibernate.engine.jdbc.env.internal.JdbcEnvironmentInitiator$ConnectionProviderJdbcConnectionAccess@557dc25c] for (non-JTA) DDL execution was not in auto-commit mode; the Connection 'local transaction' will be committed and the Connection will be set into auto-commit mode.
06-Sep-2026 00:18:12.941 SEVERE [http-nio-8080-exec-10] org.sitemesh.webapp.WebAppContext.decorate Error 404 processing decorator '/WEB-INF/decorators//WEB-INF/decorators/web.jsp'
06-Sep-2026 00:20:38.235 INFO [main] org.apache.catalina.core.StandardServer.await A valid shutdown command was received via the shutdown port. Stopping the Server instance.
06-Sep-2026 00:20:38.236 INFO [main] org.apache.coyote.AbstractProtocol.pause Pausing ProtocolHandler ["http-nio-8080"]
06-Sep-2026 00:20:38.261 INFO [main] org.apache.catalina.core.StandardService.stopInternal Stopping service [Catalina]
06-Sep-2026 00:20:38.300 WARNING [main] org.apache.catalina.loader.WebappClassLoaderBase.clearReferencesJdbc The web application [jpa02] registered the JDBC driver [com.mysql.cj.jdbc.Driver] but failed to unregister it when the web application was stopped. To prevent a memory leak, the JDBC Driver has been forcibly unregistered.
06-Sep-2026 00:20:38.301 WARNING [main] org.apache.catalina.loader.WebappClassLoaderBase.clearReferencesThreads The web application [jpa02] appears to have started a thread named [mysql-cj-abandoned-connection-cleanup] but has failed to stop it. This is very likely to create a memory leak. Stack trace of thread:
 java.base/jdk.internal.misc.Unsafe.park(Native Method)
 java.base/java.util.concurrent.locks.LockSupport.parkNanos(LockSupport.java:269)
 java.base/java.util.concurrent.locks.AbstractQueuedSynchronizer$ConditionObject.await(AbstractQueuedSynchronizer.java:1847)
 java.base/java.lang.ref.ReferenceQueue.await(ReferenceQueue.java:71)
 java.base/java.lang.ref.ReferenceQueue.remove0(ReferenceQueue.java:143)
 java.base/java.lang.ref.ReferenceQueue.remove(ReferenceQueue.java:218)
 com.mysql.cj.jdbc.AbandonedConnectionCleanupThread.run(AbandonedConnectionCleanupThread.java:93)
 java.base/java.util.concurrent.ThreadPoolExecutor.runWorker(ThreadPoolExecutor.java:1144)
 java.base/java.util.concurrent.ThreadPoolExecutor$Worker.run(ThreadPoolExecutor.java:642)
 java.base/java.lang.Thread.run(Thread.java:1583)
06-Sep-2026 00:20:38.302 WARNING [main] org.apache.catalina.loader.WebappClassLoaderBase.clearReferencesThreads The web application [jpa02] appears to have started a thread named [Hibernate Connection Pool Validation Thread] but has failed to stop it. This is very likely to create a memory leak. Stack trace of thread:
 java.base/jdk.internal.misc.Unsafe.park(Native Method)
 java.base/java.util.concurrent.locks.LockSupport.parkNanos(LockSupport.java:269)
 java.base/java.util.concurrent.locks.AbstractQueuedSynchronizer$ConditionObject.awaitNanos(AbstractQueuedSynchronizer.java:1758)
 java.base/java.util.concurrent.ScheduledThreadPoolExecutor$DelayedWorkQueue.take(ScheduledThreadPoolExecutor.java:1182)
 java.base/java.util.concurrent.ScheduledThreadPoolExecutor$DelayedWorkQueue.take(ScheduledThreadPoolExecutor.java:899)
 java.base/java.util.concurrent.ThreadPoolExecutor.getTask(ThreadPoolExecutor.java:1070)
 java.base/java.util.concurrent.ThreadPoolExecutor.runWorker(ThreadPoolExecutor.java:1130)
 java.base/java.util.concurrent.ThreadPoolExecutor$Worker.run(ThreadPoolExecutor.java:642)
 java.base/java.lang.Thread.run(Thread.java:1583)
06-Sep-2026 00:20:38.303 WARNING [main] org.apache.catalina.loader.WebappClassLoaderBase.clearReferencesThreads The web application [jpa02] appears to have started a thread named [Hibernate Connection Pool Validation Thread] but has failed to stop it. This is very likely to create a memory leak. Stack trace of thread:
 java.base/jdk.internal.misc.Unsafe.park(Native Method)
 java.base/java.util.concurrent.locks.LockSupport.parkNanos(LockSupport.java:269)
 java.base/java.util.concurrent.locks.AbstractQueuedSynchronizer$ConditionObject.awaitNanos(AbstractQueuedSynchronizer.java:1758)
 java.base/java.util.concurrent.ScheduledThreadPoolExecutor$DelayedWorkQueue.take(ScheduledThreadPoolExecutor.java:1182)
 java.base/java.util.concurrent.ScheduledThreadPoolExecutor$DelayedWorkQueue.take(ScheduledThreadPoolExecutor.java:899)
 java.base/java.util.concurrent.ThreadPoolExecutor.getTask(ThreadPoolExecutor.java:1070)
 java.base/java.util.concurrent.ThreadPoolExecutor.runWorker(ThreadPoolExecutor.java:1130)
 java.base/java.util.concurrent.ThreadPoolExecutor$Worker.run(ThreadPoolExecutor.java:642)
 java.base/java.lang.Thread.run(Thread.java:1583)
06-Sep-2026 00:20:38.303 WARNING [main] org.apache.catalina.loader.WebappClassLoaderBase.clearReferencesThreads The web application [jpa02] appears to have started a thread named [Hibernate Connection Pool Validation Thread] but has failed to stop it. This is very likely to create a memory leak. Stack trace of thread:
 java.base/jdk.internal.misc.Unsafe.park(Native Method)
 java.base/java.util.concurrent.locks.LockSupport.parkNanos(LockSupport.java:269)
 java.base/java.util.concurrent.locks.AbstractQueuedSynchronizer$ConditionObject.awaitNanos(AbstractQueuedSynchronizer.java:1758)
 java.base/java.util.concurrent.ScheduledThreadPoolExecutor$DelayedWorkQueue.take(ScheduledThreadPoolExecutor.java:1182)
 java.base/java.util.concurrent.ScheduledThreadPoolExecutor$DelayedWorkQueue.take(ScheduledThreadPoolExecutor.java:899)
 java.base/java.util.concurrent.ThreadPoolExecutor.getTask(ThreadPoolExecutor.java:1070)
 java.base/java.util.concurrent.ThreadPoolExecutor.runWorker(ThreadPoolExecutor.java:1130)
 java.base/java.util.concurrent.ThreadPoolExecutor$Worker.run(ThreadPoolExecutor.java:642)
 java.base/java.lang.Thread.run(Thread.java:1583)
06-Sep-2026 00:20:38.304 WARNING [main] org.apache.catalina.loader.WebappClassLoaderBase.clearReferencesThreads The web application [jpa02] appears to have started a thread named [Hibernate Connection Pool Validation Thread] but has failed to stop it. This is very likely to create a memory leak. Stack trace of thread:
 java.base/jdk.internal.misc.Unsafe.park(Native Method)
 java.base/java.util.concurrent.locks.LockSupport.parkNanos(LockSupport.java:269)
 java.base/java.util.concurrent.locks.AbstractQueuedSynchronizer$ConditionObject.awaitNanos(AbstractQueuedSynchronizer.java:1758)
 java.base/java.util.concurrent.ScheduledThreadPoolExecutor$DelayedWorkQueue.take(ScheduledThreadPoolExecutor.java:1182)
 java.base/java.util.concurrent.ScheduledThreadPoolExecutor$DelayedWorkQueue.take(ScheduledThreadPoolExecutor.java:899)
 java.base/java.util.concurrent.ThreadPoolExecutor.getTask(ThreadPoolExecutor.java:1070)
 java.base/java.util.concurrent.ThreadPoolExecutor.runWorker(ThreadPoolExecutor.java:1130)
 java.base/java.util.concurrent.ThreadPoolExecutor$Worker.run(ThreadPoolExecutor.java:642)
 java.base/java.lang.Thread.run(Thread.java:1583)
06-Sep-2026 00:20:38.304 WARNING [main] org.apache.catalina.loader.WebappClassLoaderBase.clearReferencesThreads The web application [jpa02] appears to have started a thread named [Hibernate Connection Pool Validation Thread] but has failed to stop it. This is very likely to create a memory leak. Stack trace of thread:
 java.base/jdk.internal.misc.Unsafe.park(Native Method)
 java.base/java.util.concurrent.locks.LockSupport.parkNanos(LockSupport.java:269)
 java.base/java.util.concurrent.locks.AbstractQueuedSynchronizer$ConditionObject.awaitNanos(AbstractQueuedSynchronizer.java:1758)
 java.base/java.util.concurrent.ScheduledThreadPoolExecutor$DelayedWorkQueue.take(ScheduledThreadPoolExecutor.java:1182)
 java.base/java.util.concurrent.ScheduledThreadPoolExecutor$DelayedWorkQueue.take(ScheduledThreadPoolExecutor.java:899)
 java.base/java.util.concurrent.ThreadPoolExecutor.getTask(ThreadPoolExecutor.java:1070)
 java.base/java.util.concurrent.ThreadPoolExecutor.runWorker(ThreadPoolExecutor.java:1130)
 java.base/java.util.concurrent.ThreadPoolExecutor$Worker.run(ThreadPoolExecutor.java:642)
 java.base/java.lang.Thread.run(Thread.java:1583)
06-Sep-2026 00:20:38.306 WARNING [main] org.apache.catalina.loader.WebappClassLoaderBase.clearReferencesThreads The web application [jpa02] appears to have started a thread named [Hibernate Connection Pool Validation Thread] but has failed to stop it. This is very likely to create a memory leak. Stack trace of thread:
 java.base/jdk.internal.misc.Unsafe.park(Native Method)
 java.base/java.util.concurrent.locks.LockSupport.parkNanos(LockSupport.java:269)
 java.base/java.util.concurrent.locks.AbstractQueuedSynchronizer$ConditionObject.awaitNanos(AbstractQueuedSynchronizer.java:1758)
 java.base/java.util.concurrent.ScheduledThreadPoolExecutor$DelayedWorkQueue.take(ScheduledThreadPoolExecutor.java:1182)
 java.base/java.util.concurrent.ScheduledThreadPoolExecutor$DelayedWorkQueue.take(ScheduledThreadPoolExecutor.java:899)
 java.base/java.util.concurrent.ThreadPoolExecutor.getTask(ThreadPoolExecutor.java:1070)
 java.base/java.util.concurrent.ThreadPoolExecutor.runWorker(ThreadPoolExecutor.java:1130)
 java.base/java.util.concurrent.ThreadPoolExecutor$Worker.run(ThreadPoolExecutor.java:642)
 java.base/java.lang.Thread.run(Thread.java:1583)
06-Sep-2026 00:20:38.349 INFO [main] org.apache.coyote.AbstractProtocol.stop Stopping ProtocolHandler ["http-nio-8080"]
06-Sep-2026 00:20:38.364 INFO [main] org.apache.coyote.AbstractProtocol.destroy Destroying ProtocolHandler ["http-nio-8080"]
06-Sep-2026 00:20:42.989 INFO [main] org.apache.catalina.startup.VersionLoggerListener.log Server version name:   Apache Tomcat/10.1.44
06-Sep-2026 00:20:42.995 INFO [main] org.apache.catalina.startup.VersionLoggerListener.log Server built:          Aug 4 2025 13:14:17 UTC
06-Sep-2026 00:20:42.997 INFO [main] org.apache.catalina.startup.VersionLoggerListener.log Server version number: 10.1.44.0
06-Sep-2026 00:20:42.997 INFO [main] org.apache.catalina.startup.VersionLoggerListener.log OS Name:               Windows 11
06-Sep-2026 00:20:42.997 INFO [main] org.apache.catalina.startup.VersionLoggerListener.log OS Version:            10.0
06-Sep-2026 00:20:42.998 INFO [main] org.apache.catalina.startup.VersionLoggerListener.log Architecture:          amd64
06-Sep-2026 00:20:42.999 INFO [main] org.apache.catalina.startup.VersionLoggerListener.log Java Home:             C:\Program Files\Java\jdk-21
06-Sep-2026 00:20:43.000 INFO [main] org.apache.catalina.startup.VersionLoggerListener.log JVM Version:           21.0.2+13-LTS-58
06-Sep-2026 00:20:43.000 INFO [main] org.apache.catalina.startup.VersionLoggerListener.log JVM Vendor:            Oracle Corporation
06-Sep-2026 00:20:43.001 INFO [main] org.apache.catalina.startup.VersionLoggerListener.log CATALINA_BASE:         D:\web\apache-tomcat-10.1.44\apache-tomcat-10.1.44
06-Sep-2026 00:20:43.001 INFO [main] org.apache.catalina.startup.VersionLoggerListener.log CATALINA_HOME:         D:\web\apache-tomcat-10.1.44\apache-tomcat-10.1.44
06-Sep-2026 00:20:43.016 INFO [main] org.apache.catalina.startup.VersionLoggerListener.log Command line argument: -Djava.util.logging.config.file=D:\web\apache-tomcat-10.1.44\apache-tomcat-10.1.44\conf\logging.properties
06-Sep-2026 00:20:43.018 INFO [main] org.apache.catalina.startup.VersionLoggerListener.log Command line argument: -Djava.util.logging.manager=org.apache.juli.ClassLoaderLogManager
06-Sep-2026 00:20:43.018 INFO [main] org.apache.catalina.startup.VersionLoggerListener.log Command line argument: -Djdk.tls.ephemeralDHKeySize=2048
06-Sep-2026 00:20:43.018 INFO [main] org.apache.catalina.startup.VersionLoggerListener.log Command line argument: -Djava.protocol.handler.pkgs=org.apache.catalina.webresources
06-Sep-2026 00:20:43.019 INFO [main] org.apache.catalina.startup.VersionLoggerListener.log Command line argument: -Dsun.io.useCanonCaches=false
06-Sep-2026 00:20:43.019 INFO [main] org.apache.catalina.startup.VersionLoggerListener.log Command line argument: --add-opens=java.base/java.lang=ALL-UNNAMED
06-Sep-2026 00:20:43.019 INFO [main] org.apache.catalina.startup.VersionLoggerListener.log Command line argument: --add-opens=java.base/java.lang.reflect=ALL-UNNAMED
06-Sep-2026 00:20:43.020 INFO [main] org.apache.catalina.startup.VersionLoggerListener.log Command line argument: --add-opens=java.base/java.io=ALL-UNNAMED
06-Sep-2026 00:20:43.020 INFO [main] org.apache.catalina.startup.VersionLoggerListener.log Command line argument: --add-opens=java.base/java.util=ALL-UNNAMED
06-Sep-2026 00:20:43.020 INFO [main] org.apache.catalina.startup.VersionLoggerListener.log Command line argument: --add-opens=java.base/java.util.concurrent=ALL-UNNAMED
06-Sep-2026 00:20:43.021 INFO [main] org.apache.catalina.startup.VersionLoggerListener.log Command line argument: --add-opens=java.rmi/sun.rmi.transport=ALL-UNNAMED
06-Sep-2026 00:20:43.021 INFO [main] org.apache.catalina.startup.VersionLoggerListener.log Command line argument: -Dcatalina.base=D:\web\apache-tomcat-10.1.44\apache-tomcat-10.1.44
06-Sep-2026 00:20:43.021 INFO [main] org.apache.catalina.startup.VersionLoggerListener.log Command line argument: -Dcatalina.home=D:\web\apache-tomcat-10.1.44\apache-tomcat-10.1.44
06-Sep-2026 00:20:43.022 INFO [main] org.apache.catalina.startup.VersionLoggerListener.log Command line argument: -Djava.io.tmpdir=D:\web\apache-tomcat-10.1.44\apache-tomcat-10.1.44\temp
06-Sep-2026 00:20:43.029 INFO [main] org.apache.catalina.core.AprLifecycleListener.lifecycleEvent The Apache Tomcat Native library which allows using OpenSSL was not found on the java.library.path: [C:\Program Files\Java\jdk-21\bin;C:\Windows\Sun\Java\bin;C:\Windows\system32;C:\Windows;C:\Users\ADMIN\bin;C:\Program Files\Git\mingw64\bin;C:\Program Files\Git\usr\local\bin;C:\Program Files\Git\usr\bin;C:\Program Files\Git\usr\bin;C:\Program Files\Git\mingw64\bin;C:\Program Files\Git\usr\bin;C:\Users\ADMIN\bin;C:\Program Files\Common Files\Oracle\Java\javapath;C:\Program Files (x86)\VMware\VMware Workstation\bin;C:\Windows\system32;C:\Windows;C:\Windows\System32\Wbem;C:\Windows\System32\WindowsPowerShell\v1.0;C:\Windows\System32\OpenSSH;C:\Program Files (x86)\NVIDIA Corporation\PhysX\Common;C:\Program Files\NVIDIA Corporation\NVIDIA NvDLISR;C:\Windows\system32;C:\Windows;C:\Windows\System32\Wbem;C:\Windows\System32\WindowsPowerShell\v1.0;C:\Windows\System32\OpenSSH;C:\Program Files\dotnet;;.]
06-Sep-2026 00:20:43.421 INFO [main] org.apache.coyote.AbstractProtocol.init Initializing ProtocolHandler ["http-nio-8080"]
06-Sep-2026 00:20:43.454 INFO [main] org.apache.catalina.startup.Catalina.load Server initialization in [729] milliseconds
06-Sep-2026 00:20:43.583 INFO [main] org.apache.catalina.core.StandardService.startInternal Starting service [Catalina]
06-Sep-2026 00:20:43.585 INFO [main] org.apache.catalina.core.StandardEngine.startInternal Starting Servlet engine: [Apache Tomcat/10.1.44]
06-Sep-2026 00:20:43.629 INFO [main] org.apache.catalina.startup.HostConfig.deployWAR Deploying web application archive [D:\web\apache-tomcat-10.1.44\apache-tomcat-10.1.44\webapps\jpa02.war]
06-Sep-2026 00:20:50.020 INFO [main] org.apache.jasper.servlet.TldScanner.scanJars At least one JAR was scanned for TLDs yet contained no TLDs. Enable debug logging for this logger for a complete list of JARs that were scanned but no TLDs were found in them. Skipping unneeded JARs during scanning can improve startup time and JSP compilation time.
06-Sep-2026 00:20:50.088 INFO [main] org.sitemesh.config.ConfigurableSiteMeshFilter.init SiteMesh 3.2.1 initialized with filter name 'sitemesh'
06-Sep-2026 00:20:50.098 INFO [main] org.apache.catalina.startup.HostConfig.deployWAR Deployment of web application archive [D:\web\apache-tomcat-10.1.44\apache-tomcat-10.1.44\webapps\jpa02.war] has finished in [6,469] ms
06-Sep-2026 00:20:50.099 INFO [main] org.apache.catalina.startup.HostConfig.deployDirectory Deploying web application directory [D:\web\apache-tomcat-10.1.44\apache-tomcat-10.1.44\webapps\docs]
06-Sep-2026 00:20:50.123 INFO [main] org.apache.catalina.startup.HostConfig.deployDirectory Deployment of web application directory [D:\web\apache-tomcat-10.1.44\apache-tomcat-10.1.44\webapps\docs] has finished in [24] ms
06-Sep-2026 00:20:50.124 INFO [main] org.apache.catalina.startup.HostConfig.deployDirectory Deploying web application directory [D:\web\apache-tomcat-10.1.44\apache-tomcat-10.1.44\webapps\examples]
06-Sep-2026 00:20:50.340 INFO [main] org.apache.catalina.startup.HostConfig.deployDirectory Deployment of web application directory [D:\web\apache-tomcat-10.1.44\apache-tomcat-10.1.44\webapps\examples] has finished in [216] ms
06-Sep-2026 00:20:50.340 INFO [main] org.apache.catalina.startup.HostConfig.deployDirectory Deploying web application directory [D:\web\apache-tomcat-10.1.44\apache-tomcat-10.1.44\webapps\host-manager]
06-Sep-2026 00:20:50.369 INFO [main] org.apache.catalina.startup.HostConfig.deployDirectory Deployment of web application directory [D:\web\apache-tomcat-10.1.44\apache-tomcat-10.1.44\webapps\host-manager] has finished in [29] ms
06-Sep-2026 00:20:50.369 INFO [main] org.apache.catalina.startup.HostConfig.deployDirectory Deploying web application directory [D:\web\apache-tomcat-10.1.44\apache-tomcat-10.1.44\webapps\manager]
06-Sep-2026 00:20:50.391 INFO [main] org.apache.catalina.startup.HostConfig.deployDirectory Deployment of web application directory [D:\web\apache-tomcat-10.1.44\apache-tomcat-10.1.44\webapps\manager] has finished in [22] ms
06-Sep-2026 00:20:50.392 INFO [main] org.apache.catalina.startup.HostConfig.deployDirectory Deploying web application directory [D:\web\apache-tomcat-10.1.44\apache-tomcat-10.1.44\webapps\ROOT]
06-Sep-2026 00:20:50.414 INFO [main] org.apache.catalina.startup.HostConfig.deployDirectory Deployment of web application directory [D:\web\apache-tomcat-10.1.44\apache-tomcat-10.1.44\webapps\ROOT] has finished in [23] ms
06-Sep-2026 00:20:50.421 INFO [main] org.apache.coyote.AbstractProtocol.start Starting ProtocolHandler ["http-nio-8080"]
06-Sep-2026 00:20:50.471 INFO [main] org.apache.catalina.startup.Catalina.start Server startup in [7014] milliseconds
06-Sep-2026 00:21:45.108 INFO [http-nio-8080-exec-1] org.hibernate.jpa.internal.util.LogHelper.logPersistenceUnitInformation HHH000204: Processing PersistenceUnitInfo [name: jpa-hibernate-mysql]
06-Sep-2026 00:21:45.252 INFO [http-nio-8080-exec-1] org.hibernate.Version.logVersion HHH000412: Hibernate ORM core version 6.4.4.Final
06-Sep-2026 00:21:45.327 INFO [http-nio-8080-exec-1] org.hibernate.cache.internal.RegionFactoryInitiator.initiateService HHH000026: Second-level cache disabled
06-Sep-2026 00:21:45.739 WARN [http-nio-8080-exec-1] org.hibernate.engine.jdbc.connections.internal.DriverManagerConnectionProviderImpl.configure HHH10001002: Using built-in connection pool (not intended for production use)
06-Sep-2026 00:21:45.750 INFO [http-nio-8080-exec-1] org.hibernate.engine.jdbc.connections.internal.DriverManagerConnectionProviderImpl.buildCreator HHH10001005: Loaded JDBC driver class: com.mysql.cj.jdbc.Driver
06-Sep-2026 00:21:45.750 INFO [http-nio-8080-exec-1] org.hibernate.engine.jdbc.connections.internal.DriverManagerConnectionProviderImpl.buildCreator HHH10001012: Connecting with JDBC URL [jdbc:mysql://localhost:3306/webst2?useSSL=false&allowPublicKeyRetrieval=true&serverTimezone=UTC]
06-Sep-2026 00:21:45.750 INFO [http-nio-8080-exec-1] org.hibernate.engine.jdbc.connections.internal.DriverManagerConnectionProviderImpl.buildCreator HHH10001001: Connection properties: {password=****, user=root}
06-Sep-2026 00:21:45.752 INFO [http-nio-8080-exec-1] org.hibernate.engine.jdbc.connections.internal.DriverManagerConnectionProviderImpl.buildCreator HHH10001003: Autocommit mode: false
06-Sep-2026 00:21:45.758 INFO [http-nio-8080-exec-1] org.hibernate.engine.jdbc.connections.internal.DriverManagerConnectionProviderImpl$PooledConnections.<init> HHH10001115: Connection pool size: 20 (min=1)
06-Sep-2026 00:21:46.198 WARN [http-nio-8080-exec-1] org.hibernate.engine.jdbc.dialect.internal.DialectFactoryImpl.constructDialect HHH90000025: MySQLDialect does not need to be specified explicitly using 'hibernate.dialect' (remove the property setting and it will be selected by default)
06-Sep-2026 00:21:47.270 INFO [http-nio-8080-exec-1] org.hibernate.validator.internal.util.Version.<clinit> HV000001: Hibernate Validator 8.0.1.Final
06-Sep-2026 00:21:48.976 INFO [http-nio-8080-exec-1] org.hibernate.engine.transaction.jta.platform.internal.JtaPlatformInitiator.initiateService HHH000489: No JTA platform available (set 'hibernate.transaction.jta.platform' to enable JTA platform integration)
06-Sep-2026 00:21:49.475 INFO [http-nio-8080-exec-1] org.hibernate.resource.transaction.backend.jdbc.internal.DdlTransactionIsolatorNonJtaImpl.getIsolatedConnection HHH10001501: Connection obtained from JdbcConnectionAccess [org.hibernate.engine.jdbc.env.internal.JdbcEnvironmentInitiator$ConnectionProviderJdbcConnectionAccess@2e403fd2] for (non-JTA) DDL execution was not in auto-commit mode; the Connection 'local transaction' will be committed and the Connection will be set into auto-commit mode.
06-Sep-2026 00:22:43.619 INFO [http-nio-8080-exec-7] org.hibernate.jpa.internal.util.LogHelper.logPersistenceUnitInformation HHH000204: Processing PersistenceUnitInfo [name: jpa-hibernate-mysql]
06-Sep-2026 00:22:43.628 INFO [http-nio-8080-exec-7] org.hibernate.cache.internal.RegionFactoryInitiator.initiateService HHH000026: Second-level cache disabled
06-Sep-2026 00:22:43.659 WARN [http-nio-8080-exec-7] org.hibernate.engine.jdbc.connections.internal.DriverManagerConnectionProviderImpl.configure HHH10001002: Using built-in connection pool (not intended for production use)
06-Sep-2026 00:22:43.660 INFO [http-nio-8080-exec-7] org.hibernate.engine.jdbc.connections.internal.DriverManagerConnectionProviderImpl.buildCreator HHH10001005: Loaded JDBC driver class: com.mysql.cj.jdbc.Driver
06-Sep-2026 00:22:43.660 INFO [http-nio-8080-exec-7] org.hibernate.engine.jdbc.connections.internal.DriverManagerConnectionProviderImpl.buildCreator HHH10001012: Connecting with JDBC URL [jdbc:mysql://localhost:3306/webst2?useSSL=false&allowPublicKeyRetrieval=true&serverTimezone=UTC]
06-Sep-2026 00:22:43.660 INFO [http-nio-8080-exec-7] org.hibernate.engine.jdbc.connections.internal.DriverManagerConnectionProviderImpl.buildCreator HHH10001001: Connection properties: {password=****, user=root}
06-Sep-2026 00:22:43.661 INFO [http-nio-8080-exec-7] org.hibernate.engine.jdbc.connections.internal.DriverManagerConnectionProviderImpl.buildCreator HHH10001003: Autocommit mode: false
06-Sep-2026 00:22:43.661 INFO [http-nio-8080-exec-7] org.hibernate.engine.jdbc.connections.internal.DriverManagerConnectionProviderImpl$PooledConnections.<init> HHH10001115: Connection pool size: 20 (min=1)
06-Sep-2026 00:22:43.671 WARN [http-nio-8080-exec-7] org.hibernate.engine.jdbc.dialect.internal.DialectFactoryImpl.constructDialect HHH90000025: MySQLDialect does not need to be specified explicitly using 'hibernate.dialect' (remove the property setting and it will be selected by default)
06-Sep-2026 00:22:43.783 INFO [http-nio-8080-exec-7] org.hibernate.engine.transaction.jta.platform.internal.JtaPlatformInitiator.initiateService HHH000489: No JTA platform available (set 'hibernate.transaction.jta.platform' to enable JTA platform integration)
06-Sep-2026 00:22:43.785 INFO [http-nio-8080-exec-7] org.hibernate.resource.transaction.backend.jdbc.internal.DdlTransactionIsolatorNonJtaImpl.getIsolatedConnection HHH10001501: Connection obtained from JdbcConnectionAccess [org.hibernate.engine.jdbc.env.internal.JdbcEnvironmentInitiator$ConnectionProviderJdbcConnectionAccess@78547050] for (non-JTA) DDL execution was not in auto-commit mode; the Connection 'local transaction' will be committed and the Connection will be set into auto-commit mode.
06-Sep-2026 00:22:43.909 INFO [http-nio-8080-exec-9] org.hibernate.jpa.internal.util.LogHelper.logPersistenceUnitInformation HHH000204: Processing PersistenceUnitInfo [name: jpa-hibernate-mysql]
06-Sep-2026 00:22:43.912 INFO [http-nio-8080-exec-9] org.hibernate.cache.internal.RegionFactoryInitiator.initiateService HHH000026: Second-level cache disabled
06-Sep-2026 00:22:43.934 WARN [http-nio-8080-exec-9] org.hibernate.engine.jdbc.connections.internal.DriverManagerConnectionProviderImpl.configure HHH10001002: Using built-in connection pool (not intended for production use)
06-Sep-2026 00:22:43.934 INFO [http-nio-8080-exec-9] org.hibernate.engine.jdbc.connections.internal.DriverManagerConnectionProviderImpl.buildCreator HHH10001005: Loaded JDBC driver class: com.mysql.cj.jdbc.Driver
06-Sep-2026 00:22:43.935 INFO [http-nio-8080-exec-9] org.hibernate.engine.jdbc.connections.internal.DriverManagerConnectionProviderImpl.buildCreator HHH10001012: Connecting with JDBC URL [jdbc:mysql://localhost:3306/webst2?useSSL=false&allowPublicKeyRetrieval=true&serverTimezone=UTC]
06-Sep-2026 00:22:43.935 INFO [http-nio-8080-exec-9] org.hibernate.engine.jdbc.connections.internal.DriverManagerConnectionProviderImpl.buildCreator HHH10001001: Connection properties: {password=****, user=root}
06-Sep-2026 00:22:43.935 INFO [http-nio-8080-exec-9] org.hibernate.engine.jdbc.connections.internal.DriverManagerConnectionProviderImpl.buildCreator HHH10001003: Autocommit mode: false
06-Sep-2026 00:22:43.935 INFO [http-nio-8080-exec-9] org.hibernate.engine.jdbc.connections.internal.DriverManagerConnectionProviderImpl$PooledConnections.<init> HHH10001115: Connection pool size: 20 (min=1)
06-Sep-2026 00:22:43.942 WARN [http-nio-8080-exec-9] org.hibernate.engine.jdbc.dialect.internal.DialectFactoryImpl.constructDialect HHH90000025: MySQLDialect does not need to be specified explicitly using 'hibernate.dialect' (remove the property setting and it will be selected by default)
06-Sep-2026 00:22:44.041 INFO [http-nio-8080-exec-9] org.hibernate.engine.transaction.jta.platform.internal.JtaPlatformInitiator.initiateService HHH000489: No JTA platform available (set 'hibernate.transaction.jta.platform' to enable JTA platform integration)
06-Sep-2026 00:22:44.043 INFO [http-nio-8080-exec-9] org.hibernate.resource.transaction.backend.jdbc.internal.DdlTransactionIsolatorNonJtaImpl.getIsolatedConnection HHH10001501: Connection obtained from JdbcConnectionAccess [org.hibernate.engine.jdbc.env.internal.JdbcEnvironmentInitiator$ConnectionProviderJdbcConnectionAccess@722ff614] for (non-JTA) DDL execution was not in auto-commit mode; the Connection 'local transaction' will be committed and the Connection will be set into auto-commit mode.
06-Sep-2026 00:22:51.010 INFO [http-nio-8080-exec-7] org.hibernate.jpa.internal.util.LogHelper.logPersistenceUnitInformation HHH000204: Processing PersistenceUnitInfo [name: jpa-hibernate-mysql]
06-Sep-2026 00:22:51.018 INFO [http-nio-8080-exec-7] org.hibernate.cache.internal.RegionFactoryInitiator.initiateService HHH000026: Second-level cache disabled
06-Sep-2026 00:22:51.048 WARN [http-nio-8080-exec-7] org.hibernate.engine.jdbc.connections.internal.DriverManagerConnectionProviderImpl.configure HHH10001002: Using built-in connection pool (not intended for production use)
06-Sep-2026 00:22:51.048 INFO [http-nio-8080-exec-7] org.hibernate.engine.jdbc.connections.internal.DriverManagerConnectionProviderImpl.buildCreator HHH10001005: Loaded JDBC driver class: com.mysql.cj.jdbc.Driver
06-Sep-2026 00:22:51.048 INFO [http-nio-8080-exec-7] org.hibernate.engine.jdbc.connections.internal.DriverManagerConnectionProviderImpl.buildCreator HHH10001012: Connecting with JDBC URL [jdbc:mysql://localhost:3306/webst2?useSSL=false&allowPublicKeyRetrieval=true&serverTimezone=UTC]
06-Sep-2026 00:22:51.048 INFO [http-nio-8080-exec-7] org.hibernate.engine.jdbc.connections.internal.DriverManagerConnectionProviderImpl.buildCreator HHH10001001: Connection properties: {password=****, user=root}
06-Sep-2026 00:22:51.050 INFO [http-nio-8080-exec-7] org.hibernate.engine.jdbc.connections.internal.DriverManagerConnectionProviderImpl.buildCreator HHH10001003: Autocommit mode: false
06-Sep-2026 00:22:51.050 INFO [http-nio-8080-exec-7] org.hibernate.engine.jdbc.connections.internal.DriverManagerConnectionProviderImpl$PooledConnections.<init> HHH10001115: Connection pool size: 20 (min=1)
06-Sep-2026 00:22:51.055 WARN [http-nio-8080-exec-7] org.hibernate.engine.jdbc.dialect.internal.DialectFactoryImpl.constructDialect HHH90000025: MySQLDialect does not need to be specified explicitly using 'hibernate.dialect' (remove the property setting and it will be selected by default)
06-Sep-2026 00:22:51.154 INFO [http-nio-8080-exec-7] org.hibernate.engine.transaction.jta.platform.internal.JtaPlatformInitiator.initiateService HHH000489: No JTA platform available (set 'hibernate.transaction.jta.platform' to enable JTA platform integration)
06-Sep-2026 00:22:51.157 INFO [http-nio-8080-exec-7] org.hibernate.resource.transaction.backend.jdbc.internal.DdlTransactionIsolatorNonJtaImpl.getIsolatedConnection HHH10001501: Connection obtained from JdbcConnectionAccess [org.hibernate.engine.jdbc.env.internal.JdbcEnvironmentInitiator$ConnectionProviderJdbcConnectionAccess@2ebb0ff0] for (non-JTA) DDL execution was not in auto-commit mode; the Connection 'local transaction' will be committed and the Connection will be set into auto-commit mode.
06-Sep-2026 00:24:06.772 INFO [http-nio-8080-exec-10] org.hibernate.jpa.internal.util.LogHelper.logPersistenceUnitInformation HHH000204: Processing PersistenceUnitInfo [name: jpa-hibernate-mysql]
06-Sep-2026 00:24:06.780 INFO [http-nio-8080-exec-10] org.hibernate.cache.internal.RegionFactoryInitiator.initiateService HHH000026: Second-level cache disabled
06-Sep-2026 00:24:06.810 WARN [http-nio-8080-exec-10] org.hibernate.engine.jdbc.connections.internal.DriverManagerConnectionProviderImpl.configure HHH10001002: Using built-in connection pool (not intended for production use)
06-Sep-2026 00:24:06.810 INFO [http-nio-8080-exec-10] org.hibernate.engine.jdbc.connections.internal.DriverManagerConnectionProviderImpl.buildCreator HHH10001005: Loaded JDBC driver class: com.mysql.cj.jdbc.Driver
06-Sep-2026 00:24:06.811 INFO [http-nio-8080-exec-10] org.hibernate.engine.jdbc.connections.internal.DriverManagerConnectionProviderImpl.buildCreator HHH10001012: Connecting with JDBC URL [jdbc:mysql://localhost:3306/webst2?useSSL=false&allowPublicKeyRetrieval=true&serverTimezone=UTC]
06-Sep-2026 00:24:06.811 INFO [http-nio-8080-exec-10] org.hibernate.engine.jdbc.connections.internal.DriverManagerConnectionProviderImpl.buildCreator HHH10001001: Connection properties: {password=****, user=root}
06-Sep-2026 00:24:06.811 INFO [http-nio-8080-exec-10] org.hibernate.engine.jdbc.connections.internal.DriverManagerConnectionProviderImpl.buildCreator HHH10001003: Autocommit mode: false
06-Sep-2026 00:24:06.812 INFO [http-nio-8080-exec-10] org.hibernate.engine.jdbc.connections.internal.DriverManagerConnectionProviderImpl$PooledConnections.<init> HHH10001115: Connection pool size: 20 (min=1)
06-Sep-2026 00:24:06.818 WARN [http-nio-8080-exec-10] org.hibernate.engine.jdbc.dialect.internal.DialectFactoryImpl.constructDialect HHH90000025: MySQLDialect does not need to be specified explicitly using 'hibernate.dialect' (remove the property setting and it will be selected by default)
06-Sep-2026 00:24:06.929 INFO [http-nio-8080-exec-10] org.hibernate.engine.transaction.jta.platform.internal.JtaPlatformInitiator.initiateService HHH000489: No JTA platform available (set 'hibernate.transaction.jta.platform' to enable JTA platform integration)
06-Sep-2026 00:24:06.931 INFO [http-nio-8080-exec-10] org.hibernate.resource.transaction.backend.jdbc.internal.DdlTransactionIsolatorNonJtaImpl.getIsolatedConnection HHH10001501: Connection obtained from JdbcConnectionAccess [org.hibernate.engine.jdbc.env.internal.JdbcEnvironmentInitiator$ConnectionProviderJdbcConnectionAccess@7ed62a63] for (non-JTA) DDL execution was not in auto-commit mode; the Connection 'local transaction' will be committed and the Connection will be set into auto-commit mode.
06-Sep-2026 00:24:07.506 INFO [http-nio-8080-exec-10] org.hibernate.jpa.internal.util.LogHelper.logPersistenceUnitInformation HHH000204: Processing PersistenceUnitInfo [name: jpa-hibernate-mysql]
06-Sep-2026 00:24:07.509 INFO [http-nio-8080-exec-10] org.hibernate.cache.internal.RegionFactoryInitiator.initiateService HHH000026: Second-level cache disabled
06-Sep-2026 00:24:07.530 WARN [http-nio-8080-exec-10] org.hibernate.engine.jdbc.connections.internal.DriverManagerConnectionProviderImpl.configure HHH10001002: Using built-in connection pool (not intended for production use)
06-Sep-2026 00:24:07.531 INFO [http-nio-8080-exec-10] org.hibernate.engine.jdbc.connections.internal.DriverManagerConnectionProviderImpl.buildCreator HHH10001005: Loaded JDBC driver class: com.mysql.cj.jdbc.Driver
06-Sep-2026 00:24:07.531 INFO [http-nio-8080-exec-10] org.hibernate.engine.jdbc.connections.internal.DriverManagerConnectionProviderImpl.buildCreator HHH10001012: Connecting with JDBC URL [jdbc:mysql://localhost:3306/webst2?useSSL=false&allowPublicKeyRetrieval=true&serverTimezone=UTC]
06-Sep-2026 00:24:07.531 INFO [http-nio-8080-exec-10] org.hibernate.engine.jdbc.connections.internal.DriverManagerConnectionProviderImpl.buildCreator HHH10001001: Connection properties: {password=****, user=root}
06-Sep-2026 00:24:07.532 INFO [http-nio-8080-exec-10] org.hibernate.engine.jdbc.connections.internal.DriverManagerConnectionProviderImpl.buildCreator HHH10001003: Autocommit mode: false
06-Sep-2026 00:24:07.532 INFO [http-nio-8080-exec-10] org.hibernate.engine.jdbc.connections.internal.DriverManagerConnectionProviderImpl$PooledConnections.<init> HHH10001115: Connection pool size: 20 (min=1)
06-Sep-2026 00:24:07.539 WARN [http-nio-8080-exec-10] org.hibernate.engine.jdbc.dialect.internal.DialectFactoryImpl.constructDialect HHH90000025: MySQLDialect does not need to be specified explicitly using 'hibernate.dialect' (remove the property setting and it will be selected by default)
06-Sep-2026 00:24:07.617 INFO [http-nio-8080-exec-10] org.hibernate.engine.transaction.jta.platform.internal.JtaPlatformInitiator.initiateService HHH000489: No JTA platform available (set 'hibernate.transaction.jta.platform' to enable JTA platform integration)
06-Sep-2026 00:24:07.620 INFO [http-nio-8080-exec-10] org.hibernate.resource.transaction.backend.jdbc.internal.DdlTransactionIsolatorNonJtaImpl.getIsolatedConnection HHH10001501: Connection obtained from JdbcConnectionAccess [org.hibernate.engine.jdbc.env.internal.JdbcEnvironmentInitiator$ConnectionProviderJdbcConnectionAccess@6e98b7c4] for (non-JTA) DDL execution was not in auto-commit mode; the Connection 'local transaction' will be committed and the Connection will be set into auto-commit mode.
06-Sep-2026 00:24:08.120 INFO [http-nio-8080-exec-10] org.hibernate.jpa.internal.util.LogHelper.logPersistenceUnitInformation HHH000204: Processing PersistenceUnitInfo [name: jpa-hibernate-mysql]
06-Sep-2026 00:24:08.123 INFO [http-nio-8080-exec-10] org.hibernate.cache.internal.RegionFactoryInitiator.initiateService HHH000026: Second-level cache disabled
06-Sep-2026 00:24:08.142 WARN [http-nio-8080-exec-10] org.hibernate.engine.jdbc.connections.internal.DriverManagerConnectionProviderImpl.configure HHH10001002: Using built-in connection pool (not intended for production use)
06-Sep-2026 00:24:08.142 INFO [http-nio-8080-exec-10] org.hibernate.engine.jdbc.connections.internal.DriverManagerConnectionProviderImpl.buildCreator HHH10001005: Loaded JDBC driver class: com.mysql.cj.jdbc.Driver
06-Sep-2026 00:24:08.142 INFO [http-nio-8080-exec-10] org.hibernate.engine.jdbc.connections.internal.DriverManagerConnectionProviderImpl.buildCreator HHH10001012: Connecting with JDBC URL [jdbc:mysql://localhost:3306/webst2?useSSL=false&allowPublicKeyRetrieval=true&serverTimezone=UTC]
06-Sep-2026 00:24:08.142 INFO [http-nio-8080-exec-10] org.hibernate.engine.jdbc.connections.internal.DriverManagerConnectionProviderImpl.buildCreator HHH10001001: Connection properties: {password=****, user=root}
06-Sep-2026 00:24:08.143 INFO [http-nio-8080-exec-10] org.hibernate.engine.jdbc.connections.internal.DriverManagerConnectionProviderImpl.buildCreator HHH10001003: Autocommit mode: false
06-Sep-2026 00:24:08.143 INFO [http-nio-8080-exec-10] org.hibernate.engine.jdbc.connections.internal.DriverManagerConnectionProviderImpl$PooledConnections.<init> HHH10001115: Connection pool size: 20 (min=1)
06-Sep-2026 00:24:08.150 WARN [http-nio-8080-exec-10] org.hibernate.engine.jdbc.dialect.internal.DialectFactoryImpl.constructDialect HHH90000025: MySQLDialect does not need to be specified explicitly using 'hibernate.dialect' (remove the property setting and it will be selected by default)
06-Sep-2026 00:24:08.227 INFO [http-nio-8080-exec-10] org.hibernate.engine.transaction.jta.platform.internal.JtaPlatformInitiator.initiateService HHH000489: No JTA platform available (set 'hibernate.transaction.jta.platform' to enable JTA platform integration)
06-Sep-2026 00:24:08.230 INFO [http-nio-8080-exec-10] org.hibernate.resource.transaction.backend.jdbc.internal.DdlTransactionIsolatorNonJtaImpl.getIsolatedConnection HHH10001501: Connection obtained from JdbcConnectionAccess [org.hibernate.engine.jdbc.env.internal.JdbcEnvironmentInitiator$ConnectionProviderJdbcConnectionAccess@66c0e76f] for (non-JTA) DDL execution was not in auto-commit mode; the Connection 'local transaction' will be committed and the Connection will be set into auto-commit mode.
06-Sep-2026 00:26:29.630 INFO [http-nio-8080-exec-4] org.hibernate.jpa.internal.util.LogHelper.logPersistenceUnitInformation HHH000204: Processing PersistenceUnitInfo [name: jpa-hibernate-mysql]
06-Sep-2026 00:26:29.638 INFO [http-nio-8080-exec-4] org.hibernate.cache.internal.RegionFactoryInitiator.initiateService HHH000026: Second-level cache disabled
06-Sep-2026 00:26:29.664 WARN [http-nio-8080-exec-4] org.hibernate.engine.jdbc.connections.internal.DriverManagerConnectionProviderImpl.configure HHH10001002: Using built-in connection pool (not intended for production use)
06-Sep-2026 00:26:29.666 INFO [http-nio-8080-exec-4] org.hibernate.engine.jdbc.connections.internal.DriverManagerConnectionProviderImpl.buildCreator HHH10001005: Loaded JDBC driver class: com.mysql.cj.jdbc.Driver
06-Sep-2026 00:26:29.666 INFO [http-nio-8080-exec-4] org.hibernate.engine.jdbc.connections.internal.DriverManagerConnectionProviderImpl.buildCreator HHH10001012: Connecting with JDBC URL [jdbc:mysql://localhost:3306/webst2?useSSL=false&allowPublicKeyRetrieval=true&serverTimezone=UTC]
06-Sep-2026 00:26:29.666 INFO [http-nio-8080-exec-4] org.hibernate.engine.jdbc.connections.internal.DriverManagerConnectionProviderImpl.buildCreator HHH10001001: Connection properties: {password=****, user=root}
06-Sep-2026 00:26:29.666 INFO [http-nio-8080-exec-4] org.hibernate.engine.jdbc.connections.internal.DriverManagerConnectionProviderImpl.buildCreator HHH10001003: Autocommit mode: false
06-Sep-2026 00:26:29.667 INFO [http-nio-8080-exec-4] org.hibernate.engine.jdbc.connections.internal.DriverManagerConnectionProviderImpl$PooledConnections.<init> HHH10001115: Connection pool size: 20 (min=1)
06-Sep-2026 00:26:29.672 WARN [http-nio-8080-exec-4] org.hibernate.engine.jdbc.dialect.internal.DialectFactoryImpl.constructDialect HHH90000025: MySQLDialect does not need to be specified explicitly using 'hibernate.dialect' (remove the property setting and it will be selected by default)
06-Sep-2026 00:26:29.763 INFO [http-nio-8080-exec-4] org.hibernate.engine.transaction.jta.platform.internal.JtaPlatformInitiator.initiateService HHH000489: No JTA platform available (set 'hibernate.transaction.jta.platform' to enable JTA platform integration)
06-Sep-2026 00:26:29.765 INFO [http-nio-8080-exec-4] org.hibernate.resource.transaction.backend.jdbc.internal.DdlTransactionIsolatorNonJtaImpl.getIsolatedConnection HHH10001501: Connection obtained from JdbcConnectionAccess [org.hibernate.engine.jdbc.env.internal.JdbcEnvironmentInitiator$ConnectionProviderJdbcConnectionAccess@15808fff] for (non-JTA) DDL execution was not in auto-commit mode; the Connection 'local transaction' will be committed and the Connection will be set into auto-commit mode.
06-Sep-2026 00:26:46.019 INFO [http-nio-8080-exec-7] org.hibernate.jpa.internal.util.LogHelper.logPersistenceUnitInformation HHH000204: Processing PersistenceUnitInfo [name: jpa-hibernate-mysql]
06-Sep-2026 00:26:46.024 INFO [http-nio-8080-exec-7] org.hibernate.cache.internal.RegionFactoryInitiator.initiateService HHH000026: Second-level cache disabled
06-Sep-2026 00:26:46.053 WARN [http-nio-8080-exec-7] org.hibernate.engine.jdbc.connections.internal.DriverManagerConnectionProviderImpl.configure HHH10001002: Using built-in connection pool (not intended for production use)
06-Sep-2026 00:26:46.053 INFO [http-nio-8080-exec-7] org.hibernate.engine.jdbc.connections.internal.DriverManagerConnectionProviderImpl.buildCreator HHH10001005: Loaded JDBC driver class: com.mysql.cj.jdbc.Driver
06-Sep-2026 00:26:46.053 INFO [http-nio-8080-exec-7] org.hibernate.engine.jdbc.connections.internal.DriverManagerConnectionProviderImpl.buildCreator HHH10001012: Connecting with JDBC URL [jdbc:mysql://localhost:3306/webst2?useSSL=false&allowPublicKeyRetrieval=true&serverTimezone=UTC]
06-Sep-2026 00:26:46.054 INFO [http-nio-8080-exec-7] org.hibernate.engine.jdbc.connections.internal.DriverManagerConnectionProviderImpl.buildCreator HHH10001001: Connection properties: {password=****, user=root}
06-Sep-2026 00:26:46.054 INFO [http-nio-8080-exec-7] org.hibernate.engine.jdbc.connections.internal.DriverManagerConnectionProviderImpl.buildCreator HHH10001003: Autocommit mode: false
06-Sep-2026 00:26:46.054 INFO [http-nio-8080-exec-7] org.hibernate.engine.jdbc.connections.internal.DriverManagerConnectionProviderImpl$PooledConnections.<init> HHH10001115: Connection pool size: 20 (min=1)
06-Sep-2026 00:26:46.064 WARN [http-nio-8080-exec-7] org.hibernate.engine.jdbc.dialect.internal.DialectFactoryImpl.constructDialect HHH90000025: MySQLDialect does not need to be specified explicitly using 'hibernate.dialect' (remove the property setting and it will be selected by default)
06-Sep-2026 00:26:46.149 INFO [http-nio-8080-exec-7] org.hibernate.engine.transaction.jta.platform.internal.JtaPlatformInitiator.initiateService HHH000489: No JTA platform available (set 'hibernate.transaction.jta.platform' to enable JTA platform integration)
06-Sep-2026 00:26:46.151 INFO [http-nio-8080-exec-7] org.hibernate.resource.transaction.backend.jdbc.internal.DdlTransactionIsolatorNonJtaImpl.getIsolatedConnection HHH10001501: Connection obtained from JdbcConnectionAccess [org.hibernate.engine.jdbc.env.internal.JdbcEnvironmentInitiator$ConnectionProviderJdbcConnectionAccess@32c79620] for (non-JTA) DDL execution was not in auto-commit mode; the Connection 'local transaction' will be committed and the Connection will be set into auto-commit mode.
06-Sep-2026 00:26:48.407 INFO [http-nio-8080-exec-5] org.hibernate.jpa.internal.util.LogHelper.logPersistenceUnitInformation HHH000204: Processing PersistenceUnitInfo [name: jpa-hibernate-mysql]
06-Sep-2026 00:26:48.409 INFO [http-nio-8080-exec-5] org.hibernate.cache.internal.RegionFactoryInitiator.initiateService HHH000026: Second-level cache disabled
06-Sep-2026 00:26:48.431 WARN [http-nio-8080-exec-5] org.hibernate.engine.jdbc.connections.internal.DriverManagerConnectionProviderImpl.configure HHH10001002: Using built-in connection pool (not intended for production use)
06-Sep-2026 00:26:48.433 INFO [http-nio-8080-exec-5] org.hibernate.engine.jdbc.connections.internal.DriverManagerConnectionProviderImpl.buildCreator HHH10001005: Loaded JDBC driver class: com.mysql.cj.jdbc.Driver
06-Sep-2026 00:26:48.433 INFO [http-nio-8080-exec-5] org.hibernate.engine.jdbc.connections.internal.DriverManagerConnectionProviderImpl.buildCreator HHH10001012: Connecting with JDBC URL [jdbc:mysql://localhost:3306/webst2?useSSL=false&allowPublicKeyRetrieval=true&serverTimezone=UTC]
06-Sep-2026 00:26:48.434 INFO [http-nio-8080-exec-5] org.hibernate.engine.jdbc.connections.internal.DriverManagerConnectionProviderImpl.buildCreator HHH10001001: Connection properties: {password=****, user=root}
06-Sep-2026 00:26:48.434 INFO [http-nio-8080-exec-5] org.hibernate.engine.jdbc.connections.internal.DriverManagerConnectionProviderImpl.buildCreator HHH10001003: Autocommit mode: false
06-Sep-2026 00:26:48.434 INFO [http-nio-8080-exec-5] org.hibernate.engine.jdbc.connections.internal.DriverManagerConnectionProviderImpl$PooledConnections.<init> HHH10001115: Connection pool size: 20 (min=1)
06-Sep-2026 00:26:48.441 WARN [http-nio-8080-exec-5] org.hibernate.engine.jdbc.dialect.internal.DialectFactoryImpl.constructDialect HHH90000025: MySQLDialect does not need to be specified explicitly using 'hibernate.dialect' (remove the property setting and it will be selected by default)
06-Sep-2026 00:26:48.514 INFO [http-nio-8080-exec-5] org.hibernate.engine.transaction.jta.platform.internal.JtaPlatformInitiator.initiateService HHH000489: No JTA platform available (set 'hibernate.transaction.jta.platform' to enable JTA platform integration)
06-Sep-2026 00:26:48.515 INFO [http-nio-8080-exec-5] org.hibernate.resource.transaction.backend.jdbc.internal.DdlTransactionIsolatorNonJtaImpl.getIsolatedConnection HHH10001501: Connection obtained from JdbcConnectionAccess [org.hibernate.engine.jdbc.env.internal.JdbcEnvironmentInitiator$ConnectionProviderJdbcConnectionAccess@55b2935e] for (non-JTA) DDL execution was not in auto-commit mode; the Connection 'local transaction' will be committed and the Connection will be set into auto-commit mode.
06-Sep-2026 00:30:41.019 INFO [http-nio-8080-exec-3] org.hibernate.jpa.internal.util.LogHelper.logPersistenceUnitInformation HHH000204: Processing PersistenceUnitInfo [name: jpa-hibernate-mysql]
06-Sep-2026 00:30:41.029 INFO [http-nio-8080-exec-3] org.hibernate.cache.internal.RegionFactoryInitiator.initiateService HHH000026: Second-level cache disabled
06-Sep-2026 00:30:41.054 WARN [http-nio-8080-exec-3] org.hibernate.engine.jdbc.connections.internal.DriverManagerConnectionProviderImpl.configure HHH10001002: Using built-in connection pool (not intended for production use)
06-Sep-2026 00:30:41.054 INFO [http-nio-8080-exec-3] org.hibernate.engine.jdbc.connections.internal.DriverManagerConnectionProviderImpl.buildCreator HHH10001005: Loaded JDBC driver class: com.mysql.cj.jdbc.Driver
06-Sep-2026 00:30:41.055 INFO [http-nio-8080-exec-3] org.hibernate.engine.jdbc.connections.internal.DriverManagerConnectionProviderImpl.buildCreator HHH10001012: Connecting with JDBC URL [jdbc:mysql://localhost:3306/webst2?useSSL=false&allowPublicKeyRetrieval=true&serverTimezone=UTC]
06-Sep-2026 00:30:41.055 INFO [http-nio-8080-exec-3] org.hibernate.engine.jdbc.connections.internal.DriverManagerConnectionProviderImpl.buildCreator HHH10001001: Connection properties: {password=****, user=root}
06-Sep-2026 00:30:41.055 INFO [http-nio-8080-exec-3] org.hibernate.engine.jdbc.connections.internal.DriverManagerConnectionProviderImpl.buildCreator HHH10001003: Autocommit mode: false
06-Sep-2026 00:30:41.055 INFO [http-nio-8080-exec-3] org.hibernate.engine.jdbc.connections.internal.DriverManagerConnectionProviderImpl$PooledConnections.<init> HHH10001115: Connection pool size: 20 (min=1)
06-Sep-2026 00:30:41.062 WARN [http-nio-8080-exec-3] org.hibernate.engine.jdbc.dialect.internal.DialectFactoryImpl.constructDialect HHH90000025: MySQLDialect does not need to be specified explicitly using 'hibernate.dialect' (remove the property setting and it will be selected by default)
06-Sep-2026 00:30:41.149 INFO [http-nio-8080-exec-3] org.hibernate.engine.transaction.jta.platform.internal.JtaPlatformInitiator.initiateService HHH000489: No JTA platform available (set 'hibernate.transaction.jta.platform' to enable JTA platform integration)
06-Sep-2026 00:30:41.151 INFO [http-nio-8080-exec-3] org.hibernate.resource.transaction.backend.jdbc.internal.DdlTransactionIsolatorNonJtaImpl.getIsolatedConnection HHH10001501: Connection obtained from JdbcConnectionAccess [org.hibernate.engine.jdbc.env.internal.JdbcEnvironmentInitiator$ConnectionProviderJdbcConnectionAccess@40360066] for (non-JTA) DDL execution was not in auto-commit mode; the Connection 'local transaction' will be committed and the Connection will be set into auto-commit mode.
06-Sep-2026 00:31:27.529 INFO [http-nio-8080-exec-8] org.hibernate.jpa.internal.util.LogHelper.logPersistenceUnitInformation HHH000204: Processing PersistenceUnitInfo [name: jpa-hibernate-mysql]
06-Sep-2026 00:31:27.537 INFO [http-nio-8080-exec-8] org.hibernate.cache.internal.RegionFactoryInitiator.initiateService HHH000026: Second-level cache disabled
06-Sep-2026 00:31:27.558 WARN [http-nio-8080-exec-8] org.hibernate.engine.jdbc.connections.internal.DriverManagerConnectionProviderImpl.configure HHH10001002: Using built-in connection pool (not intended for production use)
06-Sep-2026 00:31:27.559 INFO [http-nio-8080-exec-8] org.hibernate.engine.jdbc.connections.internal.DriverManagerConnectionProviderImpl.buildCreator HHH10001005: Loaded JDBC driver class: com.mysql.cj.jdbc.Driver
06-Sep-2026 00:31:27.559 INFO [http-nio-8080-exec-8] org.hibernate.engine.jdbc.connections.internal.DriverManagerConnectionProviderImpl.buildCreator HHH10001012: Connecting with JDBC URL [jdbc:mysql://localhost:3306/webst2?useSSL=false&allowPublicKeyRetrieval=true&serverTimezone=UTC]
06-Sep-2026 00:31:27.559 INFO [http-nio-8080-exec-8] org.hibernate.engine.jdbc.connections.internal.DriverManagerConnectionProviderImpl.buildCreator HHH10001001: Connection properties: {password=****, user=root}
06-Sep-2026 00:31:27.559 INFO [http-nio-8080-exec-8] org.hibernate.engine.jdbc.connections.internal.DriverManagerConnectionProviderImpl.buildCreator HHH10001003: Autocommit mode: false
06-Sep-2026 00:31:27.559 INFO [http-nio-8080-exec-8] org.hibernate.engine.jdbc.connections.internal.DriverManagerConnectionProviderImpl$PooledConnections.<init> HHH10001115: Connection pool size: 20 (min=1)
06-Sep-2026 00:31:27.586 WARN [http-nio-8080-exec-8] org.hibernate.engine.jdbc.dialect.internal.DialectFactoryImpl.constructDialect HHH90000025: MySQLDialect does not need to be specified explicitly using 'hibernate.dialect' (remove the property setting and it will be selected by default)
06-Sep-2026 00:31:27.665 INFO [http-nio-8080-exec-8] org.hibernate.engine.transaction.jta.platform.internal.JtaPlatformInitiator.initiateService HHH000489: No JTA platform available (set 'hibernate.transaction.jta.platform' to enable JTA platform integration)
06-Sep-2026 00:31:27.667 INFO [http-nio-8080-exec-8] org.hibernate.resource.transaction.backend.jdbc.internal.DdlTransactionIsolatorNonJtaImpl.getIsolatedConnection HHH10001501: Connection obtained from JdbcConnectionAccess [org.hibernate.engine.jdbc.env.internal.JdbcEnvironmentInitiator$ConnectionProviderJdbcConnectionAccess@379aba23] for (non-JTA) DDL execution was not in auto-commit mode; the Connection 'local transaction' will be committed and the Connection will be set into auto-commit mode.
06-Sep-2026 00:31:32.154 INFO [http-nio-8080-exec-9] org.hibernate.jpa.internal.util.LogHelper.logPersistenceUnitInformation HHH000204: Processing PersistenceUnitInfo [name: jpa-hibernate-mysql]
06-Sep-2026 00:31:32.156 INFO [http-nio-8080-exec-9] org.hibernate.cache.internal.RegionFactoryInitiator.initiateService HHH000026: Second-level cache disabled
06-Sep-2026 00:31:32.175 WARN [http-nio-8080-exec-9] org.hibernate.engine.jdbc.connections.internal.DriverManagerConnectionProviderImpl.configure HHH10001002: Using built-in connection pool (not intended for production use)
06-Sep-2026 00:31:32.175 INFO [http-nio-8080-exec-9] org.hibernate.engine.jdbc.connections.internal.DriverManagerConnectionProviderImpl.buildCreator HHH10001005: Loaded JDBC driver class: com.mysql.cj.jdbc.Driver
06-Sep-2026 00:31:32.175 INFO [http-nio-8080-exec-9] org.hibernate.engine.jdbc.connections.internal.DriverManagerConnectionProviderImpl.buildCreator HHH10001012: Connecting with JDBC URL [jdbc:mysql://localhost:3306/webst2?useSSL=false&allowPublicKeyRetrieval=true&serverTimezone=UTC]
06-Sep-2026 00:31:32.176 INFO [http-nio-8080-exec-9] org.hibernate.engine.jdbc.connections.internal.DriverManagerConnectionProviderImpl.buildCreator HHH10001001: Connection properties: {password=****, user=root}
06-Sep-2026 00:31:32.176 INFO [http-nio-8080-exec-9] org.hibernate.engine.jdbc.connections.internal.DriverManagerConnectionProviderImpl.buildCreator HHH10001003: Autocommit mode: false
06-Sep-2026 00:31:32.176 INFO [http-nio-8080-exec-9] org.hibernate.engine.jdbc.connections.internal.DriverManagerConnectionProviderImpl$PooledConnections.<init> HHH10001115: Connection pool size: 20 (min=1)
06-Sep-2026 00:31:32.186 WARN [http-nio-8080-exec-9] org.hibernate.engine.jdbc.dialect.internal.DialectFactoryImpl.constructDialect HHH90000025: MySQLDialect does not need to be specified explicitly using 'hibernate.dialect' (remove the property setting and it will be selected by default)
06-Sep-2026 00:31:32.250 INFO [http-nio-8080-exec-9] org.hibernate.engine.transaction.jta.platform.internal.JtaPlatformInitiator.initiateService HHH000489: No JTA platform available (set 'hibernate.transaction.jta.platform' to enable JTA platform integration)
06-Sep-2026 00:31:32.252 INFO [http-nio-8080-exec-9] org.hibernate.resource.transaction.backend.jdbc.internal.DdlTransactionIsolatorNonJtaImpl.getIsolatedConnection HHH10001501: Connection obtained from JdbcConnectionAccess [org.hibernate.engine.jdbc.env.internal.JdbcEnvironmentInitiator$ConnectionProviderJdbcConnectionAccess@3366f263] for (non-JTA) DDL execution was not in auto-commit mode; the Connection 'local transaction' will be committed and the Connection will be set into auto-commit mode.
06-Sep-2026 00:40:41.638 INFO [main] org.apache.catalina.core.StandardServer.await A valid shutdown command was received via the shutdown port. Stopping the Server instance.
06-Sep-2026 00:40:41.639 INFO [main] org.apache.coyote.AbstractProtocol.pause Pausing ProtocolHandler ["http-nio-8080"]
06-Sep-2026 00:40:41.650 INFO [main] org.apache.catalina.core.StandardService.stopInternal Stopping service [Catalina]
06-Sep-2026 00:40:41.668 WARNING [main] org.apache.catalina.loader.WebappClassLoaderBase.clearReferencesJdbc The web application [jpa02] registered the JDBC driver [com.mysql.cj.jdbc.Driver] but failed to unregister it when the web application was stopped. To prevent a memory leak, the JDBC Driver has been forcibly unregistered.
06-Sep-2026 00:40:41.669 WARNING [main] org.apache.catalina.loader.WebappClassLoaderBase.clearReferencesThreads The web application [jpa02] appears to have started a thread named [mysql-cj-abandoned-connection-cleanup] but has failed to stop it. This is very likely to create a memory leak. Stack trace of thread:
 java.base/jdk.internal.misc.Unsafe.park(Native Method)
 java.base/java.util.concurrent.locks.LockSupport.parkNanos(LockSupport.java:269)
 java.base/java.util.concurrent.locks.AbstractQueuedSynchronizer$ConditionObject.await(AbstractQueuedSynchronizer.java:1847)
 java.base/java.lang.ref.ReferenceQueue.await(ReferenceQueue.java:71)
 java.base/java.lang.ref.ReferenceQueue.remove0(ReferenceQueue.java:143)
 java.base/java.lang.ref.ReferenceQueue.remove(ReferenceQueue.java:218)
 com.mysql.cj.jdbc.AbandonedConnectionCleanupThread.run(AbandonedConnectionCleanupThread.java:93)
 java.base/java.util.concurrent.ThreadPoolExecutor.runWorker(ThreadPoolExecutor.java:1144)
 java.base/java.util.concurrent.ThreadPoolExecutor$Worker.run(ThreadPoolExecutor.java:642)
 java.base/java.lang.Thread.run(Thread.java:1583)
06-Sep-2026 00:40:41.669 WARNING [main] org.apache.catalina.loader.WebappClassLoaderBase.clearReferencesThreads The web application [jpa02] appears to have started a thread named [Hibernate Connection Pool Validation Thread] but has failed to stop it. This is very likely to create a memory leak. Stack trace of thread:
 java.base/jdk.internal.misc.Unsafe.park(Native Method)
 java.base/java.util.concurrent.locks.LockSupport.parkNanos(LockSupport.java:269)
 java.base/java.util.concurrent.locks.AbstractQueuedSynchronizer$ConditionObject.awaitNanos(AbstractQueuedSynchronizer.java:1758)
 java.base/java.util.concurrent.ScheduledThreadPoolExecutor$DelayedWorkQueue.take(ScheduledThreadPoolExecutor.java:1182)
 java.base/java.util.concurrent.ScheduledThreadPoolExecutor$DelayedWorkQueue.take(ScheduledThreadPoolExecutor.java:899)
 java.base/java.util.concurrent.ThreadPoolExecutor.getTask(ThreadPoolExecutor.java:1070)
 java.base/java.util.concurrent.ThreadPoolExecutor.runWorker(ThreadPoolExecutor.java:1130)
 java.base/java.util.concurrent.ThreadPoolExecutor$Worker.run(ThreadPoolExecutor.java:642)
 java.base/java.lang.Thread.run(Thread.java:1583)
06-Sep-2026 00:40:41.669 WARNING [main] org.apache.catalina.loader.WebappClassLoaderBase.clearReferencesThreads The web application [jpa02] appears to have started a thread named [Hibernate Connection Pool Validation Thread] but has failed to stop it. This is very likely to create a memory leak. Stack trace of thread:
 java.base/jdk.internal.misc.Unsafe.park(Native Method)
 java.base/java.util.concurrent.locks.LockSupport.parkNanos(LockSupport.java:269)
 java.base/java.util.concurrent.locks.AbstractQueuedSynchronizer$ConditionObject.awaitNanos(AbstractQueuedSynchronizer.java:1758)
 java.base/java.util.concurrent.ScheduledThreadPoolExecutor$DelayedWorkQueue.take(ScheduledThreadPoolExecutor.java:1182)
 java.base/java.util.concurrent.ScheduledThreadPoolExecutor$DelayedWorkQueue.take(ScheduledThreadPoolExecutor.java:899)
 java.base/java.util.concurrent.ThreadPoolExecutor.getTask(ThreadPoolExecutor.java:1070)
 java.base/java.util.concurrent.ThreadPoolExecutor.runWorker(ThreadPoolExecutor.java:1130)
 java.base/java.util.concurrent.ThreadPoolExecutor$Worker.run(ThreadPoolExecutor.java:642)
 java.base/java.lang.Thread.run(Thread.java:1583)
06-Sep-2026 00:40:41.670 WARNING [main] org.apache.catalina.loader.WebappClassLoaderBase.clearReferencesThreads The web application [jpa02] appears to have started a thread named [Hibernate Connection Pool Validation Thread] but has failed to stop it. This is very likely to create a memory leak. Stack trace of thread:
 java.base/jdk.internal.misc.Unsafe.park(Native Method)
 java.base/java.util.concurrent.locks.LockSupport.parkNanos(LockSupport.java:269)
 java.base/java.util.concurrent.locks.AbstractQueuedSynchronizer$ConditionObject.awaitNanos(AbstractQueuedSynchronizer.java:1758)
 java.base/java.util.concurrent.ScheduledThreadPoolExecutor$DelayedWorkQueue.take(ScheduledThreadPoolExecutor.java:1182)
 java.base/java.util.concurrent.ScheduledThreadPoolExecutor$DelayedWorkQueue.take(ScheduledThreadPoolExecutor.java:899)
 java.base/java.util.concurrent.ThreadPoolExecutor.getTask(ThreadPoolExecutor.java:1070)
 java.base/java.util.concurrent.ThreadPoolExecutor.runWorker(ThreadPoolExecutor.java:1130)
 java.base/java.util.concurrent.ThreadPoolExecutor$Worker.run(ThreadPoolExecutor.java:642)
 java.base/java.lang.Thread.run(Thread.java:1583)
06-Sep-2026 00:40:41.670 WARNING [main] org.apache.catalina.loader.WebappClassLoaderBase.clearReferencesThreads The web application [jpa02] appears to have started a thread named [Hibernate Connection Pool Validation Thread] but has failed to stop it. This is very likely to create a memory leak. Stack trace of thread:
 java.base/jdk.internal.misc.Unsafe.park(Native Method)
 java.base/java.util.concurrent.locks.LockSupport.parkNanos(LockSupport.java:269)
 java.base/java.util.concurrent.locks.AbstractQueuedSynchronizer$ConditionObject.awaitNanos(AbstractQueuedSynchronizer.java:1758)
 java.base/java.util.concurrent.ScheduledThreadPoolExecutor$DelayedWorkQueue.take(ScheduledThreadPoolExecutor.java:1182)
 java.base/java.util.concurrent.ScheduledThreadPoolExecutor$DelayedWorkQueue.take(ScheduledThreadPoolExecutor.java:899)
 java.base/java.util.concurrent.ThreadPoolExecutor.getTask(ThreadPoolExecutor.java:1070)
 java.base/java.util.concurrent.ThreadPoolExecutor.runWorker(ThreadPoolExecutor.java:1130)
 java.base/java.util.concurrent.ThreadPoolExecutor$Worker.run(ThreadPoolExecutor.java:642)
 java.base/java.lang.Thread.run(Thread.java:1583)
06-Sep-2026 00:40:41.670 WARNING [main] org.apache.catalina.loader.WebappClassLoaderBase.clearReferencesThreads The web application [jpa02] appears to have started a thread named [Hibernate Connection Pool Validation Thread] but has failed to stop it. This is very likely to create a memory leak. Stack trace of thread:
 java.base/jdk.internal.misc.Unsafe.park(Native Method)
 java.base/java.util.concurrent.locks.LockSupport.parkNanos(LockSupport.java:269)
 java.base/java.util.concurrent.locks.AbstractQueuedSynchronizer$ConditionObject.awaitNanos(AbstractQueuedSynchronizer.java:1758)
 java.base/java.util.concurrent.ScheduledThreadPoolExecutor$DelayedWorkQueue.take(ScheduledThreadPoolExecutor.java:1182)
 java.base/java.util.concurrent.ScheduledThreadPoolExecutor$DelayedWorkQueue.take(ScheduledThreadPoolExecutor.java:899)
 java.base/java.util.concurrent.ThreadPoolExecutor.getTask(ThreadPoolExecutor.java:1070)
 java.base/java.util.concurrent.ThreadPoolExecutor.runWorker(ThreadPoolExecutor.java:1130)
 java.base/java.util.concurrent.ThreadPoolExecutor$Worker.run(ThreadPoolExecutor.java:642)
 java.base/java.lang.Thread.run(Thread.java:1583)
06-Sep-2026 00:40:41.670 WARNING [main] org.apache.catalina.loader.WebappClassLoaderBase.clearReferencesThreads The web application [jpa02] appears to have started a thread named [Hibernate Connection Pool Validation Thread] but has failed to stop it. This is very likely to create a memory leak. Stack trace of thread:
 java.base/jdk.internal.misc.Unsafe.park(Native Method)
 java.base/java.util.concurrent.locks.LockSupport.parkNanos(LockSupport.java:269)
 java.base/java.util.concurrent.locks.AbstractQueuedSynchronizer$ConditionObject.awaitNanos(AbstractQueuedSynchronizer.java:1758)
 java.base/java.util.concurrent.ScheduledThreadPoolExecutor$DelayedWorkQueue.take(ScheduledThreadPoolExecutor.java:1182)
 java.base/java.util.concurrent.ScheduledThreadPoolExecutor$DelayedWorkQueue.take(ScheduledThreadPoolExecutor.java:899)
 java.base/java.util.concurrent.ThreadPoolExecutor.getTask(ThreadPoolExecutor.java:1070)
 java.base/java.util.concurrent.ThreadPoolExecutor.runWorker(ThreadPoolExecutor.java:1130)
 java.base/java.util.concurrent.ThreadPoolExecutor$Worker.run(ThreadPoolExecutor.java:642)
 java.base/java.lang.Thread.run(Thread.java:1583)
06-Sep-2026 00:40:41.671 WARNING [main] org.apache.catalina.loader.WebappClassLoaderBase.clearReferencesThreads The web application [jpa02] appears to have started a thread named [Hibernate Connection Pool Validation Thread] but has failed to stop it. This is very likely to create a memory leak. Stack trace of thread:
 java.base/jdk.internal.misc.Unsafe.park(Native Method)
 java.base/java.util.concurrent.locks.LockSupport.parkNanos(LockSupport.java:269)
 java.base/java.util.concurrent.locks.AbstractQueuedSynchronizer$ConditionObject.awaitNanos(AbstractQueuedSynchronizer.java:1758)
 java.base/java.util.concurrent.ScheduledThreadPoolExecutor$DelayedWorkQueue.take(ScheduledThreadPoolExecutor.java:1182)
 java.base/java.util.concurrent.ScheduledThreadPoolExecutor$DelayedWorkQueue.take(ScheduledThreadPoolExecutor.java:899)
 java.base/java.util.concurrent.ThreadPoolExecutor.getTask(ThreadPoolExecutor.java:1070)
 java.base/java.util.concurrent.ThreadPoolExecutor.runWorker(ThreadPoolExecutor.java:1130)
 java.base/java.util.concurrent.ThreadPoolExecutor$Worker.run(ThreadPoolExecutor.java:642)
 java.base/java.lang.Thread.run(Thread.java:1583)
06-Sep-2026 00:40:41.671 WARNING [main] org.apache.catalina.loader.WebappClassLoaderBase.clearReferencesThreads The web application [jpa02] appears to have started a thread named [Hibernate Connection Pool Validation Thread] but has failed to stop it. This is very likely to create a memory leak. Stack trace of thread:
 java.base/jdk.internal.misc.Unsafe.park(Native Method)
 java.base/java.util.concurrent.locks.LockSupport.parkNanos(LockSupport.java:269)
 java.base/java.util.concurrent.locks.AbstractQueuedSynchronizer$ConditionObject.awaitNanos(AbstractQueuedSynchronizer.java:1758)
 java.base/java.util.concurrent.ScheduledThreadPoolExecutor$DelayedWorkQueue.take(ScheduledThreadPoolExecutor.java:1182)
 java.base/java.util.concurrent.ScheduledThreadPoolExecutor$DelayedWorkQueue.take(ScheduledThreadPoolExecutor.java:899)
 java.base/java.util.concurrent.ThreadPoolExecutor.getTask(ThreadPoolExecutor.java:1070)
 java.base/java.util.concurrent.ThreadPoolExecutor.runWorker(ThreadPoolExecutor.java:1130)
 java.base/java.util.concurrent.ThreadPoolExecutor$Worker.run(ThreadPoolExecutor.java:642)
 java.base/java.lang.Thread.run(Thread.java:1583)
06-Sep-2026 00:40:41.671 WARNING [main] org.apache.catalina.loader.WebappClassLoaderBase.clearReferencesThreads The web application [jpa02] appears to have started a thread named [Hibernate Connection Pool Validation Thread] but has failed to stop it. This is very likely to create a memory leak. Stack trace of thread:
 java.base/jdk.internal.misc.Unsafe.park(Native Method)
 java.base/java.util.concurrent.locks.LockSupport.parkNanos(LockSupport.java:269)
 java.base/java.util.concurrent.locks.AbstractQueuedSynchronizer$ConditionObject.awaitNanos(AbstractQueuedSynchronizer.java:1758)
 java.base/java.util.concurrent.ScheduledThreadPoolExecutor$DelayedWorkQueue.take(ScheduledThreadPoolExecutor.java:1182)
 java.base/java.util.concurrent.ScheduledThreadPoolExecutor$DelayedWorkQueue.take(ScheduledThreadPoolExecutor.java:899)
 java.base/java.util.concurrent.ThreadPoolExecutor.getTask(ThreadPoolExecutor.java:1070)
 java.base/java.util.concurrent.ThreadPoolExecutor.runWorker(ThreadPoolExecutor.java:1130)
 java.base/java.util.concurrent.ThreadPoolExecutor$Worker.run(ThreadPoolExecutor.java:642)
 java.base/java.lang.Thread.run(Thread.java:1583)
06-Sep-2026 00:40:41.671 WARNING [main] org.apache.catalina.loader.WebappClassLoaderBase.clearReferencesThreads The web application [jpa02] appears to have started a thread named [Hibernate Connection Pool Validation Thread] but has failed to stop it. This is very likely to create a memory leak. Stack trace of thread:
 java.base/jdk.internal.misc.Unsafe.park(Native Method)
 java.base/java.util.concurrent.locks.LockSupport.parkNanos(LockSupport.java:269)
 java.base/java.util.concurrent.locks.AbstractQueuedSynchronizer$ConditionObject.awaitNanos(AbstractQueuedSynchronizer.java:1758)
 java.base/java.util.concurrent.ScheduledThreadPoolExecutor$DelayedWorkQueue.take(ScheduledThreadPoolExecutor.java:1182)
 java.base/java.util.concurrent.ScheduledThreadPoolExecutor$DelayedWorkQueue.take(ScheduledThreadPoolExecutor.java:899)
 java.base/java.util.concurrent.ThreadPoolExecutor.getTask(ThreadPoolExecutor.java:1070)
 java.base/java.util.concurrent.ThreadPoolExecutor.runWorker(ThreadPoolExecutor.java:1130)
 java.base/java.util.concurrent.ThreadPoolExecutor$Worker.run(ThreadPoolExecutor.java:642)
 java.base/java.lang.Thread.run(Thread.java:1583)
06-Sep-2026 00:40:41.672 WARNING [main] org.apache.catalina.loader.WebappClassLoaderBase.clearReferencesThreads The web application [jpa02] appears to have started a thread named [Hibernate Connection Pool Validation Thread] but has failed to stop it. This is very likely to create a memory leak. Stack trace of thread:
 java.base/jdk.internal.misc.Unsafe.park(Native Method)
 java.base/java.util.concurrent.locks.LockSupport.parkNanos(LockSupport.java:269)
 java.base/java.util.concurrent.locks.AbstractQueuedSynchronizer$ConditionObject.awaitNanos(AbstractQueuedSynchronizer.java:1758)
 java.base/java.util.concurrent.ScheduledThreadPoolExecutor$DelayedWorkQueue.take(ScheduledThreadPoolExecutor.java:1182)
 java.base/java.util.concurrent.ScheduledThreadPoolExecutor$DelayedWorkQueue.take(ScheduledThreadPoolExecutor.java:899)
 java.base/java.util.concurrent.ThreadPoolExecutor.getTask(ThreadPoolExecutor.java:1070)
 java.base/java.util.concurrent.ThreadPoolExecutor.runWorker(ThreadPoolExecutor.java:1130)
 java.base/java.util.concurrent.ThreadPoolExecutor$Worker.run(ThreadPoolExecutor.java:642)
 java.base/java.lang.Thread.run(Thread.java:1583)
06-Sep-2026 00:40:41.672 WARNING [main] org.apache.catalina.loader.WebappClassLoaderBase.clearReferencesThreads The web application [jpa02] appears to have started a thread named [Hibernate Connection Pool Validation Thread] but has failed to stop it. This is very likely to create a memory leak. Stack trace of thread:
 java.base/jdk.internal.misc.Unsafe.park(Native Method)
 java.base/java.util.concurrent.locks.LockSupport.parkNanos(LockSupport.java:269)
 java.base/java.util.concurrent.locks.AbstractQueuedSynchronizer$ConditionObject.awaitNanos(AbstractQueuedSynchronizer.java:1758)
 java.base/java.util.concurrent.ScheduledThreadPoolExecutor$DelayedWorkQueue.take(ScheduledThreadPoolExecutor.java:1182)
 java.base/java.util.concurrent.ScheduledThreadPoolExecutor$DelayedWorkQueue.take(ScheduledThreadPoolExecutor.java:899)
 java.base/java.util.concurrent.ThreadPoolExecutor.getTask(ThreadPoolExecutor.java:1070)
 java.base/java.util.concurrent.ThreadPoolExecutor.runWorker(ThreadPoolExecutor.java:1130)
 java.base/java.util.concurrent.ThreadPoolExecutor$Worker.run(ThreadPoolExecutor.java:642)
 java.base/java.lang.Thread.run(Thread.java:1583)
06-Sep-2026 00:40:41.672 WARNING [main] org.apache.catalina.loader.WebappClassLoaderBase.clearReferencesThreads The web application [jpa02] appears to have started a thread named [Hibernate Connection Pool Validation Thread] but has failed to stop it. This is very likely to create a memory leak. Stack trace of thread:
 java.base/jdk.internal.misc.Unsafe.park(Native Method)
 java.base/java.util.concurrent.locks.LockSupport.parkNanos(LockSupport.java:269)
 java.base/java.util.concurrent.locks.AbstractQueuedSynchronizer$ConditionObject.awaitNanos(AbstractQueuedSynchronizer.java:1758)
 java.base/java.util.concurrent.ScheduledThreadPoolExecutor$DelayedWorkQueue.take(ScheduledThreadPoolExecutor.java:1182)
 java.base/java.util.concurrent.ScheduledThreadPoolExecutor$DelayedWorkQueue.take(ScheduledThreadPoolExecutor.java:899)
 java.base/java.util.concurrent.ThreadPoolExecutor.getTask(ThreadPoolExecutor.java:1070)
 java.base/java.util.concurrent.ThreadPoolExecutor.runWorker(ThreadPoolExecutor.java:1130)
 java.base/java.util.concurrent.ThreadPoolExecutor$Worker.run(ThreadPoolExecutor.java:642)
 java.base/java.lang.Thread.run(Thread.java:1583)
06-Sep-2026 00:40:41.691 INFO [main] org.apache.coyote.AbstractProtocol.stop Stopping ProtocolHandler ["http-nio-8080"]
06-Sep-2026 00:40:41.706 INFO [main] org.apache.coyote.AbstractProtocol.destroy Destroying ProtocolHandler ["http-nio-8080"]
06-Sep-2026 00:40:54.658 INFO [main] org.apache.catalina.startup.VersionLoggerListener.log Server version name:   Apache Tomcat/10.1.44
06-Sep-2026 00:40:54.666 INFO [main] org.apache.catalina.startup.VersionLoggerListener.log Server built:          Aug 4 2025 13:14:17 UTC
06-Sep-2026 00:40:54.666 INFO [main] org.apache.catalina.startup.VersionLoggerListener.log Server version number: 10.1.44.0
06-Sep-2026 00:40:54.667 INFO [main] org.apache.catalina.startup.VersionLoggerListener.log OS Name:               Windows 11
06-Sep-2026 00:40:54.667 INFO [main] org.apache.catalina.startup.VersionLoggerListener.log OS Version:            10.0
06-Sep-2026 00:40:54.667 INFO [main] org.apache.catalina.startup.VersionLoggerListener.log Architecture:          amd64
06-Sep-2026 00:40:54.667 INFO [main] org.apache.catalina.startup.VersionLoggerListener.log Java Home:             C:\Program Files\Java\jdk-21
06-Sep-2026 00:40:54.667 INFO [main] org.apache.catalina.startup.VersionLoggerListener.log JVM Version:           21.0.2+13-LTS-58
06-Sep-2026 00:40:54.667 INFO [main] org.apache.catalina.startup.VersionLoggerListener.log JVM Vendor:            Oracle Corporation
06-Sep-2026 00:40:54.667 INFO [main] org.apache.catalina.startup.VersionLoggerListener.log CATALINA_BASE:         D:\web\apache-tomcat-10.1.44\apache-tomcat-10.1.44
06-Sep-2026 00:40:54.667 INFO [main] org.apache.catalina.startup.VersionLoggerListener.log CATALINA_HOME:         D:\web\apache-tomcat-10.1.44\apache-tomcat-10.1.44
06-Sep-2026 00:40:54.681 INFO [main] org.apache.catalina.startup.VersionLoggerListener.log Command line argument: -Djava.util.logging.config.file=D:\web\apache-tomcat-10.1.44\apache-tomcat-10.1.44\conf\logging.properties
06-Sep-2026 00:40:54.681 INFO [main] org.apache.catalina.startup.VersionLoggerListener.log Command line argument: -Djava.util.logging.manager=org.apache.juli.ClassLoaderLogManager
06-Sep-2026 00:40:54.681 INFO [main] org.apache.catalina.startup.VersionLoggerListener.log Command line argument: -Djdk.tls.ephemeralDHKeySize=2048
06-Sep-2026 00:40:54.681 INFO [main] org.apache.catalina.startup.VersionLoggerListener.log Command line argument: -Djava.protocol.handler.pkgs=org.apache.catalina.webresources
06-Sep-2026 00:40:54.681 INFO [main] org.apache.catalina.startup.VersionLoggerListener.log Command line argument: -Dsun.io.useCanonCaches=false
06-Sep-2026 00:40:54.682 INFO [main] org.apache.catalina.startup.VersionLoggerListener.log Command line argument: --add-opens=java.base/java.lang=ALL-UNNAMED
06-Sep-2026 00:40:54.682 INFO [main] org.apache.catalina.startup.VersionLoggerListener.log Command line argument: --add-opens=java.base/java.lang.reflect=ALL-UNNAMED
06-Sep-2026 00:40:54.682 INFO [main] org.apache.catalina.startup.VersionLoggerListener.log Command line argument: --add-opens=java.base/java.io=ALL-UNNAMED
06-Sep-2026 00:40:54.682 INFO [main] org.apache.catalina.startup.VersionLoggerListener.log Command line argument: --add-opens=java.base/java.util=ALL-UNNAMED
06-Sep-2026 00:40:54.682 INFO [main] org.apache.catalina.startup.VersionLoggerListener.log Command line argument: --add-opens=java.base/java.util.concurrent=ALL-UNNAMED
06-Sep-2026 00:40:54.682 INFO [main] org.apache.catalina.startup.VersionLoggerListener.log Command line argument: --add-opens=java.rmi/sun.rmi.transport=ALL-UNNAMED
06-Sep-2026 00:40:54.682 INFO [main] org.apache.catalina.startup.VersionLoggerListener.log Command line argument: -Dcatalina.base=D:\web\apache-tomcat-10.1.44\apache-tomcat-10.1.44
06-Sep-2026 00:40:54.683 INFO [main] org.apache.catalina.startup.VersionLoggerListener.log Command line argument: -Dcatalina.home=D:\web\apache-tomcat-10.1.44\apache-tomcat-10.1.44
06-Sep-2026 00:40:54.683 INFO [main] org.apache.catalina.startup.VersionLoggerListener.log Command line argument: -Djava.io.tmpdir=D:\web\apache-tomcat-10.1.44\apache-tomcat-10.1.44\temp
06-Sep-2026 00:40:54.687 INFO [main] org.apache.catalina.core.AprLifecycleListener.lifecycleEvent The Apache Tomcat Native library which allows using OpenSSL was not found on the java.library.path: [C:\Program Files\Java\jdk-21\bin;C:\Windows\Sun\Java\bin;C:\Windows\system32;C:\Windows;C:\Users\ADMIN\bin;C:\Program Files\Git\mingw64\bin;C:\Program Files\Git\usr\local\bin;C:\Program Files\Git\usr\bin;C:\Program Files\Git\usr\bin;C:\Program Files\Git\mingw64\bin;C:\Program Files\Git\usr\bin;C:\Users\ADMIN\bin;C:\Program Files\Common Files\Oracle\Java\javapath;C:\Program Files (x86)\VMware\VMware Workstation\bin;C:\Windows\system32;C:\Windows;C:\Windows\System32\Wbem;C:\Windows\System32\WindowsPowerShell\v1.0;C:\Windows\System32\OpenSSH;C:\Program Files (x86)\NVIDIA Corporation\PhysX\Common;C:\Program Files\NVIDIA Corporation\NVIDIA NvDLISR;C:\Windows\system32;C:\Windows;C:\Windows\System32\Wbem;C:\Windows\System32\WindowsPowerShell\v1.0;C:\Windows\System32\OpenSSH;C:\Program Files\dotnet;;.]
06-Sep-2026 00:40:54.926 INFO [main] org.apache.coyote.AbstractProtocol.init Initializing ProtocolHandler ["http-nio-8080"]
06-Sep-2026 00:40:54.949 INFO [main] org.apache.catalina.startup.Catalina.load Server initialization in [443] milliseconds
06-Sep-2026 00:40:55.007 INFO [main] org.apache.catalina.core.StandardService.startInternal Starting service [Catalina]
06-Sep-2026 00:40:55.007 INFO [main] org.apache.catalina.core.StandardEngine.startInternal Starting Servlet engine: [Apache Tomcat/10.1.44]
06-Sep-2026 00:40:55.020 INFO [main] org.apache.catalina.startup.HostConfig.deployWAR Deploying web application archive [D:\web\apache-tomcat-10.1.44\apache-tomcat-10.1.44\webapps\jpa02.war]
06-Sep-2026 00:40:57.562 INFO [main] org.apache.jasper.servlet.TldScanner.scanJars At least one JAR was scanned for TLDs yet contained no TLDs. Enable debug logging for this logger for a complete list of JARs that were scanned but no TLDs were found in them. Skipping unneeded JARs during scanning can improve startup time and JSP compilation time.
06-Sep-2026 00:40:57.659 INFO [main] org.sitemesh.config.ConfigurableSiteMeshFilter.init SiteMesh 3.2.1 initialized with filter name 'sitemesh'
06-Sep-2026 00:40:57.673 INFO [main] org.apache.catalina.startup.HostConfig.deployWAR Deployment of web application archive [D:\web\apache-tomcat-10.1.44\apache-tomcat-10.1.44\webapps\jpa02.war] has finished in [2,654] ms
06-Sep-2026 00:40:57.674 INFO [main] org.apache.catalina.startup.HostConfig.deployDirectory Deploying web application directory [D:\web\apache-tomcat-10.1.44\apache-tomcat-10.1.44\webapps\docs]
06-Sep-2026 00:40:57.704 INFO [main] org.apache.catalina.startup.HostConfig.deployDirectory Deployment of web application directory [D:\web\apache-tomcat-10.1.44\apache-tomcat-10.1.44\webapps\docs] has finished in [29] ms
06-Sep-2026 00:40:57.704 INFO [main] org.apache.catalina.startup.HostConfig.deployDirectory Deploying web application directory [D:\web\apache-tomcat-10.1.44\apache-tomcat-10.1.44\webapps\examples]
06-Sep-2026 00:40:57.951 INFO [main] org.apache.catalina.startup.HostConfig.deployDirectory Deployment of web application directory [D:\web\apache-tomcat-10.1.44\apache-tomcat-10.1.44\webapps\examples] has finished in [247] ms
06-Sep-2026 00:40:57.952 INFO [main] org.apache.catalina.startup.HostConfig.deployDirectory Deploying web application directory [D:\web\apache-tomcat-10.1.44\apache-tomcat-10.1.44\webapps\host-manager]
06-Sep-2026 00:40:57.979 INFO [main] org.apache.catalina.startup.HostConfig.deployDirectory Deployment of web application directory [D:\web\apache-tomcat-10.1.44\apache-tomcat-10.1.44\webapps\host-manager] has finished in [26] ms
06-Sep-2026 00:40:57.979 INFO [main] org.apache.catalina.startup.HostConfig.deployDirectory Deploying web application directory [D:\web\apache-tomcat-10.1.44\apache-tomcat-10.1.44\webapps\manager]
06-Sep-2026 00:40:58.001 INFO [main] org.apache.catalina.startup.HostConfig.deployDirectory Deployment of web application directory [D:\web\apache-tomcat-10.1.44\apache-tomcat-10.1.44\webapps\manager] has finished in [21] ms
06-Sep-2026 00:40:58.001 INFO [main] org.apache.catalina.startup.HostConfig.deployDirectory Deploying web application directory [D:\web\apache-tomcat-10.1.44\apache-tomcat-10.1.44\webapps\ROOT]
06-Sep-2026 00:40:58.018 INFO [main] org.apache.catalina.startup.HostConfig.deployDirectory Deployment of web application directory [D:\web\apache-tomcat-10.1.44\apache-tomcat-10.1.44\webapps\ROOT] has finished in [17] ms
06-Sep-2026 00:40:58.022 INFO [main] org.apache.coyote.AbstractProtocol.start Starting ProtocolHandler ["http-nio-8080"]
06-Sep-2026 00:40:58.048 INFO [main] org.apache.catalina.startup.Catalina.start Server startup in [3096] milliseconds
06-Sep-2026 00:41:19.266 INFO [http-nio-8080-exec-1] org.hibernate.jpa.internal.util.LogHelper.logPersistenceUnitInformation HHH000204: Processing PersistenceUnitInfo [name: jpa-hibernate-mysql]
06-Sep-2026 00:41:19.405 INFO [http-nio-8080-exec-1] org.hibernate.Version.logVersion HHH000412: Hibernate ORM core version 6.4.4.Final
06-Sep-2026 00:41:19.487 INFO [http-nio-8080-exec-1] org.hibernate.cache.internal.RegionFactoryInitiator.initiateService HHH000026: Second-level cache disabled
06-Sep-2026 00:41:19.910 WARN [http-nio-8080-exec-1] org.hibernate.engine.jdbc.connections.internal.DriverManagerConnectionProviderImpl.configure HHH10001002: Using built-in connection pool (not intended for production use)
06-Sep-2026 00:41:19.918 INFO [http-nio-8080-exec-1] org.hibernate.engine.jdbc.connections.internal.DriverManagerConnectionProviderImpl.buildCreator HHH10001005: Loaded JDBC driver class: com.mysql.cj.jdbc.Driver
06-Sep-2026 00:41:19.918 INFO [http-nio-8080-exec-1] org.hibernate.engine.jdbc.connections.internal.DriverManagerConnectionProviderImpl.buildCreator HHH10001012: Connecting with JDBC URL [jdbc:mysql://localhost:3306/webst2?useSSL=false&allowPublicKeyRetrieval=true&serverTimezone=UTC]
06-Sep-2026 00:41:19.919 INFO [http-nio-8080-exec-1] org.hibernate.engine.jdbc.connections.internal.DriverManagerConnectionProviderImpl.buildCreator HHH10001001: Connection properties: {password=****, user=root}
06-Sep-2026 00:41:19.919 INFO [http-nio-8080-exec-1] org.hibernate.engine.jdbc.connections.internal.DriverManagerConnectionProviderImpl.buildCreator HHH10001003: Autocommit mode: false
06-Sep-2026 00:41:19.925 INFO [http-nio-8080-exec-1] org.hibernate.engine.jdbc.connections.internal.DriverManagerConnectionProviderImpl$PooledConnections.<init> HHH10001115: Connection pool size: 20 (min=1)
06-Sep-2026 00:41:20.318 WARN [http-nio-8080-exec-1] org.hibernate.engine.jdbc.dialect.internal.DialectFactoryImpl.constructDialect HHH90000025: MySQLDialect does not need to be specified explicitly using 'hibernate.dialect' (remove the property setting and it will be selected by default)
06-Sep-2026 00:41:21.341 INFO [http-nio-8080-exec-1] org.hibernate.validator.internal.util.Version.<clinit> HV000001: Hibernate Validator 8.0.1.Final
06-Sep-2026 00:41:23.013 INFO [http-nio-8080-exec-1] org.hibernate.engine.transaction.jta.platform.internal.JtaPlatformInitiator.initiateService HHH000489: No JTA platform available (set 'hibernate.transaction.jta.platform' to enable JTA platform integration)
06-Sep-2026 00:41:23.548 INFO [http-nio-8080-exec-1] org.hibernate.resource.transaction.backend.jdbc.internal.DdlTransactionIsolatorNonJtaImpl.getIsolatedConnection HHH10001501: Connection obtained from JdbcConnectionAccess [org.hibernate.engine.jdbc.env.internal.JdbcEnvironmentInitiator$ConnectionProviderJdbcConnectionAccess@1c040d2c] for (non-JTA) DDL execution was not in auto-commit mode; the Connection 'local transaction' will be committed and the Connection will be set into auto-commit mode.
06-Sep-2026 00:41:40.975 INFO [http-nio-8080-exec-7] org.hibernate.jpa.internal.util.LogHelper.logPersistenceUnitInformation HHH000204: Processing PersistenceUnitInfo [name: jpa-hibernate-mysql]
06-Sep-2026 00:41:40.983 INFO [http-nio-8080-exec-7] org.hibernate.cache.internal.RegionFactoryInitiator.initiateService HHH000026: Second-level cache disabled
06-Sep-2026 00:41:41.022 WARN [http-nio-8080-exec-7] org.hibernate.engine.jdbc.connections.internal.DriverManagerConnectionProviderImpl.configure HHH10001002: Using built-in connection pool (not intended for production use)
06-Sep-2026 00:41:41.023 INFO [http-nio-8080-exec-7] org.hibernate.engine.jdbc.connections.internal.DriverManagerConnectionProviderImpl.buildCreator HHH10001005: Loaded JDBC driver class: com.mysql.cj.jdbc.Driver
06-Sep-2026 00:41:41.023 INFO [http-nio-8080-exec-7] org.hibernate.engine.jdbc.connections.internal.DriverManagerConnectionProviderImpl.buildCreator HHH10001012: Connecting with JDBC URL [jdbc:mysql://localhost:3306/webst2?useSSL=false&allowPublicKeyRetrieval=true&serverTimezone=UTC]
06-Sep-2026 00:41:41.023 INFO [http-nio-8080-exec-7] org.hibernate.engine.jdbc.connections.internal.DriverManagerConnectionProviderImpl.buildCreator HHH10001001: Connection properties: {password=****, user=root}
06-Sep-2026 00:41:41.024 INFO [http-nio-8080-exec-7] org.hibernate.engine.jdbc.connections.internal.DriverManagerConnectionProviderImpl.buildCreator HHH10001003: Autocommit mode: false
06-Sep-2026 00:41:41.024 INFO [http-nio-8080-exec-7] org.hibernate.engine.jdbc.connections.internal.DriverManagerConnectionProviderImpl$PooledConnections.<init> HHH10001115: Connection pool size: 20 (min=1)
06-Sep-2026 00:41:41.031 WARN [http-nio-8080-exec-7] org.hibernate.engine.jdbc.dialect.internal.DialectFactoryImpl.constructDialect HHH90000025: MySQLDialect does not need to be specified explicitly using 'hibernate.dialect' (remove the property setting and it will be selected by default)
06-Sep-2026 00:41:41.155 INFO [http-nio-8080-exec-7] org.hibernate.engine.transaction.jta.platform.internal.JtaPlatformInitiator.initiateService HHH000489: No JTA platform available (set 'hibernate.transaction.jta.platform' to enable JTA platform integration)
06-Sep-2026 00:41:41.157 INFO [http-nio-8080-exec-7] org.hibernate.resource.transaction.backend.jdbc.internal.DdlTransactionIsolatorNonJtaImpl.getIsolatedConnection HHH10001501: Connection obtained from JdbcConnectionAccess [org.hibernate.engine.jdbc.env.internal.JdbcEnvironmentInitiator$ConnectionProviderJdbcConnectionAccess@3c8a52d3] for (non-JTA) DDL execution was not in auto-commit mode; the Connection 'local transaction' will be committed and the Connection will be set into auto-commit mode.
06-Sep-2026 00:41:43.934 INFO [http-nio-8080-exec-10] org.hibernate.jpa.internal.util.LogHelper.logPersistenceUnitInformation HHH000204: Processing PersistenceUnitInfo [name: jpa-hibernate-mysql]
06-Sep-2026 00:41:43.939 INFO [http-nio-8080-exec-10] org.hibernate.cache.internal.RegionFactoryInitiator.initiateService HHH000026: Second-level cache disabled
06-Sep-2026 00:41:43.971 WARN [http-nio-8080-exec-10] org.hibernate.engine.jdbc.connections.internal.DriverManagerConnectionProviderImpl.configure HHH10001002: Using built-in connection pool (not intended for production use)
06-Sep-2026 00:41:43.972 INFO [http-nio-8080-exec-10] org.hibernate.engine.jdbc.connections.internal.DriverManagerConnectionProviderImpl.buildCreator HHH10001005: Loaded JDBC driver class: com.mysql.cj.jdbc.Driver
06-Sep-2026 00:41:43.972 INFO [http-nio-8080-exec-10] org.hibernate.engine.jdbc.connections.internal.DriverManagerConnectionProviderImpl.buildCreator HHH10001012: Connecting with JDBC URL [jdbc:mysql://localhost:3306/webst2?useSSL=false&allowPublicKeyRetrieval=true&serverTimezone=UTC]
06-Sep-2026 00:41:43.972 INFO [http-nio-8080-exec-10] org.hibernate.engine.jdbc.connections.internal.DriverManagerConnectionProviderImpl.buildCreator HHH10001001: Connection properties: {password=****, user=root}
06-Sep-2026 00:41:43.973 INFO [http-nio-8080-exec-10] org.hibernate.engine.jdbc.connections.internal.DriverManagerConnectionProviderImpl.buildCreator HHH10001003: Autocommit mode: false
06-Sep-2026 00:41:43.973 INFO [http-nio-8080-exec-10] org.hibernate.engine.jdbc.connections.internal.DriverManagerConnectionProviderImpl$PooledConnections.<init> HHH10001115: Connection pool size: 20 (min=1)
06-Sep-2026 00:41:43.979 WARN [http-nio-8080-exec-10] org.hibernate.engine.jdbc.dialect.internal.DialectFactoryImpl.constructDialect HHH90000025: MySQLDialect does not need to be specified explicitly using 'hibernate.dialect' (remove the property setting and it will be selected by default)
06-Sep-2026 00:41:44.080 INFO [http-nio-8080-exec-10] org.hibernate.engine.transaction.jta.platform.internal.JtaPlatformInitiator.initiateService HHH000489: No JTA platform available (set 'hibernate.transaction.jta.platform' to enable JTA platform integration)
06-Sep-2026 00:41:44.083 INFO [http-nio-8080-exec-10] org.hibernate.resource.transaction.backend.jdbc.internal.DdlTransactionIsolatorNonJtaImpl.getIsolatedConnection HHH10001501: Connection obtained from JdbcConnectionAccess [org.hibernate.engine.jdbc.env.internal.JdbcEnvironmentInitiator$ConnectionProviderJdbcConnectionAccess@416b7f7c] for (non-JTA) DDL execution was not in auto-commit mode; the Connection 'local transaction' will be committed and the Connection will be set into auto-commit mode.
06-Sep-2026 00:41:45.864 INFO [http-nio-8080-exec-2] org.hibernate.jpa.internal.util.LogHelper.logPersistenceUnitInformation HHH000204: Processing PersistenceUnitInfo [name: jpa-hibernate-mysql]
06-Sep-2026 00:41:45.867 INFO [http-nio-8080-exec-2] org.hibernate.cache.internal.RegionFactoryInitiator.initiateService HHH000026: Second-level cache disabled
06-Sep-2026 00:41:45.893 WARN [http-nio-8080-exec-2] org.hibernate.engine.jdbc.connections.internal.DriverManagerConnectionProviderImpl.configure HHH10001002: Using built-in connection pool (not intended for production use)
06-Sep-2026 00:41:45.894 INFO [http-nio-8080-exec-2] org.hibernate.engine.jdbc.connections.internal.DriverManagerConnectionProviderImpl.buildCreator HHH10001005: Loaded JDBC driver class: com.mysql.cj.jdbc.Driver
06-Sep-2026 00:41:45.894 INFO [http-nio-8080-exec-2] org.hibernate.engine.jdbc.connections.internal.DriverManagerConnectionProviderImpl.buildCreator HHH10001012: Connecting with JDBC URL [jdbc:mysql://localhost:3306/webst2?useSSL=false&allowPublicKeyRetrieval=true&serverTimezone=UTC]
06-Sep-2026 00:41:45.894 INFO [http-nio-8080-exec-2] org.hibernate.engine.jdbc.connections.internal.DriverManagerConnectionProviderImpl.buildCreator HHH10001001: Connection properties: {password=****, user=root}
06-Sep-2026 00:41:45.894 INFO [http-nio-8080-exec-2] org.hibernate.engine.jdbc.connections.internal.DriverManagerConnectionProviderImpl.buildCreator HHH10001003: Autocommit mode: false
06-Sep-2026 00:41:45.894 INFO [http-nio-8080-exec-2] org.hibernate.engine.jdbc.connections.internal.DriverManagerConnectionProviderImpl$PooledConnections.<init> HHH10001115: Connection pool size: 20 (min=1)
06-Sep-2026 00:41:45.899 WARN [http-nio-8080-exec-2] org.hibernate.engine.jdbc.dialect.internal.DialectFactoryImpl.constructDialect HHH90000025: MySQLDialect does not need to be specified explicitly using 'hibernate.dialect' (remove the property setting and it will be selected by default)
06-Sep-2026 00:41:45.993 INFO [http-nio-8080-exec-2] org.hibernate.engine.transaction.jta.platform.internal.JtaPlatformInitiator.initiateService HHH000489: No JTA platform available (set 'hibernate.transaction.jta.platform' to enable JTA platform integration)
06-Sep-2026 00:41:45.995 INFO [http-nio-8080-exec-2] org.hibernate.resource.transaction.backend.jdbc.internal.DdlTransactionIsolatorNonJtaImpl.getIsolatedConnection HHH10001501: Connection obtained from JdbcConnectionAccess [org.hibernate.engine.jdbc.env.internal.JdbcEnvironmentInitiator$ConnectionProviderJdbcConnectionAccess@6dd79788] for (non-JTA) DDL execution was not in auto-commit mode; the Connection 'local transaction' will be committed and the Connection will be set into auto-commit mode.
06-Sep-2026 00:43:16.384 INFO [http-nio-8080-exec-6] org.hibernate.jpa.internal.util.LogHelper.logPersistenceUnitInformation HHH000204: Processing PersistenceUnitInfo [name: jpa-hibernate-mysql]
06-Sep-2026 00:43:16.391 INFO [http-nio-8080-exec-6] org.hibernate.cache.internal.RegionFactoryInitiator.initiateService HHH000026: Second-level cache disabled
06-Sep-2026 00:43:16.426 WARN [http-nio-8080-exec-6] org.hibernate.engine.jdbc.connections.internal.DriverManagerConnectionProviderImpl.configure HHH10001002: Using built-in connection pool (not intended for production use)
06-Sep-2026 00:43:16.426 INFO [http-nio-8080-exec-6] org.hibernate.engine.jdbc.connections.internal.DriverManagerConnectionProviderImpl.buildCreator HHH10001005: Loaded JDBC driver class: com.mysql.cj.jdbc.Driver
06-Sep-2026 00:43:16.426 INFO [http-nio-8080-exec-6] org.hibernate.engine.jdbc.connections.internal.DriverManagerConnectionProviderImpl.buildCreator HHH10001012: Connecting with JDBC URL [jdbc:mysql://localhost:3306/webst2?useSSL=false&allowPublicKeyRetrieval=true&serverTimezone=UTC]
06-Sep-2026 00:43:16.426 INFO [http-nio-8080-exec-6] org.hibernate.engine.jdbc.connections.internal.DriverManagerConnectionProviderImpl.buildCreator HHH10001001: Connection properties: {password=****, user=root}
06-Sep-2026 00:43:16.426 INFO [http-nio-8080-exec-6] org.hibernate.engine.jdbc.connections.internal.DriverManagerConnectionProviderImpl.buildCreator HHH10001003: Autocommit mode: false
06-Sep-2026 00:43:16.426 INFO [http-nio-8080-exec-6] org.hibernate.engine.jdbc.connections.internal.DriverManagerConnectionProviderImpl$PooledConnections.<init> HHH10001115: Connection pool size: 20 (min=1)
06-Sep-2026 00:43:16.433 WARN [http-nio-8080-exec-6] org.hibernate.engine.jdbc.dialect.internal.DialectFactoryImpl.constructDialect HHH90000025: MySQLDialect does not need to be specified explicitly using 'hibernate.dialect' (remove the property setting and it will be selected by default)
06-Sep-2026 00:43:16.517 INFO [http-nio-8080-exec-6] org.hibernate.engine.transaction.jta.platform.internal.JtaPlatformInitiator.initiateService HHH000489: No JTA platform available (set 'hibernate.transaction.jta.platform' to enable JTA platform integration)
06-Sep-2026 00:43:16.519 INFO [http-nio-8080-exec-6] org.hibernate.resource.transaction.backend.jdbc.internal.DdlTransactionIsolatorNonJtaImpl.getIsolatedConnection HHH10001501: Connection obtained from JdbcConnectionAccess [org.hibernate.engine.jdbc.env.internal.JdbcEnvironmentInitiator$ConnectionProviderJdbcConnectionAccess@29c4d2e4] for (non-JTA) DDL execution was not in auto-commit mode; the Connection 'local transaction' will be committed and the Connection will be set into auto-commit mode.
06-Sep-2026 00:43:25.621 INFO [http-nio-8080-exec-1] org.hibernate.jpa.internal.util.LogHelper.logPersistenceUnitInformation HHH000204: Processing PersistenceUnitInfo [name: jpa-hibernate-mysql]
06-Sep-2026 00:43:25.628 INFO [http-nio-8080-exec-1] org.hibernate.cache.internal.RegionFactoryInitiator.initiateService HHH000026: Second-level cache disabled
06-Sep-2026 00:43:25.662 WARN [http-nio-8080-exec-1] org.hibernate.engine.jdbc.connections.internal.DriverManagerConnectionProviderImpl.configure HHH10001002: Using built-in connection pool (not intended for production use)
06-Sep-2026 00:43:25.663 INFO [http-nio-8080-exec-1] org.hibernate.engine.jdbc.connections.internal.DriverManagerConnectionProviderImpl.buildCreator HHH10001005: Loaded JDBC driver class: com.mysql.cj.jdbc.Driver
06-Sep-2026 00:43:25.663 INFO [http-nio-8080-exec-1] org.hibernate.engine.jdbc.connections.internal.DriverManagerConnectionProviderImpl.buildCreator HHH10001012: Connecting with JDBC URL [jdbc:mysql://localhost:3306/webst2?useSSL=false&allowPublicKeyRetrieval=true&serverTimezone=UTC]
06-Sep-2026 00:43:25.663 INFO [http-nio-8080-exec-1] org.hibernate.engine.jdbc.connections.internal.DriverManagerConnectionProviderImpl.buildCreator HHH10001001: Connection properties: {password=****, user=root}
06-Sep-2026 00:43:25.663 INFO [http-nio-8080-exec-1] org.hibernate.engine.jdbc.connections.internal.DriverManagerConnectionProviderImpl.buildCreator HHH10001003: Autocommit mode: false
06-Sep-2026 00:43:25.664 INFO [http-nio-8080-exec-1] org.hibernate.engine.jdbc.connections.internal.DriverManagerConnectionProviderImpl$PooledConnections.<init> HHH10001115: Connection pool size: 20 (min=1)
06-Sep-2026 00:43:25.669 WARN [http-nio-8080-exec-1] org.hibernate.engine.jdbc.dialect.internal.DialectFactoryImpl.constructDialect HHH90000025: MySQLDialect does not need to be specified explicitly using 'hibernate.dialect' (remove the property setting and it will be selected by default)
06-Sep-2026 00:43:25.750 INFO [http-nio-8080-exec-1] org.hibernate.engine.transaction.jta.platform.internal.JtaPlatformInitiator.initiateService HHH000489: No JTA platform available (set 'hibernate.transaction.jta.platform' to enable JTA platform integration)
06-Sep-2026 00:43:25.752 INFO [http-nio-8080-exec-1] org.hibernate.resource.transaction.backend.jdbc.internal.DdlTransactionIsolatorNonJtaImpl.getIsolatedConnection HHH10001501: Connection obtained from JdbcConnectionAccess [org.hibernate.engine.jdbc.env.internal.JdbcEnvironmentInitiator$ConnectionProviderJdbcConnectionAccess@636eeb79] for (non-JTA) DDL execution was not in auto-commit mode; the Connection 'local transaction' will be committed and the Connection will be set into auto-commit mode.
06-Sep-2026 00:43:25.838 INFO [http-nio-8080-exec-9] org.hibernate.jpa.internal.util.LogHelper.logPersistenceUnitInformation HHH000204: Processing PersistenceUnitInfo [name: jpa-hibernate-mysql]
06-Sep-2026 00:43:25.840 INFO [http-nio-8080-exec-9] org.hibernate.cache.internal.RegionFactoryInitiator.initiateService HHH000026: Second-level cache disabled
06-Sep-2026 00:43:25.866 WARN [http-nio-8080-exec-9] org.hibernate.engine.jdbc.connections.internal.DriverManagerConnectionProviderImpl.configure HHH10001002: Using built-in connection pool (not intended for production use)
06-Sep-2026 00:43:25.867 INFO [http-nio-8080-exec-9] org.hibernate.engine.jdbc.connections.internal.DriverManagerConnectionProviderImpl.buildCreator HHH10001005: Loaded JDBC driver class: com.mysql.cj.jdbc.Driver
06-Sep-2026 00:43:25.867 INFO [http-nio-8080-exec-9] org.hibernate.engine.jdbc.connections.internal.DriverManagerConnectionProviderImpl.buildCreator HHH10001012: Connecting with JDBC URL [jdbc:mysql://localhost:3306/webst2?useSSL=false&allowPublicKeyRetrieval=true&serverTimezone=UTC]
06-Sep-2026 00:43:25.867 INFO [http-nio-8080-exec-9] org.hibernate.engine.jdbc.connections.internal.DriverManagerConnectionProviderImpl.buildCreator HHH10001001: Connection properties: {password=****, user=root}
06-Sep-2026 00:43:25.867 INFO [http-nio-8080-exec-9] org.hibernate.engine.jdbc.connections.internal.DriverManagerConnectionProviderImpl.buildCreator HHH10001003: Autocommit mode: false
06-Sep-2026 00:43:25.867 INFO [http-nio-8080-exec-9] org.hibernate.engine.jdbc.connections.internal.DriverManagerConnectionProviderImpl$PooledConnections.<init> HHH10001115: Connection pool size: 20 (min=1)
06-Sep-2026 00:43:25.873 WARN [http-nio-8080-exec-9] org.hibernate.engine.jdbc.dialect.internal.DialectFactoryImpl.constructDialect HHH90000025: MySQLDialect does not need to be specified explicitly using 'hibernate.dialect' (remove the property setting and it will be selected by default)
06-Sep-2026 00:43:25.947 INFO [http-nio-8080-exec-9] org.hibernate.engine.transaction.jta.platform.internal.JtaPlatformInitiator.initiateService HHH000489: No JTA platform available (set 'hibernate.transaction.jta.platform' to enable JTA platform integration)
06-Sep-2026 00:43:25.949 INFO [http-nio-8080-exec-9] org.hibernate.resource.transaction.backend.jdbc.internal.DdlTransactionIsolatorNonJtaImpl.getIsolatedConnection HHH10001501: Connection obtained from JdbcConnectionAccess [org.hibernate.engine.jdbc.env.internal.JdbcEnvironmentInitiator$ConnectionProviderJdbcConnectionAccess@aa9e853] for (non-JTA) DDL execution was not in auto-commit mode; the Connection 'local transaction' will be committed and the Connection will be set into auto-commit mode.
06-Sep-2026 00:45:50.081 INFO [main] org.apache.catalina.core.StandardServer.await A valid shutdown command was received via the shutdown port. Stopping the Server instance.
06-Sep-2026 00:45:50.082 INFO [main] org.apache.coyote.AbstractProtocol.pause Pausing ProtocolHandler ["http-nio-8080"]
06-Sep-2026 00:45:50.091 INFO [main] org.apache.catalina.core.StandardService.stopInternal Stopping service [Catalina]
06-Sep-2026 00:45:50.105 WARNING [main] org.apache.catalina.loader.WebappClassLoaderBase.clearReferencesJdbc The web application [jpa02] registered the JDBC driver [com.mysql.cj.jdbc.Driver] but failed to unregister it when the web application was stopped. To prevent a memory leak, the JDBC Driver has been forcibly unregistered.
06-Sep-2026 00:45:50.105 WARNING [main] org.apache.catalina.loader.WebappClassLoaderBase.clearReferencesThreads The web application [jpa02] appears to have started a thread named [mysql-cj-abandoned-connection-cleanup] but has failed to stop it. This is very likely to create a memory leak. Stack trace of thread:
 java.base/jdk.internal.misc.Unsafe.park(Native Method)
 java.base/java.util.concurrent.locks.LockSupport.parkNanos(LockSupport.java:269)
 java.base/java.util.concurrent.locks.AbstractQueuedSynchronizer$ConditionObject.await(AbstractQueuedSynchronizer.java:1847)
 java.base/java.lang.ref.ReferenceQueue.await(ReferenceQueue.java:71)
 java.base/java.lang.ref.ReferenceQueue.remove0(ReferenceQueue.java:143)
 java.base/java.lang.ref.ReferenceQueue.remove(ReferenceQueue.java:218)
 com.mysql.cj.jdbc.AbandonedConnectionCleanupThread.run(AbandonedConnectionCleanupThread.java:93)
 java.base/java.util.concurrent.ThreadPoolExecutor.runWorker(ThreadPoolExecutor.java:1144)
 java.base/java.util.concurrent.ThreadPoolExecutor$Worker.run(ThreadPoolExecutor.java:642)
 java.base/java.lang.Thread.run(Thread.java:1583)
06-Sep-2026 00:45:50.106 WARNING [main] org.apache.catalina.loader.WebappClassLoaderBase.clearReferencesThreads The web application [jpa02] appears to have started a thread named [Hibernate Connection Pool Validation Thread] but has failed to stop it. This is very likely to create a memory leak. Stack trace of thread:
 java.base/jdk.internal.misc.Unsafe.park(Native Method)
 java.base/java.util.concurrent.locks.LockSupport.parkNanos(LockSupport.java:269)
 java.base/java.util.concurrent.locks.AbstractQueuedSynchronizer$ConditionObject.awaitNanos(AbstractQueuedSynchronizer.java:1758)
 java.base/java.util.concurrent.ScheduledThreadPoolExecutor$DelayedWorkQueue.take(ScheduledThreadPoolExecutor.java:1182)
 java.base/java.util.concurrent.ScheduledThreadPoolExecutor$DelayedWorkQueue.take(ScheduledThreadPoolExecutor.java:899)
 java.base/java.util.concurrent.ThreadPoolExecutor.getTask(ThreadPoolExecutor.java:1070)
 java.base/java.util.concurrent.ThreadPoolExecutor.runWorker(ThreadPoolExecutor.java:1130)
 java.base/java.util.concurrent.ThreadPoolExecutor$Worker.run(ThreadPoolExecutor.java:642)
 java.base/java.lang.Thread.run(Thread.java:1583)
06-Sep-2026 00:45:50.106 WARNING [main] org.apache.catalina.loader.WebappClassLoaderBase.clearReferencesThreads The web application [jpa02] appears to have started a thread named [Hibernate Connection Pool Validation Thread] but has failed to stop it. This is very likely to create a memory leak. Stack trace of thread:
 java.base/jdk.internal.misc.Unsafe.park(Native Method)
 java.base/java.util.concurrent.locks.LockSupport.parkNanos(LockSupport.java:269)
 java.base/java.util.concurrent.locks.AbstractQueuedSynchronizer$ConditionObject.awaitNanos(AbstractQueuedSynchronizer.java:1758)
 java.base/java.util.concurrent.ScheduledThreadPoolExecutor$DelayedWorkQueue.take(ScheduledThreadPoolExecutor.java:1182)
 java.base/java.util.concurrent.ScheduledThreadPoolExecutor$DelayedWorkQueue.take(ScheduledThreadPoolExecutor.java:899)
 java.base/java.util.concurrent.ThreadPoolExecutor.getTask(ThreadPoolExecutor.java:1070)
 java.base/java.util.concurrent.ThreadPoolExecutor.runWorker(ThreadPoolExecutor.java:1130)
 java.base/java.util.concurrent.ThreadPoolExecutor$Worker.run(ThreadPoolExecutor.java:642)
 java.base/java.lang.Thread.run(Thread.java:1583)
06-Sep-2026 00:45:50.106 WARNING [main] org.apache.catalina.loader.WebappClassLoaderBase.clearReferencesThreads The web application [jpa02] appears to have started a thread named [Hibernate Connection Pool Validation Thread] but has failed to stop it. This is very likely to create a memory leak. Stack trace of thread:
 java.base/jdk.internal.misc.Unsafe.park(Native Method)
 java.base/java.util.concurrent.locks.LockSupport.parkNanos(LockSupport.java:269)
 java.base/java.util.concurrent.locks.AbstractQueuedSynchronizer$ConditionObject.awaitNanos(AbstractQueuedSynchronizer.java:1758)
 java.base/java.util.concurrent.ScheduledThreadPoolExecutor$DelayedWorkQueue.take(ScheduledThreadPoolExecutor.java:1182)
 java.base/java.util.concurrent.ScheduledThreadPoolExecutor$DelayedWorkQueue.take(ScheduledThreadPoolExecutor.java:899)
 java.base/java.util.concurrent.ThreadPoolExecutor.getTask(ThreadPoolExecutor.java:1070)
 java.base/java.util.concurrent.ThreadPoolExecutor.runWorker(ThreadPoolExecutor.java:1130)
 java.base/java.util.concurrent.ThreadPoolExecutor$Worker.run(ThreadPoolExecutor.java:642)
 java.base/java.lang.Thread.run(Thread.java:1583)
06-Sep-2026 00:45:50.106 WARNING [main] org.apache.catalina.loader.WebappClassLoaderBase.clearReferencesThreads The web application [jpa02] appears to have started a thread named [Hibernate Connection Pool Validation Thread] but has failed to stop it. This is very likely to create a memory leak. Stack trace of thread:
 java.base/jdk.internal.misc.Unsafe.park(Native Method)
 java.base/java.util.concurrent.locks.LockSupport.parkNanos(LockSupport.java:269)
 java.base/java.util.concurrent.locks.AbstractQueuedSynchronizer$ConditionObject.awaitNanos(AbstractQueuedSynchronizer.java:1758)
 java.base/java.util.concurrent.ScheduledThreadPoolExecutor$DelayedWorkQueue.take(ScheduledThreadPoolExecutor.java:1182)
 java.base/java.util.concurrent.ScheduledThreadPoolExecutor$DelayedWorkQueue.take(ScheduledThreadPoolExecutor.java:899)
 java.base/java.util.concurrent.ThreadPoolExecutor.getTask(ThreadPoolExecutor.java:1070)
 java.base/java.util.concurrent.ThreadPoolExecutor.runWorker(ThreadPoolExecutor.java:1130)
 java.base/java.util.concurrent.ThreadPoolExecutor$Worker.run(ThreadPoolExecutor.java:642)
 java.base/java.lang.Thread.run(Thread.java:1583)
06-Sep-2026 00:45:50.107 WARNING [main] org.apache.catalina.loader.WebappClassLoaderBase.clearReferencesThreads The web application [jpa02] appears to have started a thread named [Hibernate Connection Pool Validation Thread] but has failed to stop it. This is very likely to create a memory leak. Stack trace of thread:
 java.base/jdk.internal.misc.Unsafe.park(Native Method)
 java.base/java.util.concurrent.locks.LockSupport.parkNanos(LockSupport.java:269)
 java.base/java.util.concurrent.locks.AbstractQueuedSynchronizer$ConditionObject.awaitNanos(AbstractQueuedSynchronizer.java:1758)
 java.base/java.util.concurrent.ScheduledThreadPoolExecutor$DelayedWorkQueue.take(ScheduledThreadPoolExecutor.java:1182)
 java.base/java.util.concurrent.ScheduledThreadPoolExecutor$DelayedWorkQueue.take(ScheduledThreadPoolExecutor.java:899)
 java.base/java.util.concurrent.ThreadPoolExecutor.getTask(ThreadPoolExecutor.java:1070)
 java.base/java.util.concurrent.ThreadPoolExecutor.runWorker(ThreadPoolExecutor.java:1130)
 java.base/java.util.concurrent.ThreadPoolExecutor$Worker.run(ThreadPoolExecutor.java:642)
 java.base/java.lang.Thread.run(Thread.java:1583)
06-Sep-2026 00:45:50.107 WARNING [main] org.apache.catalina.loader.WebappClassLoaderBase.clearReferencesThreads The web application [jpa02] appears to have started a thread named [Hibernate Connection Pool Validation Thread] but has failed to stop it. This is very likely to create a memory leak. Stack trace of thread:
 java.base/jdk.internal.misc.Unsafe.park(Native Method)
 java.base/java.util.concurrent.locks.LockSupport.parkNanos(LockSupport.java:269)
 java.base/java.util.concurrent.locks.AbstractQueuedSynchronizer$ConditionObject.awaitNanos(AbstractQueuedSynchronizer.java:1758)
 java.base/java.util.concurrent.ScheduledThreadPoolExecutor$DelayedWorkQueue.take(ScheduledThreadPoolExecutor.java:1182)
 java.base/java.util.concurrent.ScheduledThreadPoolExecutor$DelayedWorkQueue.take(ScheduledThreadPoolExecutor.java:899)
 java.base/java.util.concurrent.ThreadPoolExecutor.getTask(ThreadPoolExecutor.java:1070)
 java.base/java.util.concurrent.ThreadPoolExecutor.runWorker(ThreadPoolExecutor.java:1130)
 java.base/java.util.concurrent.ThreadPoolExecutor$Worker.run(ThreadPoolExecutor.java:642)
 java.base/java.lang.Thread.run(Thread.java:1583)
06-Sep-2026 00:45:50.107 WARNING [main] org.apache.catalina.loader.WebappClassLoaderBase.clearReferencesThreads The web application [jpa02] appears to have started a thread named [Hibernate Connection Pool Validation Thread] but has failed to stop it. This is very likely to create a memory leak. Stack trace of thread:
 java.base/jdk.internal.misc.Unsafe.park(Native Method)
 java.base/java.util.concurrent.locks.LockSupport.parkNanos(LockSupport.java:269)
 java.base/java.util.concurrent.locks.AbstractQueuedSynchronizer$ConditionObject.awaitNanos(AbstractQueuedSynchronizer.java:1758)
 java.base/java.util.concurrent.ScheduledThreadPoolExecutor$DelayedWorkQueue.take(ScheduledThreadPoolExecutor.java:1182)
 java.base/java.util.concurrent.ScheduledThreadPoolExecutor$DelayedWorkQueue.take(ScheduledThreadPoolExecutor.java:899)
 java.base/java.util.concurrent.ThreadPoolExecutor.getTask(ThreadPoolExecutor.java:1070)
 java.base/java.util.concurrent.ThreadPoolExecutor.runWorker(ThreadPoolExecutor.java:1130)
 java.base/java.util.concurrent.ThreadPoolExecutor$Worker.run(ThreadPoolExecutor.java:642)
 java.base/java.lang.Thread.run(Thread.java:1583)
06-Sep-2026 00:45:50.124 INFO [main] org.apache.coyote.AbstractProtocol.stop Stopping ProtocolHandler ["http-nio-8080"]
06-Sep-2026 00:45:50.138 INFO [main] org.apache.coyote.AbstractProtocol.destroy Destroying ProtocolHandler ["http-nio-8080"]
06-Sep-2026 00:45:57.940 INFO [main] org.apache.catalina.startup.VersionLoggerListener.log Server version name:   Apache Tomcat/10.1.44
06-Sep-2026 00:45:57.945 INFO [main] org.apache.catalina.startup.VersionLoggerListener.log Server built:          Aug 4 2025 13:14:17 UTC
06-Sep-2026 00:45:57.945 INFO [main] org.apache.catalina.startup.VersionLoggerListener.log Server version number: 10.1.44.0
06-Sep-2026 00:45:57.946 INFO [main] org.apache.catalina.startup.VersionLoggerListener.log OS Name:               Windows 11
06-Sep-2026 00:45:57.946 INFO [main] org.apache.catalina.startup.VersionLoggerListener.log OS Version:            10.0
06-Sep-2026 00:45:57.946 INFO [main] org.apache.catalina.startup.VersionLoggerListener.log Architecture:          amd64
06-Sep-2026 00:45:57.946 INFO [main] org.apache.catalina.startup.VersionLoggerListener.log Java Home:             C:\Program Files\Java\jdk-21
06-Sep-2026 00:45:57.947 INFO [main] org.apache.catalina.startup.VersionLoggerListener.log JVM Version:           21.0.2+13-LTS-58
06-Sep-2026 00:45:57.947 INFO [main] org.apache.catalina.startup.VersionLoggerListener.log JVM Vendor:            Oracle Corporation
06-Sep-2026 00:45:57.947 INFO [main] org.apache.catalina.startup.VersionLoggerListener.log CATALINA_BASE:         D:\web\apache-tomcat-10.1.44\apache-tomcat-10.1.44
06-Sep-2026 00:45:57.947 INFO [main] org.apache.catalina.startup.VersionLoggerListener.log CATALINA_HOME:         D:\web\apache-tomcat-10.1.44\apache-tomcat-10.1.44
06-Sep-2026 00:45:57.958 INFO [main] org.apache.catalina.startup.VersionLoggerListener.log Command line argument: -Djava.util.logging.config.file=D:\web\apache-tomcat-10.1.44\apache-tomcat-10.1.44\conf\logging.properties
06-Sep-2026 00:45:57.958 INFO [main] org.apache.catalina.startup.VersionLoggerListener.log Command line argument: -Djava.util.logging.manager=org.apache.juli.ClassLoaderLogManager
06-Sep-2026 00:45:57.958 INFO [main] org.apache.catalina.startup.VersionLoggerListener.log Command line argument: -Djdk.tls.ephemeralDHKeySize=2048
06-Sep-2026 00:45:57.958 INFO [main] org.apache.catalina.startup.VersionLoggerListener.log Command line argument: -Djava.protocol.handler.pkgs=org.apache.catalina.webresources
06-Sep-2026 00:45:57.959 INFO [main] org.apache.catalina.startup.VersionLoggerListener.log Command line argument: -Dsun.io.useCanonCaches=false
06-Sep-2026 00:45:57.959 INFO [main] org.apache.catalina.startup.VersionLoggerListener.log Command line argument: --add-opens=java.base/java.lang=ALL-UNNAMED
06-Sep-2026 00:45:57.959 INFO [main] org.apache.catalina.startup.VersionLoggerListener.log Command line argument: --add-opens=java.base/java.lang.reflect=ALL-UNNAMED
06-Sep-2026 00:45:57.959 INFO [main] org.apache.catalina.startup.VersionLoggerListener.log Command line argument: --add-opens=java.base/java.io=ALL-UNNAMED
06-Sep-2026 00:45:57.959 INFO [main] org.apache.catalina.startup.VersionLoggerListener.log Command line argument: --add-opens=java.base/java.util=ALL-UNNAMED
06-Sep-2026 00:45:57.960 INFO [main] org.apache.catalina.startup.VersionLoggerListener.log Command line argument: --add-opens=java.base/java.util.concurrent=ALL-UNNAMED
06-Sep-2026 00:45:57.960 INFO [main] org.apache.catalina.startup.VersionLoggerListener.log Command line argument: --add-opens=java.rmi/sun.rmi.transport=ALL-UNNAMED
06-Sep-2026 00:45:57.960 INFO [main] org.apache.catalina.startup.VersionLoggerListener.log Command line argument: -Dcatalina.base=D:\web\apache-tomcat-10.1.44\apache-tomcat-10.1.44
06-Sep-2026 00:45:57.960 INFO [main] org.apache.catalina.startup.VersionLoggerListener.log Command line argument: -Dcatalina.home=D:\web\apache-tomcat-10.1.44\apache-tomcat-10.1.44
06-Sep-2026 00:45:57.960 INFO [main] org.apache.catalina.startup.VersionLoggerListener.log Command line argument: -Djava.io.tmpdir=D:\web\apache-tomcat-10.1.44\apache-tomcat-10.1.44\temp
06-Sep-2026 00:45:57.965 INFO [main] org.apache.catalina.core.AprLifecycleListener.lifecycleEvent The Apache Tomcat Native library which allows using OpenSSL was not found on the java.library.path: [C:\Program Files\Java\jdk-21\bin;C:\Windows\Sun\Java\bin;C:\Windows\system32;C:\Windows;C:\Users\ADMIN\bin;C:\Program Files\Git\mingw64\bin;C:\Program Files\Git\usr\local\bin;C:\Program Files\Git\usr\bin;C:\Program Files\Git\usr\bin;C:\Program Files\Git\mingw64\bin;C:\Program Files\Git\usr\bin;C:\Users\ADMIN\bin;C:\Program Files\Common Files\Oracle\Java\javapath;C:\Program Files (x86)\VMware\VMware Workstation\bin;C:\Windows\system32;C:\Windows;C:\Windows\System32\Wbem;C:\Windows\System32\WindowsPowerShell\v1.0;C:\Windows\System32\OpenSSH;C:\Program Files (x86)\NVIDIA Corporation\PhysX\Common;C:\Program Files\NVIDIA Corporation\NVIDIA NvDLISR;C:\Windows\system32;C:\Windows;C:\Windows\System32\Wbem;C:\Windows\System32\WindowsPowerShell\v1.0;C:\Windows\System32\OpenSSH;C:\Program Files\dotnet;;.]
06-Sep-2026 00:45:58.216 INFO [main] org.apache.coyote.AbstractProtocol.init Initializing ProtocolHandler ["http-nio-8080"]
06-Sep-2026 00:45:58.239 INFO [main] org.apache.catalina.startup.Catalina.load Server initialization in [449] milliseconds
06-Sep-2026 00:45:58.296 INFO [main] org.apache.catalina.core.StandardService.startInternal Starting service [Catalina]
06-Sep-2026 00:45:58.296 INFO [main] org.apache.catalina.core.StandardEngine.startInternal Starting Servlet engine: [Apache Tomcat/10.1.44]
06-Sep-2026 00:45:58.311 INFO [main] org.apache.catalina.startup.HostConfig.deployWAR Deploying web application archive [D:\web\apache-tomcat-10.1.44\apache-tomcat-10.1.44\webapps\jpa02.war]
06-Sep-2026 00:46:01.063 INFO [main] org.apache.jasper.servlet.TldScanner.scanJars At least one JAR was scanned for TLDs yet contained no TLDs. Enable debug logging for this logger for a complete list of JARs that were scanned but no TLDs were found in them. Skipping unneeded JARs during scanning can improve startup time and JSP compilation time.
06-Sep-2026 00:46:01.170 INFO [main] org.sitemesh.config.ConfigurableSiteMeshFilter.init SiteMesh 3.2.1 initialized with filter name 'sitemesh'
06-Sep-2026 00:46:01.183 INFO [main] org.apache.catalina.startup.HostConfig.deployWAR Deployment of web application archive [D:\web\apache-tomcat-10.1.44\apache-tomcat-10.1.44\webapps\jpa02.war] has finished in [2,872] ms
06-Sep-2026 00:46:01.184 INFO [main] org.apache.catalina.startup.HostConfig.deployDirectory Deploying web application directory [D:\web\apache-tomcat-10.1.44\apache-tomcat-10.1.44\webapps\docs]
06-Sep-2026 00:46:01.210 INFO [main] org.apache.catalina.startup.HostConfig.deployDirectory Deployment of web application directory [D:\web\apache-tomcat-10.1.44\apache-tomcat-10.1.44\webapps\docs] has finished in [26] ms
06-Sep-2026 00:46:01.211 INFO [main] org.apache.catalina.startup.HostConfig.deployDirectory Deploying web application directory [D:\web\apache-tomcat-10.1.44\apache-tomcat-10.1.44\webapps\examples]
06-Sep-2026 00:46:01.451 INFO [main] org.apache.catalina.startup.HostConfig.deployDirectory Deployment of web application directory [D:\web\apache-tomcat-10.1.44\apache-tomcat-10.1.44\webapps\examples] has finished in [239] ms
06-Sep-2026 00:46:01.451 INFO [main] org.apache.catalina.startup.HostConfig.deployDirectory Deploying web application directory [D:\web\apache-tomcat-10.1.44\apache-tomcat-10.1.44\webapps\host-manager]
06-Sep-2026 00:46:01.482 INFO [main] org.apache.catalina.startup.HostConfig.deployDirectory Deployment of web application directory [D:\web\apache-tomcat-10.1.44\apache-tomcat-10.1.44\webapps\host-manager] has finished in [30] ms
06-Sep-2026 00:46:01.482 INFO [main] org.apache.catalina.startup.HostConfig.deployDirectory Deploying web application directory [D:\web\apache-tomcat-10.1.44\apache-tomcat-10.1.44\webapps\manager]
06-Sep-2026 00:46:01.500 INFO [main] org.apache.catalina.startup.HostConfig.deployDirectory Deployment of web application directory [D:\web\apache-tomcat-10.1.44\apache-tomcat-10.1.44\webapps\manager] has finished in [18] ms
06-Sep-2026 00:46:01.501 INFO [main] org.apache.catalina.startup.HostConfig.deployDirectory Deploying web application directory [D:\web\apache-tomcat-10.1.44\apache-tomcat-10.1.44\webapps\ROOT]
06-Sep-2026 00:46:01.518 INFO [main] org.apache.catalina.startup.HostConfig.deployDirectory Deployment of web application directory [D:\web\apache-tomcat-10.1.44\apache-tomcat-10.1.44\webapps\ROOT] has finished in [17] ms
06-Sep-2026 00:46:01.523 INFO [main] org.apache.coyote.AbstractProtocol.start Starting ProtocolHandler ["http-nio-8080"]
06-Sep-2026 00:46:01.544 INFO [main] org.apache.catalina.startup.Catalina.start Server startup in [3303] milliseconds
06-Sep-2026 00:46:01.733 INFO [http-nio-8080-exec-1] org.hibernate.jpa.internal.util.LogHelper.logPersistenceUnitInformation HHH000204: Processing PersistenceUnitInfo [name: jpa-hibernate-mysql]
06-Sep-2026 00:46:01.808 INFO [http-nio-8080-exec-1] org.hibernate.Version.logVersion HHH000412: Hibernate ORM core version 6.4.4.Final
06-Sep-2026 00:46:01.865 INFO [http-nio-8080-exec-1] org.hibernate.cache.internal.RegionFactoryInitiator.initiateService HHH000026: Second-level cache disabled
06-Sep-2026 00:46:02.117 WARN [http-nio-8080-exec-1] org.hibernate.engine.jdbc.connections.internal.DriverManagerConnectionProviderImpl.configure HHH10001002: Using built-in connection pool (not intended for production use)
06-Sep-2026 00:46:02.124 INFO [http-nio-8080-exec-1] org.hibernate.engine.jdbc.connections.internal.DriverManagerConnectionProviderImpl.buildCreator HHH10001005: Loaded JDBC driver class: com.mysql.cj.jdbc.Driver
06-Sep-2026 00:46:02.124 INFO [http-nio-8080-exec-1] org.hibernate.engine.jdbc.connections.internal.DriverManagerConnectionProviderImpl.buildCreator HHH10001012: Connecting with JDBC URL [jdbc:mysql://localhost:3306/webst2?useSSL=false&allowPublicKeyRetrieval=true&serverTimezone=UTC]
06-Sep-2026 00:46:02.124 INFO [http-nio-8080-exec-1] org.hibernate.engine.jdbc.connections.internal.DriverManagerConnectionProviderImpl.buildCreator HHH10001001: Connection properties: {password=****, user=root}
06-Sep-2026 00:46:02.124 INFO [http-nio-8080-exec-1] org.hibernate.engine.jdbc.connections.internal.DriverManagerConnectionProviderImpl.buildCreator HHH10001003: Autocommit mode: false
06-Sep-2026 00:46:02.130 INFO [http-nio-8080-exec-1] org.hibernate.engine.jdbc.connections.internal.DriverManagerConnectionProviderImpl$PooledConnections.<init> HHH10001115: Connection pool size: 20 (min=1)
06-Sep-2026 00:46:02.408 WARN [http-nio-8080-exec-1] org.hibernate.engine.jdbc.dialect.internal.DialectFactoryImpl.constructDialect HHH90000025: MySQLDialect does not need to be specified explicitly using 'hibernate.dialect' (remove the property setting and it will be selected by default)
06-Sep-2026 00:46:03.015 INFO [http-nio-8080-exec-1] org.hibernate.validator.internal.util.Version.<clinit> HV000001: Hibernate Validator 8.0.1.Final
06-Sep-2026 00:46:03.974 INFO [http-nio-8080-exec-1] org.hibernate.engine.transaction.jta.platform.internal.JtaPlatformInitiator.initiateService HHH000489: No JTA platform available (set 'hibernate.transaction.jta.platform' to enable JTA platform integration)
06-Sep-2026 00:46:04.214 INFO [http-nio-8080-exec-2] org.hibernate.jpa.internal.util.LogHelper.logPersistenceUnitInformation HHH000204: Processing PersistenceUnitInfo [name: jpa-hibernate-mysql]
06-Sep-2026 00:46:04.217 INFO [http-nio-8080-exec-2] org.hibernate.cache.internal.RegionFactoryInitiator.initiateService HHH000026: Second-level cache disabled
06-Sep-2026 00:46:04.244 WARN [http-nio-8080-exec-2] org.hibernate.engine.jdbc.connections.internal.DriverManagerConnectionProviderImpl.configure HHH10001002: Using built-in connection pool (not intended for production use)
06-Sep-2026 00:46:04.246 INFO [http-nio-8080-exec-2] org.hibernate.engine.jdbc.connections.internal.DriverManagerConnectionProviderImpl.buildCreator HHH10001005: Loaded JDBC driver class: com.mysql.cj.jdbc.Driver
06-Sep-2026 00:46:04.246 INFO [http-nio-8080-exec-2] org.hibernate.engine.jdbc.connections.internal.DriverManagerConnectionProviderImpl.buildCreator HHH10001012: Connecting with JDBC URL [jdbc:mysql://localhost:3306/webst2?useSSL=false&allowPublicKeyRetrieval=true&serverTimezone=UTC]
06-Sep-2026 00:46:04.247 INFO [http-nio-8080-exec-2] org.hibernate.engine.jdbc.connections.internal.DriverManagerConnectionProviderImpl.buildCreator HHH10001001: Connection properties: {password=****, user=root}
06-Sep-2026 00:46:04.247 INFO [http-nio-8080-exec-2] org.hibernate.engine.jdbc.connections.internal.DriverManagerConnectionProviderImpl.buildCreator HHH10001003: Autocommit mode: false
06-Sep-2026 00:46:04.247 INFO [http-nio-8080-exec-2] org.hibernate.engine.jdbc.connections.internal.DriverManagerConnectionProviderImpl$PooledConnections.<init> HHH10001115: Connection pool size: 20 (min=1)
06-Sep-2026 00:46:04.253 WARN [http-nio-8080-exec-2] org.hibernate.engine.jdbc.dialect.internal.DialectFactoryImpl.constructDialect HHH90000025: MySQLDialect does not need to be specified explicitly using 'hibernate.dialect' (remove the property setting and it will be selected by default)
06-Sep-2026 00:46:04.326 INFO [http-nio-8080-exec-2] org.hibernate.engine.transaction.jta.platform.internal.JtaPlatformInitiator.initiateService HHH000489: No JTA platform available (set 'hibernate.transaction.jta.platform' to enable JTA platform integration)
06-Sep-2026 00:46:04.388 INFO [http-nio-8080-exec-2] org.hibernate.resource.transaction.backend.jdbc.internal.DdlTransactionIsolatorNonJtaImpl.getIsolatedConnection HHH10001501: Connection obtained from JdbcConnectionAccess [org.hibernate.engine.jdbc.env.internal.JdbcEnvironmentInitiator$ConnectionProviderJdbcConnectionAccess@77f48e61] for (non-JTA) DDL execution was not in auto-commit mode; the Connection 'local transaction' will be committed and the Connection will be set into auto-commit mode.
06-Sep-2026 00:46:04.388 INFO [http-nio-8080-exec-1] org.hibernate.resource.transaction.backend.jdbc.internal.DdlTransactionIsolatorNonJtaImpl.getIsolatedConnection HHH10001501: Connection obtained from JdbcConnectionAccess [org.hibernate.engine.jdbc.env.internal.JdbcEnvironmentInitiator$ConnectionProviderJdbcConnectionAccess@64924056] for (non-JTA) DDL execution was not in auto-commit mode; the Connection 'local transaction' will be committed and the Connection will be set into auto-commit mode.
06-Sep-2026 00:46:05.683 INFO [http-nio-8080-exec-3] org.hibernate.jpa.internal.util.LogHelper.logPersistenceUnitInformation HHH000204: Processing PersistenceUnitInfo [name: jpa-hibernate-mysql]
06-Sep-2026 00:46:05.684 INFO [http-nio-8080-exec-3] org.hibernate.cache.internal.RegionFactoryInitiator.initiateService HHH000026: Second-level cache disabled
06-Sep-2026 00:46:05.713 WARN [http-nio-8080-exec-3] org.hibernate.engine.jdbc.connections.internal.DriverManagerConnectionProviderImpl.configure HHH10001002: Using built-in connection pool (not intended for production use)
06-Sep-2026 00:46:05.714 INFO [http-nio-8080-exec-3] org.hibernate.engine.jdbc.connections.internal.DriverManagerConnectionProviderImpl.buildCreator HHH10001005: Loaded JDBC driver class: com.mysql.cj.jdbc.Driver
06-Sep-2026 00:46:05.714 INFO [http-nio-8080-exec-3] org.hibernate.engine.jdbc.connections.internal.DriverManagerConnectionProviderImpl.buildCreator HHH10001012: Connecting with JDBC URL [jdbc:mysql://localhost:3306/webst2?useSSL=false&allowPublicKeyRetrieval=true&serverTimezone=UTC]
06-Sep-2026 00:46:05.714 INFO [http-nio-8080-exec-3] org.hibernate.engine.jdbc.connections.internal.DriverManagerConnectionProviderImpl.buildCreator HHH10001001: Connection properties: {password=****, user=root}
06-Sep-2026 00:46:05.714 INFO [http-nio-8080-exec-3] org.hibernate.engine.jdbc.connections.internal.DriverManagerConnectionProviderImpl.buildCreator HHH10001003: Autocommit mode: false
06-Sep-2026 00:46:05.714 INFO [http-nio-8080-exec-3] org.hibernate.engine.jdbc.connections.internal.DriverManagerConnectionProviderImpl$PooledConnections.<init> HHH10001115: Connection pool size: 20 (min=1)
06-Sep-2026 00:46:05.719 WARN [http-nio-8080-exec-3] org.hibernate.engine.jdbc.dialect.internal.DialectFactoryImpl.constructDialect HHH90000025: MySQLDialect does not need to be specified explicitly using 'hibernate.dialect' (remove the property setting and it will be selected by default)
06-Sep-2026 00:46:05.790 INFO [http-nio-8080-exec-3] org.hibernate.engine.transaction.jta.platform.internal.JtaPlatformInitiator.initiateService HHH000489: No JTA platform available (set 'hibernate.transaction.jta.platform' to enable JTA platform integration)
06-Sep-2026 00:46:05.792 INFO [http-nio-8080-exec-3] org.hibernate.resource.transaction.backend.jdbc.internal.DdlTransactionIsolatorNonJtaImpl.getIsolatedConnection HHH10001501: Connection obtained from JdbcConnectionAccess [org.hibernate.engine.jdbc.env.internal.JdbcEnvironmentInitiator$ConnectionProviderJdbcConnectionAccess@265784da] for (non-JTA) DDL execution was not in auto-commit mode; the Connection 'local transaction' will be committed and the Connection will be set into auto-commit mode.
06-Sep-2026 00:46:05.873 INFO [http-nio-8080-exec-7] org.hibernate.jpa.internal.util.LogHelper.logPersistenceUnitInformation HHH000204: Processing PersistenceUnitInfo [name: jpa-hibernate-mysql]
06-Sep-2026 00:46:05.874 INFO [http-nio-8080-exec-7] org.hibernate.cache.internal.RegionFactoryInitiator.initiateService HHH000026: Second-level cache disabled
06-Sep-2026 00:46:05.902 WARN [http-nio-8080-exec-7] org.hibernate.engine.jdbc.connections.internal.DriverManagerConnectionProviderImpl.configure HHH10001002: Using built-in connection pool (not intended for production use)
06-Sep-2026 00:46:05.903 INFO [http-nio-8080-exec-7] org.hibernate.engine.jdbc.connections.internal.DriverManagerConnectionProviderImpl.buildCreator HHH10001005: Loaded JDBC driver class: com.mysql.cj.jdbc.Driver
06-Sep-2026 00:46:05.903 INFO [http-nio-8080-exec-7] org.hibernate.engine.jdbc.connections.internal.DriverManagerConnectionProviderImpl.buildCreator HHH10001012: Connecting with JDBC URL [jdbc:mysql://localhost:3306/webst2?useSSL=false&allowPublicKeyRetrieval=true&serverTimezone=UTC]
06-Sep-2026 00:46:05.904 INFO [http-nio-8080-exec-7] org.hibernate.engine.jdbc.connections.internal.DriverManagerConnectionProviderImpl.buildCreator HHH10001001: Connection properties: {password=****, user=root}
06-Sep-2026 00:46:05.904 INFO [http-nio-8080-exec-7] org.hibernate.engine.jdbc.connections.internal.DriverManagerConnectionProviderImpl.buildCreator HHH10001003: Autocommit mode: false
06-Sep-2026 00:46:05.904 INFO [http-nio-8080-exec-7] org.hibernate.engine.jdbc.connections.internal.DriverManagerConnectionProviderImpl$PooledConnections.<init> HHH10001115: Connection pool size: 20 (min=1)
06-Sep-2026 00:46:05.910 WARN [http-nio-8080-exec-7] org.hibernate.engine.jdbc.dialect.internal.DialectFactoryImpl.constructDialect HHH90000025: MySQLDialect does not need to be specified explicitly using 'hibernate.dialect' (remove the property setting and it will be selected by default)
06-Sep-2026 00:46:05.967 INFO [http-nio-8080-exec-7] org.hibernate.engine.transaction.jta.platform.internal.JtaPlatformInitiator.initiateService HHH000489: No JTA platform available (set 'hibernate.transaction.jta.platform' to enable JTA platform integration)
06-Sep-2026 00:46:05.969 INFO [http-nio-8080-exec-7] org.hibernate.resource.transaction.backend.jdbc.internal.DdlTransactionIsolatorNonJtaImpl.getIsolatedConnection HHH10001501: Connection obtained from JdbcConnectionAccess [org.hibernate.engine.jdbc.env.internal.JdbcEnvironmentInitiator$ConnectionProviderJdbcConnectionAccess@72aa78c0] for (non-JTA) DDL execution was not in auto-commit mode; the Connection 'local transaction' will be committed and the Connection will be set into auto-commit mode.
06-Sep-2026 00:46:06.168 INFO [http-nio-8080-exec-6] org.hibernate.jpa.internal.util.LogHelper.logPersistenceUnitInformation HHH000204: Processing PersistenceUnitInfo [name: jpa-hibernate-mysql]
06-Sep-2026 00:46:06.170 INFO [http-nio-8080-exec-6] org.hibernate.cache.internal.RegionFactoryInitiator.initiateService HHH000026: Second-level cache disabled
06-Sep-2026 00:46:06.200 WARN [http-nio-8080-exec-6] org.hibernate.engine.jdbc.connections.internal.DriverManagerConnectionProviderImpl.configure HHH10001002: Using built-in connection pool (not intended for production use)
06-Sep-2026 00:46:06.201 INFO [http-nio-8080-exec-6] org.hibernate.engine.jdbc.connections.internal.DriverManagerConnectionProviderImpl.buildCreator HHH10001005: Loaded JDBC driver class: com.mysql.cj.jdbc.Driver
06-Sep-2026 00:46:06.201 INFO [http-nio-8080-exec-6] org.hibernate.engine.jdbc.connections.internal.DriverManagerConnectionProviderImpl.buildCreator HHH10001012: Connecting with JDBC URL [jdbc:mysql://localhost:3306/webst2?useSSL=false&allowPublicKeyRetrieval=true&serverTimezone=UTC]
06-Sep-2026 00:46:06.202 INFO [http-nio-8080-exec-6] org.hibernate.engine.jdbc.connections.internal.DriverManagerConnectionProviderImpl.buildCreator HHH10001001: Connection properties: {password=****, user=root}
06-Sep-2026 00:46:06.202 INFO [http-nio-8080-exec-6] org.hibernate.engine.jdbc.connections.internal.DriverManagerConnectionProviderImpl.buildCreator HHH10001003: Autocommit mode: false
06-Sep-2026 00:46:06.202 INFO [http-nio-8080-exec-6] org.hibernate.engine.jdbc.connections.internal.DriverManagerConnectionProviderImpl$PooledConnections.<init> HHH10001115: Connection pool size: 20 (min=1)
06-Sep-2026 00:46:06.206 WARN [http-nio-8080-exec-6] org.hibernate.engine.jdbc.dialect.internal.DialectFactoryImpl.constructDialect HHH90000025: MySQLDialect does not need to be specified explicitly using 'hibernate.dialect' (remove the property setting and it will be selected by default)
06-Sep-2026 00:46:06.276 INFO [http-nio-8080-exec-6] org.hibernate.engine.transaction.jta.platform.internal.JtaPlatformInitiator.initiateService HHH000489: No JTA platform available (set 'hibernate.transaction.jta.platform' to enable JTA platform integration)
06-Sep-2026 00:46:06.278 INFO [http-nio-8080-exec-6] org.hibernate.resource.transaction.backend.jdbc.internal.DdlTransactionIsolatorNonJtaImpl.getIsolatedConnection HHH10001501: Connection obtained from JdbcConnectionAccess [org.hibernate.engine.jdbc.env.internal.JdbcEnvironmentInitiator$ConnectionProviderJdbcConnectionAccess@1ac4332] for (non-JTA) DDL execution was not in auto-commit mode; the Connection 'local transaction' will be committed and the Connection will be set into auto-commit mode.
06-Sep-2026 00:46:06.423 INFO [http-nio-8080-exec-4] org.hibernate.jpa.internal.util.LogHelper.logPersistenceUnitInformation HHH000204: Processing PersistenceUnitInfo [name: jpa-hibernate-mysql]
06-Sep-2026 00:46:06.426 INFO [http-nio-8080-exec-4] org.hibernate.cache.internal.RegionFactoryInitiator.initiateService HHH000026: Second-level cache disabled
06-Sep-2026 00:46:06.453 WARN [http-nio-8080-exec-4] org.hibernate.engine.jdbc.connections.internal.DriverManagerConnectionProviderImpl.configure HHH10001002: Using built-in connection pool (not intended for production use)
06-Sep-2026 00:46:06.454 INFO [http-nio-8080-exec-4] org.hibernate.engine.jdbc.connections.internal.DriverManagerConnectionProviderImpl.buildCreator HHH10001005: Loaded JDBC driver class: com.mysql.cj.jdbc.Driver
06-Sep-2026 00:46:06.454 INFO [http-nio-8080-exec-4] org.hibernate.engine.jdbc.connections.internal.DriverManagerConnectionProviderImpl.buildCreator HHH10001012: Connecting with JDBC URL [jdbc:mysql://localhost:3306/webst2?useSSL=false&allowPublicKeyRetrieval=true&serverTimezone=UTC]
06-Sep-2026 00:46:06.455 INFO [http-nio-8080-exec-4] org.hibernate.engine.jdbc.connections.internal.DriverManagerConnectionProviderImpl.buildCreator HHH10001001: Connection properties: {password=****, user=root}
06-Sep-2026 00:46:06.455 INFO [http-nio-8080-exec-4] org.hibernate.engine.jdbc.connections.internal.DriverManagerConnectionProviderImpl.buildCreator HHH10001003: Autocommit mode: false
06-Sep-2026 00:46:06.455 INFO [http-nio-8080-exec-4] org.hibernate.engine.jdbc.connections.internal.DriverManagerConnectionProviderImpl$PooledConnections.<init> HHH10001115: Connection pool size: 20 (min=1)
06-Sep-2026 00:46:06.461 WARN [http-nio-8080-exec-4] org.hibernate.engine.jdbc.dialect.internal.DialectFactoryImpl.constructDialect HHH90000025: MySQLDialect does not need to be specified explicitly using 'hibernate.dialect' (remove the property setting and it will be selected by default)
06-Sep-2026 00:46:06.515 INFO [http-nio-8080-exec-4] org.hibernate.engine.transaction.jta.platform.internal.JtaPlatformInitiator.initiateService HHH000489: No JTA platform available (set 'hibernate.transaction.jta.platform' to enable JTA platform integration)
06-Sep-2026 00:46:06.517 INFO [http-nio-8080-exec-4] org.hibernate.resource.transaction.backend.jdbc.internal.DdlTransactionIsolatorNonJtaImpl.getIsolatedConnection HHH10001501: Connection obtained from JdbcConnectionAccess [org.hibernate.engine.jdbc.env.internal.JdbcEnvironmentInitiator$ConnectionProviderJdbcConnectionAccess@568d87e9] for (non-JTA) DDL execution was not in auto-commit mode; the Connection 'local transaction' will be committed and the Connection will be set into auto-commit mode.
06-Sep-2026 00:46:06.728 INFO [http-nio-8080-exec-9] org.hibernate.jpa.internal.util.LogHelper.logPersistenceUnitInformation HHH000204: Processing PersistenceUnitInfo [name: jpa-hibernate-mysql]
06-Sep-2026 00:46:06.731 INFO [http-nio-8080-exec-9] org.hibernate.cache.internal.RegionFactoryInitiator.initiateService HHH000026: Second-level cache disabled
06-Sep-2026 00:46:06.769 WARN [http-nio-8080-exec-9] org.hibernate.engine.jdbc.connections.internal.DriverManagerConnectionProviderImpl.configure HHH10001002: Using built-in connection pool (not intended for production use)
06-Sep-2026 00:46:06.769 INFO [http-nio-8080-exec-9] org.hibernate.engine.jdbc.connections.internal.DriverManagerConnectionProviderImpl.buildCreator HHH10001005: Loaded JDBC driver class: com.mysql.cj.jdbc.Driver
06-Sep-2026 00:46:06.770 INFO [http-nio-8080-exec-9] org.hibernate.engine.jdbc.connections.internal.DriverManagerConnectionProviderImpl.buildCreator HHH10001012: Connecting with JDBC URL [jdbc:mysql://localhost:3306/webst2?useSSL=false&allowPublicKeyRetrieval=true&serverTimezone=UTC]
06-Sep-2026 00:46:06.771 INFO [http-nio-8080-exec-9] org.hibernate.engine.jdbc.connections.internal.DriverManagerConnectionProviderImpl.buildCreator HHH10001001: Connection properties: {password=****, user=root}
06-Sep-2026 00:46:06.771 INFO [http-nio-8080-exec-9] org.hibernate.engine.jdbc.connections.internal.DriverManagerConnectionProviderImpl.buildCreator HHH10001003: Autocommit mode: false
06-Sep-2026 00:46:06.772 INFO [http-nio-8080-exec-9] org.hibernate.engine.jdbc.connections.internal.DriverManagerConnectionProviderImpl$PooledConnections.<init> HHH10001115: Connection pool size: 20 (min=1)
06-Sep-2026 00:46:06.777 WARN [http-nio-8080-exec-9] org.hibernate.engine.jdbc.dialect.internal.DialectFactoryImpl.constructDialect HHH90000025: MySQLDialect does not need to be specified explicitly using 'hibernate.dialect' (remove the property setting and it will be selected by default)
06-Sep-2026 00:46:06.834 INFO [http-nio-8080-exec-9] org.hibernate.engine.transaction.jta.platform.internal.JtaPlatformInitiator.initiateService HHH000489: No JTA platform available (set 'hibernate.transaction.jta.platform' to enable JTA platform integration)
06-Sep-2026 00:46:06.838 INFO [http-nio-8080-exec-9] org.hibernate.resource.transaction.backend.jdbc.internal.DdlTransactionIsolatorNonJtaImpl.getIsolatedConnection HHH10001501: Connection obtained from JdbcConnectionAccess [org.hibernate.engine.jdbc.env.internal.JdbcEnvironmentInitiator$ConnectionProviderJdbcConnectionAccess@17877bc2] for (non-JTA) DDL execution was not in auto-commit mode; the Connection 'local transaction' will be committed and the Connection will be set into auto-commit mode.
06-Sep-2026 00:46:07.086 INFO [http-nio-8080-exec-10] org.hibernate.jpa.internal.util.LogHelper.logPersistenceUnitInformation HHH000204: Processing PersistenceUnitInfo [name: jpa-hibernate-mysql]
06-Sep-2026 00:46:07.092 INFO [http-nio-8080-exec-10] org.hibernate.cache.internal.RegionFactoryInitiator.initiateService HHH000026: Second-level cache disabled
06-Sep-2026 00:46:07.119 WARN [http-nio-8080-exec-10] org.hibernate.engine.jdbc.connections.internal.DriverManagerConnectionProviderImpl.configure HHH10001002: Using built-in connection pool (not intended for production use)
06-Sep-2026 00:46:07.120 INFO [http-nio-8080-exec-10] org.hibernate.engine.jdbc.connections.internal.DriverManagerConnectionProviderImpl.buildCreator HHH10001005: Loaded JDBC driver class: com.mysql.cj.jdbc.Driver
06-Sep-2026 00:46:07.120 INFO [http-nio-8080-exec-10] org.hibernate.engine.jdbc.connections.internal.DriverManagerConnectionProviderImpl.buildCreator HHH10001012: Connecting with JDBC URL [jdbc:mysql://localhost:3306/webst2?useSSL=false&allowPublicKeyRetrieval=true&serverTimezone=UTC]
06-Sep-2026 00:46:07.120 INFO [http-nio-8080-exec-10] org.hibernate.engine.jdbc.connections.internal.DriverManagerConnectionProviderImpl.buildCreator HHH10001001: Connection properties: {password=****, user=root}
06-Sep-2026 00:46:07.120 INFO [http-nio-8080-exec-10] org.hibernate.engine.jdbc.connections.internal.DriverManagerConnectionProviderImpl.buildCreator HHH10001003: Autocommit mode: false
06-Sep-2026 00:46:07.120 INFO [http-nio-8080-exec-10] org.hibernate.engine.jdbc.connections.internal.DriverManagerConnectionProviderImpl$PooledConnections.<init> HHH10001115: Connection pool size: 20 (min=1)
06-Sep-2026 00:46:07.130 WARN [http-nio-8080-exec-10] org.hibernate.engine.jdbc.dialect.internal.DialectFactoryImpl.constructDialect HHH90000025: MySQLDialect does not need to be specified explicitly using 'hibernate.dialect' (remove the property setting and it will be selected by default)
06-Sep-2026 00:46:07.187 INFO [http-nio-8080-exec-10] org.hibernate.engine.transaction.jta.platform.internal.JtaPlatformInitiator.initiateService HHH000489: No JTA platform available (set 'hibernate.transaction.jta.platform' to enable JTA platform integration)
06-Sep-2026 00:46:07.189 INFO [http-nio-8080-exec-10] org.hibernate.resource.transaction.backend.jdbc.internal.DdlTransactionIsolatorNonJtaImpl.getIsolatedConnection HHH10001501: Connection obtained from JdbcConnectionAccess [org.hibernate.engine.jdbc.env.internal.JdbcEnvironmentInitiator$ConnectionProviderJdbcConnectionAccess@6c48dddb] for (non-JTA) DDL execution was not in auto-commit mode; the Connection 'local transaction' will be committed and the Connection will be set into auto-commit mode.
06-Sep-2026 00:46:20.105 INFO [http-nio-8080-exec-2] org.hibernate.jpa.internal.util.LogHelper.logPersistenceUnitInformation HHH000204: Processing PersistenceUnitInfo [name: jpa-hibernate-mysql]
06-Sep-2026 00:46:20.109 INFO [http-nio-8080-exec-2] org.hibernate.cache.internal.RegionFactoryInitiator.initiateService HHH000026: Second-level cache disabled
06-Sep-2026 00:46:20.127 WARN [http-nio-8080-exec-2] org.hibernate.engine.jdbc.connections.internal.DriverManagerConnectionProviderImpl.configure HHH10001002: Using built-in connection pool (not intended for production use)
06-Sep-2026 00:46:20.127 INFO [http-nio-8080-exec-2] org.hibernate.engine.jdbc.connections.internal.DriverManagerConnectionProviderImpl.buildCreator HHH10001005: Loaded JDBC driver class: com.mysql.cj.jdbc.Driver
06-Sep-2026 00:46:20.127 INFO [http-nio-8080-exec-2] org.hibernate.engine.jdbc.connections.internal.DriverManagerConnectionProviderImpl.buildCreator HHH10001012: Connecting with JDBC URL [jdbc:mysql://localhost:3306/webst2?useSSL=false&allowPublicKeyRetrieval=true&serverTimezone=UTC]
06-Sep-2026 00:46:20.127 INFO [http-nio-8080-exec-2] org.hibernate.engine.jdbc.connections.internal.DriverManagerConnectionProviderImpl.buildCreator HHH10001001: Connection properties: {password=****, user=root}
06-Sep-2026 00:46:20.128 INFO [http-nio-8080-exec-2] org.hibernate.engine.jdbc.connections.internal.DriverManagerConnectionProviderImpl.buildCreator HHH10001003: Autocommit mode: false
06-Sep-2026 00:46:20.128 INFO [http-nio-8080-exec-2] org.hibernate.engine.jdbc.connections.internal.DriverManagerConnectionProviderImpl$PooledConnections.<init> HHH10001115: Connection pool size: 20 (min=1)
06-Sep-2026 00:46:20.134 WARN [http-nio-8080-exec-2] org.hibernate.engine.jdbc.dialect.internal.DialectFactoryImpl.constructDialect HHH90000025: MySQLDialect does not need to be specified explicitly using 'hibernate.dialect' (remove the property setting and it will be selected by default)
06-Sep-2026 00:46:20.176 INFO [http-nio-8080-exec-2] org.hibernate.engine.transaction.jta.platform.internal.JtaPlatformInitiator.initiateService HHH000489: No JTA platform available (set 'hibernate.transaction.jta.platform' to enable JTA platform integration)
06-Sep-2026 00:46:20.178 INFO [http-nio-8080-exec-2] org.hibernate.resource.transaction.backend.jdbc.internal.DdlTransactionIsolatorNonJtaImpl.getIsolatedConnection HHH10001501: Connection obtained from JdbcConnectionAccess [org.hibernate.engine.jdbc.env.internal.JdbcEnvironmentInitiator$ConnectionProviderJdbcConnectionAccess@76a6a06f] for (non-JTA) DDL execution was not in auto-commit mode; the Connection 'local transaction' will be committed and the Connection will be set into auto-commit mode.
06-Sep-2026 00:46:20.416 INFO [http-nio-8080-exec-3] org.hibernate.jpa.internal.util.LogHelper.logPersistenceUnitInformation HHH000204: Processing PersistenceUnitInfo [name: jpa-hibernate-mysql]
06-Sep-2026 00:46:20.417 INFO [http-nio-8080-exec-3] org.hibernate.cache.internal.RegionFactoryInitiator.initiateService HHH000026: Second-level cache disabled
06-Sep-2026 00:46:20.437 WARN [http-nio-8080-exec-3] org.hibernate.engine.jdbc.connections.internal.DriverManagerConnectionProviderImpl.configure HHH10001002: Using built-in connection pool (not intended for production use)
06-Sep-2026 00:46:20.438 INFO [http-nio-8080-exec-3] org.hibernate.engine.jdbc.connections.internal.DriverManagerConnectionProviderImpl.buildCreator HHH10001005: Loaded JDBC driver class: com.mysql.cj.jdbc.Driver
06-Sep-2026 00:46:20.438 INFO [http-nio-8080-exec-3] org.hibernate.engine.jdbc.connections.internal.DriverManagerConnectionProviderImpl.buildCreator HHH10001012: Connecting with JDBC URL [jdbc:mysql://localhost:3306/webst2?useSSL=false&allowPublicKeyRetrieval=true&serverTimezone=UTC]
06-Sep-2026 00:46:20.439 INFO [http-nio-8080-exec-3] org.hibernate.engine.jdbc.connections.internal.DriverManagerConnectionProviderImpl.buildCreator HHH10001001: Connection properties: {password=****, user=root}
06-Sep-2026 00:46:20.439 INFO [http-nio-8080-exec-3] org.hibernate.engine.jdbc.connections.internal.DriverManagerConnectionProviderImpl.buildCreator HHH10001003: Autocommit mode: false
06-Sep-2026 00:46:20.439 INFO [http-nio-8080-exec-3] org.hibernate.engine.jdbc.connections.internal.DriverManagerConnectionProviderImpl$PooledConnections.<init> HHH10001115: Connection pool size: 20 (min=1)
06-Sep-2026 00:46:20.445 WARN [http-nio-8080-exec-3] org.hibernate.engine.jdbc.dialect.internal.DialectFactoryImpl.constructDialect HHH90000025: MySQLDialect does not need to be specified explicitly using 'hibernate.dialect' (remove the property setting and it will be selected by default)
06-Sep-2026 00:46:20.489 INFO [http-nio-8080-exec-3] org.hibernate.engine.transaction.jta.platform.internal.JtaPlatformInitiator.initiateService HHH000489: No JTA platform available (set 'hibernate.transaction.jta.platform' to enable JTA platform integration)
06-Sep-2026 00:46:20.491 INFO [http-nio-8080-exec-3] org.hibernate.resource.transaction.backend.jdbc.internal.DdlTransactionIsolatorNonJtaImpl.getIsolatedConnection HHH10001501: Connection obtained from JdbcConnectionAccess [org.hibernate.engine.jdbc.env.internal.JdbcEnvironmentInitiator$ConnectionProviderJdbcConnectionAccess@352a9aff] for (non-JTA) DDL execution was not in auto-commit mode; the Connection 'local transaction' will be committed and the Connection will be set into auto-commit mode.
06-Sep-2026 00:46:20.512 INFO [http-nio-8080-exec-3] org.hibernate.jpa.internal.util.LogHelper.logPersistenceUnitInformation HHH000204: Processing PersistenceUnitInfo [name: jpa-hibernate-mysql]
06-Sep-2026 00:46:20.513 INFO [http-nio-8080-exec-3] org.hibernate.cache.internal.RegionFactoryInitiator.initiateService HHH000026: Second-level cache disabled
06-Sep-2026 00:46:20.528 WARN [http-nio-8080-exec-3] org.hibernate.engine.jdbc.connections.internal.DriverManagerConnectionProviderImpl.configure HHH10001002: Using built-in connection pool (not intended for production use)
06-Sep-2026 00:46:20.528 INFO [http-nio-8080-exec-3] org.hibernate.engine.jdbc.connections.internal.DriverManagerConnectionProviderImpl.buildCreator HHH10001005: Loaded JDBC driver class: com.mysql.cj.jdbc.Driver
06-Sep-2026 00:46:20.529 INFO [http-nio-8080-exec-3] org.hibernate.engine.jdbc.connections.internal.DriverManagerConnectionProviderImpl.buildCreator HHH10001012: Connecting with JDBC URL [jdbc:mysql://localhost:3306/webst2?useSSL=false&allowPublicKeyRetrieval=true&serverTimezone=UTC]
06-Sep-2026 00:46:20.529 INFO [http-nio-8080-exec-3] org.hibernate.engine.jdbc.connections.internal.DriverManagerConnectionProviderImpl.buildCreator HHH10001001: Connection properties: {password=****, user=root}
06-Sep-2026 00:46:20.529 INFO [http-nio-8080-exec-3] org.hibernate.engine.jdbc.connections.internal.DriverManagerConnectionProviderImpl.buildCreator HHH10001003: Autocommit mode: false
06-Sep-2026 00:46:20.529 INFO [http-nio-8080-exec-3] org.hibernate.engine.jdbc.connections.internal.DriverManagerConnectionProviderImpl$PooledConnections.<init> HHH10001115: Connection pool size: 20 (min=1)
06-Sep-2026 00:46:20.534 WARN [http-nio-8080-exec-3] org.hibernate.engine.jdbc.dialect.internal.DialectFactoryImpl.constructDialect HHH90000025: MySQLDialect does not need to be specified explicitly using 'hibernate.dialect' (remove the property setting and it will be selected by default)
06-Sep-2026 00:46:20.578 INFO [http-nio-8080-exec-3] org.hibernate.engine.transaction.jta.platform.internal.JtaPlatformInitiator.initiateService HHH000489: No JTA platform available (set 'hibernate.transaction.jta.platform' to enable JTA platform integration)
06-Sep-2026 00:46:20.580 INFO [http-nio-8080-exec-3] org.hibernate.resource.transaction.backend.jdbc.internal.DdlTransactionIsolatorNonJtaImpl.getIsolatedConnection HHH10001501: Connection obtained from JdbcConnectionAccess [org.hibernate.engine.jdbc.env.internal.JdbcEnvironmentInitiator$ConnectionProviderJdbcConnectionAccess@1a920bbb] for (non-JTA) DDL execution was not in auto-commit mode; the Connection 'local transaction' will be committed and the Connection will be set into auto-commit mode.
06-Sep-2026 00:46:20.708 INFO [http-nio-8080-exec-5] org.hibernate.jpa.internal.util.LogHelper.logPersistenceUnitInformation HHH000204: Processing PersistenceUnitInfo [name: jpa-hibernate-mysql]
06-Sep-2026 00:46:20.710 INFO [http-nio-8080-exec-5] org.hibernate.cache.internal.RegionFactoryInitiator.initiateService HHH000026: Second-level cache disabled
06-Sep-2026 00:46:20.728 WARN [http-nio-8080-exec-5] org.hibernate.engine.jdbc.connections.internal.DriverManagerConnectionProviderImpl.configure HHH10001002: Using built-in connection pool (not intended for production use)
06-Sep-2026 00:46:20.729 INFO [http-nio-8080-exec-5] org.hibernate.engine.jdbc.connections.internal.DriverManagerConnectionProviderImpl.buildCreator HHH10001005: Loaded JDBC driver class: com.mysql.cj.jdbc.Driver
06-Sep-2026 00:46:20.729 INFO [http-nio-8080-exec-5] org.hibernate.engine.jdbc.connections.internal.DriverManagerConnectionProviderImpl.buildCreator HHH10001012: Connecting with JDBC URL [jdbc:mysql://localhost:3306/webst2?useSSL=false&allowPublicKeyRetrieval=true&serverTimezone=UTC]
06-Sep-2026 00:46:20.729 INFO [http-nio-8080-exec-5] org.hibernate.engine.jdbc.connections.internal.DriverManagerConnectionProviderImpl.buildCreator HHH10001001: Connection properties: {password=****, user=root}
06-Sep-2026 00:46:20.729 INFO [http-nio-8080-exec-5] org.hibernate.engine.jdbc.connections.internal.DriverManagerConnectionProviderImpl.buildCreator HHH10001003: Autocommit mode: false
06-Sep-2026 00:46:20.729 INFO [http-nio-8080-exec-5] org.hibernate.engine.jdbc.connections.internal.DriverManagerConnectionProviderImpl$PooledConnections.<init> HHH10001115: Connection pool size: 20 (min=1)
06-Sep-2026 00:46:20.742 WARN [http-nio-8080-exec-5] org.hibernate.engine.jdbc.dialect.internal.DialectFactoryImpl.constructDialect HHH90000025: MySQLDialect does not need to be specified explicitly using 'hibernate.dialect' (remove the property setting and it will be selected by default)
06-Sep-2026 00:46:20.783 INFO [http-nio-8080-exec-5] org.hibernate.engine.transaction.jta.platform.internal.JtaPlatformInitiator.initiateService HHH000489: No JTA platform available (set 'hibernate.transaction.jta.platform' to enable JTA platform integration)
06-Sep-2026 00:46:20.784 INFO [http-nio-8080-exec-5] org.hibernate.resource.transaction.backend.jdbc.internal.DdlTransactionIsolatorNonJtaImpl.getIsolatedConnection HHH10001501: Connection obtained from JdbcConnectionAccess [org.hibernate.engine.jdbc.env.internal.JdbcEnvironmentInitiator$ConnectionProviderJdbcConnectionAccess@2b65df07] for (non-JTA) DDL execution was not in auto-commit mode; the Connection 'local transaction' will be committed and the Connection will be set into auto-commit mode.
06-Sep-2026 00:46:36.869 INFO [http-nio-8080-exec-4] org.hibernate.jpa.internal.util.LogHelper.logPersistenceUnitInformation HHH000204: Processing PersistenceUnitInfo [name: jpa-hibernate-mysql]
06-Sep-2026 00:46:36.878 INFO [http-nio-8080-exec-4] org.hibernate.cache.internal.RegionFactoryInitiator.initiateService HHH000026: Second-level cache disabled
06-Sep-2026 00:46:36.911 WARN [http-nio-8080-exec-4] org.hibernate.engine.jdbc.connections.internal.DriverManagerConnectionProviderImpl.configure HHH10001002: Using built-in connection pool (not intended for production use)
06-Sep-2026 00:46:36.911 INFO [http-nio-8080-exec-4] org.hibernate.engine.jdbc.connections.internal.DriverManagerConnectionProviderImpl.buildCreator HHH10001005: Loaded JDBC driver class: com.mysql.cj.jdbc.Driver
06-Sep-2026 00:46:36.912 INFO [http-nio-8080-exec-4] org.hibernate.engine.jdbc.connections.internal.DriverManagerConnectionProviderImpl.buildCreator HHH10001012: Connecting with JDBC URL [jdbc:mysql://localhost:3306/webst2?useSSL=false&allowPublicKeyRetrieval=true&serverTimezone=UTC]
06-Sep-2026 00:46:36.912 INFO [http-nio-8080-exec-4] org.hibernate.engine.jdbc.connections.internal.DriverManagerConnectionProviderImpl.buildCreator HHH10001001: Connection properties: {password=****, user=root}
06-Sep-2026 00:46:36.912 INFO [http-nio-8080-exec-4] org.hibernate.engine.jdbc.connections.internal.DriverManagerConnectionProviderImpl.buildCreator HHH10001003: Autocommit mode: false
06-Sep-2026 00:46:36.912 INFO [http-nio-8080-exec-4] org.hibernate.engine.jdbc.connections.internal.DriverManagerConnectionProviderImpl$PooledConnections.<init> HHH10001115: Connection pool size: 20 (min=1)
06-Sep-2026 00:46:36.918 WARN [http-nio-8080-exec-4] org.hibernate.engine.jdbc.dialect.internal.DialectFactoryImpl.constructDialect HHH90000025: MySQLDialect does not need to be specified explicitly using 'hibernate.dialect' (remove the property setting and it will be selected by default)
06-Sep-2026 00:46:36.986 INFO [http-nio-8080-exec-4] org.hibernate.engine.transaction.jta.platform.internal.JtaPlatformInitiator.initiateService HHH000489: No JTA platform available (set 'hibernate.transaction.jta.platform' to enable JTA platform integration)
06-Sep-2026 00:46:36.988 INFO [http-nio-8080-exec-4] org.hibernate.resource.transaction.backend.jdbc.internal.DdlTransactionIsolatorNonJtaImpl.getIsolatedConnection HHH10001501: Connection obtained from JdbcConnectionAccess [org.hibernate.engine.jdbc.env.internal.JdbcEnvironmentInitiator$ConnectionProviderJdbcConnectionAccess@2607294a] for (non-JTA) DDL execution was not in auto-commit mode; the Connection 'local transaction' will be committed and the Connection will be set into auto-commit mode.
06-Sep-2026 00:46:37.097 INFO [http-nio-8080-exec-8] org.hibernate.jpa.internal.util.LogHelper.logPersistenceUnitInformation HHH000204: Processing PersistenceUnitInfo [name: jpa-hibernate-mysql]
06-Sep-2026 00:46:37.098 INFO [http-nio-8080-exec-8] org.hibernate.cache.internal.RegionFactoryInitiator.initiateService HHH000026: Second-level cache disabled
06-Sep-2026 00:46:37.122 WARN [http-nio-8080-exec-8] org.hibernate.engine.jdbc.connections.internal.DriverManagerConnectionProviderImpl.configure HHH10001002: Using built-in connection pool (not intended for production use)
06-Sep-2026 00:46:37.122 INFO [http-nio-8080-exec-8] org.hibernate.engine.jdbc.connections.internal.DriverManagerConnectionProviderImpl.buildCreator HHH10001005: Loaded JDBC driver class: com.mysql.cj.jdbc.Driver
06-Sep-2026 00:46:37.122 INFO [http-nio-8080-exec-8] org.hibernate.engine.jdbc.connections.internal.DriverManagerConnectionProviderImpl.buildCreator HHH10001012: Connecting with JDBC URL [jdbc:mysql://localhost:3306/webst2?useSSL=false&allowPublicKeyRetrieval=true&serverTimezone=UTC]
06-Sep-2026 00:46:37.122 INFO [http-nio-8080-exec-8] org.hibernate.engine.jdbc.connections.internal.DriverManagerConnectionProviderImpl.buildCreator HHH10001001: Connection properties: {password=****, user=root}
06-Sep-2026 00:46:37.123 INFO [http-nio-8080-exec-8] org.hibernate.engine.jdbc.connections.internal.DriverManagerConnectionProviderImpl.buildCreator HHH10001003: Autocommit mode: false
06-Sep-2026 00:46:37.123 INFO [http-nio-8080-exec-8] org.hibernate.engine.jdbc.connections.internal.DriverManagerConnectionProviderImpl$PooledConnections.<init> HHH10001115: Connection pool size: 20 (min=1)
06-Sep-2026 00:46:37.131 WARN [http-nio-8080-exec-8] org.hibernate.engine.jdbc.dialect.internal.DialectFactoryImpl.constructDialect HHH90000025: MySQLDialect does not need to be specified explicitly using 'hibernate.dialect' (remove the property setting and it will be selected by default)
06-Sep-2026 00:46:37.185 INFO [http-nio-8080-exec-8] org.hibernate.engine.transaction.jta.platform.internal.JtaPlatformInitiator.initiateService HHH000489: No JTA platform available (set 'hibernate.transaction.jta.platform' to enable JTA platform integration)
06-Sep-2026 00:46:37.186 INFO [http-nio-8080-exec-8] org.hibernate.resource.transaction.backend.jdbc.internal.DdlTransactionIsolatorNonJtaImpl.getIsolatedConnection HHH10001501: Connection obtained from JdbcConnectionAccess [org.hibernate.engine.jdbc.env.internal.JdbcEnvironmentInitiator$ConnectionProviderJdbcConnectionAccess@5554e813] for (non-JTA) DDL execution was not in auto-commit mode; the Connection 'local transaction' will be committed and the Connection will be set into auto-commit mode.
06-Sep-2026 00:46:37.247 INFO [http-nio-8080-exec-10] org.hibernate.jpa.internal.util.LogHelper.logPersistenceUnitInformation HHH000204: Processing PersistenceUnitInfo [name: jpa-hibernate-mysql]
06-Sep-2026 00:46:37.249 INFO [http-nio-8080-exec-10] org.hibernate.cache.internal.RegionFactoryInitiator.initiateService HHH000026: Second-level cache disabled
06-Sep-2026 00:46:37.273 WARN [http-nio-8080-exec-10] org.hibernate.engine.jdbc.connections.internal.DriverManagerConnectionProviderImpl.configure HHH10001002: Using built-in connection pool (not intended for production use)
06-Sep-2026 00:46:37.274 INFO [http-nio-8080-exec-10] org.hibernate.engine.jdbc.connections.internal.DriverManagerConnectionProviderImpl.buildCreator HHH10001005: Loaded JDBC driver class: com.mysql.cj.jdbc.Driver
06-Sep-2026 00:46:37.274 INFO [http-nio-8080-exec-10] org.hibernate.engine.jdbc.connections.internal.DriverManagerConnectionProviderImpl.buildCreator HHH10001012: Connecting with JDBC URL [jdbc:mysql://localhost:3306/webst2?useSSL=false&allowPublicKeyRetrieval=true&serverTimezone=UTC]
06-Sep-2026 00:46:37.274 INFO [http-nio-8080-exec-10] org.hibernate.engine.jdbc.connections.internal.DriverManagerConnectionProviderImpl.buildCreator HHH10001001: Connection properties: {password=****, user=root}
06-Sep-2026 00:46:37.274 INFO [http-nio-8080-exec-10] org.hibernate.engine.jdbc.connections.internal.DriverManagerConnectionProviderImpl.buildCreator HHH10001003: Autocommit mode: false
06-Sep-2026 00:46:37.274 INFO [http-nio-8080-exec-10] org.hibernate.engine.jdbc.connections.internal.DriverManagerConnectionProviderImpl$PooledConnections.<init> HHH10001115: Connection pool size: 20 (min=1)
06-Sep-2026 00:46:37.284 WARN [http-nio-8080-exec-10] org.hibernate.engine.jdbc.dialect.internal.DialectFactoryImpl.constructDialect HHH90000025: MySQLDialect does not need to be specified explicitly using 'hibernate.dialect' (remove the property setting and it will be selected by default)
06-Sep-2026 00:46:37.342 INFO [http-nio-8080-exec-10] org.hibernate.engine.transaction.jta.platform.internal.JtaPlatformInitiator.initiateService HHH000489: No JTA platform available (set 'hibernate.transaction.jta.platform' to enable JTA platform integration)
06-Sep-2026 00:46:37.344 INFO [http-nio-8080-exec-10] org.hibernate.resource.transaction.backend.jdbc.internal.DdlTransactionIsolatorNonJtaImpl.getIsolatedConnection HHH10001501: Connection obtained from JdbcConnectionAccess [org.hibernate.engine.jdbc.env.internal.JdbcEnvironmentInitiator$ConnectionProviderJdbcConnectionAccess@4f5626b8] for (non-JTA) DDL execution was not in auto-commit mode; the Connection 'local transaction' will be committed and the Connection will be set into auto-commit mode.
06-Sep-2026 00:46:37.453 INFO [http-nio-8080-exec-2] org.hibernate.jpa.internal.util.LogHelper.logPersistenceUnitInformation HHH000204: Processing PersistenceUnitInfo [name: jpa-hibernate-mysql]
06-Sep-2026 00:46:37.456 INFO [http-nio-8080-exec-2] org.hibernate.cache.internal.RegionFactoryInitiator.initiateService HHH000026: Second-level cache disabled
06-Sep-2026 00:46:37.481 WARN [http-nio-8080-exec-2] org.hibernate.engine.jdbc.connections.internal.DriverManagerConnectionProviderImpl.configure HHH10001002: Using built-in connection pool (not intended for production use)
06-Sep-2026 00:46:37.481 INFO [http-nio-8080-exec-2] org.hibernate.engine.jdbc.connections.internal.DriverManagerConnectionProviderImpl.buildCreator HHH10001005: Loaded JDBC driver class: com.mysql.cj.jdbc.Driver
06-Sep-2026 00:46:37.481 INFO [http-nio-8080-exec-2] org.hibernate.engine.jdbc.connections.internal.DriverManagerConnectionProviderImpl.buildCreator HHH10001012: Connecting with JDBC URL [jdbc:mysql://localhost:3306/webst2?useSSL=false&allowPublicKeyRetrieval=true&serverTimezone=UTC]
06-Sep-2026 00:46:37.482 INFO [http-nio-8080-exec-2] org.hibernate.engine.jdbc.connections.internal.DriverManagerConnectionProviderImpl.buildCreator HHH10001001: Connection properties: {password=****, user=root}
06-Sep-2026 00:46:37.482 INFO [http-nio-8080-exec-2] org.hibernate.engine.jdbc.connections.internal.DriverManagerConnectionProviderImpl.buildCreator HHH10001003: Autocommit mode: false
06-Sep-2026 00:46:37.482 INFO [http-nio-8080-exec-2] org.hibernate.engine.jdbc.connections.internal.DriverManagerConnectionProviderImpl$PooledConnections.<init> HHH10001115: Connection pool size: 20 (min=1)
06-Sep-2026 00:46:37.490 WARN [http-nio-8080-exec-2] org.hibernate.engine.jdbc.dialect.internal.DialectFactoryImpl.constructDialect HHH90000025: MySQLDialect does not need to be specified explicitly using 'hibernate.dialect' (remove the property setting and it will be selected by default)
06-Sep-2026 00:46:37.562 INFO [http-nio-8080-exec-2] org.hibernate.engine.transaction.jta.platform.internal.JtaPlatformInitiator.initiateService HHH000489: No JTA platform available (set 'hibernate.transaction.jta.platform' to enable JTA platform integration)
06-Sep-2026 00:46:37.565 INFO [http-nio-8080-exec-2] org.hibernate.resource.transaction.backend.jdbc.internal.DdlTransactionIsolatorNonJtaImpl.getIsolatedConnection HHH10001501: Connection obtained from JdbcConnectionAccess [org.hibernate.engine.jdbc.env.internal.JdbcEnvironmentInitiator$ConnectionProviderJdbcConnectionAccess@c55e495] for (non-JTA) DDL execution was not in auto-commit mode; the Connection 'local transaction' will be committed and the Connection will be set into auto-commit mode.
06-Sep-2026 00:46:37.587 INFO [http-nio-8080-exec-2] org.hibernate.jpa.internal.util.LogHelper.logPersistenceUnitInformation HHH000204: Processing PersistenceUnitInfo [name: jpa-hibernate-mysql]
06-Sep-2026 00:46:37.589 INFO [http-nio-8080-exec-2] org.hibernate.cache.internal.RegionFactoryInitiator.initiateService HHH000026: Second-level cache disabled
06-Sep-2026 00:46:37.613 WARN [http-nio-8080-exec-2] org.hibernate.engine.jdbc.connections.internal.DriverManagerConnectionProviderImpl.configure HHH10001002: Using built-in connection pool (not intended for production use)
06-Sep-2026 00:46:37.614 INFO [http-nio-8080-exec-2] org.hibernate.engine.jdbc.connections.internal.DriverManagerConnectionProviderImpl.buildCreator HHH10001005: Loaded JDBC driver class: com.mysql.cj.jdbc.Driver
06-Sep-2026 00:46:37.614 INFO [http-nio-8080-exec-2] org.hibernate.engine.jdbc.connections.internal.DriverManagerConnectionProviderImpl.buildCreator HHH10001012: Connecting with JDBC URL [jdbc:mysql://localhost:3306/webst2?useSSL=false&allowPublicKeyRetrieval=true&serverTimezone=UTC]
06-Sep-2026 00:46:37.615 INFO [http-nio-8080-exec-2] org.hibernate.engine.jdbc.connections.internal.DriverManagerConnectionProviderImpl.buildCreator HHH10001001: Connection properties: {password=****, user=root}
06-Sep-2026 00:46:37.615 INFO [http-nio-8080-exec-2] org.hibernate.engine.jdbc.connections.internal.DriverManagerConnectionProviderImpl.buildCreator HHH10001003: Autocommit mode: false
06-Sep-2026 00:46:37.615 INFO [http-nio-8080-exec-2] org.hibernate.engine.jdbc.connections.internal.DriverManagerConnectionProviderImpl$PooledConnections.<init> HHH10001115: Connection pool size: 20 (min=1)
06-Sep-2026 00:46:37.621 WARN [http-nio-8080-exec-2] org.hibernate.engine.jdbc.dialect.internal.DialectFactoryImpl.constructDialect HHH90000025: MySQLDialect does not need to be specified explicitly using 'hibernate.dialect' (remove the property setting and it will be selected by default)
06-Sep-2026 00:46:37.675 INFO [http-nio-8080-exec-2] org.hibernate.engine.transaction.jta.platform.internal.JtaPlatformInitiator.initiateService HHH000489: No JTA platform available (set 'hibernate.transaction.jta.platform' to enable JTA platform integration)
06-Sep-2026 00:46:37.677 INFO [http-nio-8080-exec-2] org.hibernate.resource.transaction.backend.jdbc.internal.DdlTransactionIsolatorNonJtaImpl.getIsolatedConnection HHH10001501: Connection obtained from JdbcConnectionAccess [org.hibernate.engine.jdbc.env.internal.JdbcEnvironmentInitiator$ConnectionProviderJdbcConnectionAccess@4fd0771e] for (non-JTA) DDL execution was not in auto-commit mode; the Connection 'local transaction' will be committed and the Connection will be set into auto-commit mode.
06-Sep-2026 00:46:37.815 INFO [http-nio-8080-exec-3] org.hibernate.jpa.internal.util.LogHelper.logPersistenceUnitInformation HHH000204: Processing PersistenceUnitInfo [name: jpa-hibernate-mysql]
06-Sep-2026 00:46:37.817 INFO [http-nio-8080-exec-3] org.hibernate.cache.internal.RegionFactoryInitiator.initiateService HHH000026: Second-level cache disabled
06-Sep-2026 00:46:37.841 WARN [http-nio-8080-exec-3] org.hibernate.engine.jdbc.connections.internal.DriverManagerConnectionProviderImpl.configure HHH10001002: Using built-in connection pool (not intended for production use)
06-Sep-2026 00:46:37.841 INFO [http-nio-8080-exec-3] org.hibernate.engine.jdbc.connections.internal.DriverManagerConnectionProviderImpl.buildCreator HHH10001005: Loaded JDBC driver class: com.mysql.cj.jdbc.Driver
06-Sep-2026 00:46:37.843 INFO [http-nio-8080-exec-3] org.hibernate.engine.jdbc.connections.internal.DriverManagerConnectionProviderImpl.buildCreator HHH10001012: Connecting with JDBC URL [jdbc:mysql://localhost:3306/webst2?useSSL=false&allowPublicKeyRetrieval=true&serverTimezone=UTC]
06-Sep-2026 00:46:37.843 INFO [http-nio-8080-exec-3] org.hibernate.engine.jdbc.connections.internal.DriverManagerConnectionProviderImpl.buildCreator HHH10001001: Connection properties: {password=****, user=root}
06-Sep-2026 00:46:37.843 INFO [http-nio-8080-exec-3] org.hibernate.engine.jdbc.connections.internal.DriverManagerConnectionProviderImpl.buildCreator HHH10001003: Autocommit mode: false
06-Sep-2026 00:46:37.844 INFO [http-nio-8080-exec-3] org.hibernate.engine.jdbc.connections.internal.DriverManagerConnectionProviderImpl$PooledConnections.<init> HHH10001115: Connection pool size: 20 (min=1)
06-Sep-2026 00:46:37.853 WARN [http-nio-8080-exec-3] org.hibernate.engine.jdbc.dialect.internal.DialectFactoryImpl.constructDialect HHH90000025: MySQLDialect does not need to be specified explicitly using 'hibernate.dialect' (remove the property setting and it will be selected by default)
06-Sep-2026 00:46:37.914 INFO [http-nio-8080-exec-3] org.hibernate.engine.transaction.jta.platform.internal.JtaPlatformInitiator.initiateService HHH000489: No JTA platform available (set 'hibernate.transaction.jta.platform' to enable JTA platform integration)
06-Sep-2026 00:46:37.916 INFO [http-nio-8080-exec-3] org.hibernate.resource.transaction.backend.jdbc.internal.DdlTransactionIsolatorNonJtaImpl.getIsolatedConnection HHH10001501: Connection obtained from JdbcConnectionAccess [org.hibernate.engine.jdbc.env.internal.JdbcEnvironmentInitiator$ConnectionProviderJdbcConnectionAccess@1399c031] for (non-JTA) DDL execution was not in auto-commit mode; the Connection 'local transaction' will be committed and the Connection will be set into auto-commit mode.
06-Sep-2026 00:48:00.109 INFO [main] org.apache.catalina.core.StandardServer.await A valid shutdown command was received via the shutdown port. Stopping the Server instance.
06-Sep-2026 00:48:00.109 INFO [main] org.apache.coyote.AbstractProtocol.pause Pausing ProtocolHandler ["http-nio-8080"]
06-Sep-2026 00:48:00.119 INFO [main] org.apache.catalina.core.StandardService.stopInternal Stopping service [Catalina]
06-Sep-2026 00:48:00.133 WARNING [main] org.apache.catalina.loader.WebappClassLoaderBase.clearReferencesJdbc The web application [jpa02] registered the JDBC driver [com.mysql.cj.jdbc.Driver] but failed to unregister it when the web application was stopped. To prevent a memory leak, the JDBC Driver has been forcibly unregistered.
06-Sep-2026 00:48:00.134 WARNING [main] org.apache.catalina.loader.WebappClassLoaderBase.clearReferencesThreads The web application [jpa02] appears to have started a thread named [mysql-cj-abandoned-connection-cleanup] but has failed to stop it. This is very likely to create a memory leak. Stack trace of thread:
 java.base/jdk.internal.misc.Unsafe.park(Native Method)
 java.base/java.util.concurrent.locks.LockSupport.parkNanos(LockSupport.java:269)
 java.base/java.util.concurrent.locks.AbstractQueuedSynchronizer$ConditionObject.await(AbstractQueuedSynchronizer.java:1847)
 java.base/java.lang.ref.ReferenceQueue.await(ReferenceQueue.java:71)
 java.base/java.lang.ref.ReferenceQueue.remove0(ReferenceQueue.java:143)
 java.base/java.lang.ref.ReferenceQueue.remove(ReferenceQueue.java:218)
 com.mysql.cj.jdbc.AbandonedConnectionCleanupThread.run(AbandonedConnectionCleanupThread.java:93)
 java.base/java.util.concurrent.ThreadPoolExecutor.runWorker(ThreadPoolExecutor.java:1144)
 java.base/java.util.concurrent.ThreadPoolExecutor$Worker.run(ThreadPoolExecutor.java:642)
 java.base/java.lang.Thread.run(Thread.java:1583)
06-Sep-2026 00:48:00.134 WARNING [main] org.apache.catalina.loader.WebappClassLoaderBase.clearReferencesThreads The web application [jpa02] appears to have started a thread named [Hibernate Connection Pool Validation Thread] but has failed to stop it. This is very likely to create a memory leak. Stack trace of thread:
 java.base/jdk.internal.misc.Unsafe.park(Native Method)
 java.base/java.util.concurrent.locks.LockSupport.parkNanos(LockSupport.java:269)
 java.base/java.util.concurrent.locks.AbstractQueuedSynchronizer$ConditionObject.awaitNanos(AbstractQueuedSynchronizer.java:1758)
 java.base/java.util.concurrent.ScheduledThreadPoolExecutor$DelayedWorkQueue.take(ScheduledThreadPoolExecutor.java:1182)
 java.base/java.util.concurrent.ScheduledThreadPoolExecutor$DelayedWorkQueue.take(ScheduledThreadPoolExecutor.java:899)
 java.base/java.util.concurrent.ThreadPoolExecutor.getTask(ThreadPoolExecutor.java:1070)
 java.base/java.util.concurrent.ThreadPoolExecutor.runWorker(ThreadPoolExecutor.java:1130)
 java.base/java.util.concurrent.ThreadPoolExecutor$Worker.run(ThreadPoolExecutor.java:642)
 java.base/java.lang.Thread.run(Thread.java:1583)
06-Sep-2026 00:48:00.134 WARNING [main] org.apache.catalina.loader.WebappClassLoaderBase.clearReferencesThreads The web application [jpa02] appears to have started a thread named [Hibernate Connection Pool Validation Thread] but has failed to stop it. This is very likely to create a memory leak. Stack trace of thread:
 java.base/jdk.internal.misc.Unsafe.park(Native Method)
 java.base/java.util.concurrent.locks.LockSupport.parkNanos(LockSupport.java:269)
 java.base/java.util.concurrent.locks.AbstractQueuedSynchronizer$ConditionObject.awaitNanos(AbstractQueuedSynchronizer.java:1758)
 java.base/java.util.concurrent.ScheduledThreadPoolExecutor$DelayedWorkQueue.take(ScheduledThreadPoolExecutor.java:1182)
 java.base/java.util.concurrent.ScheduledThreadPoolExecutor$DelayedWorkQueue.take(ScheduledThreadPoolExecutor.java:899)
 java.base/java.util.concurrent.ThreadPoolExecutor.getTask(ThreadPoolExecutor.java:1070)
 java.base/java.util.concurrent.ThreadPoolExecutor.runWorker(ThreadPoolExecutor.java:1130)
 java.base/java.util.concurrent.ThreadPoolExecutor$Worker.run(ThreadPoolExecutor.java:642)
 java.base/java.lang.Thread.run(Thread.java:1583)
06-Sep-2026 00:48:00.135 WARNING [main] org.apache.catalina.loader.WebappClassLoaderBase.clearReferencesThreads The web application [jpa02] appears to have started a thread named [Hibernate Connection Pool Validation Thread] but has failed to stop it. This is very likely to create a memory leak. Stack trace of thread:
 java.base/jdk.internal.misc.Unsafe.park(Native Method)
 java.base/java.util.concurrent.locks.LockSupport.parkNanos(LockSupport.java:269)
 java.base/java.util.concurrent.locks.AbstractQueuedSynchronizer$ConditionObject.awaitNanos(AbstractQueuedSynchronizer.java:1758)
 java.base/java.util.concurrent.ScheduledThreadPoolExecutor$DelayedWorkQueue.take(ScheduledThreadPoolExecutor.java:1182)
 java.base/java.util.concurrent.ScheduledThreadPoolExecutor$DelayedWorkQueue.take(ScheduledThreadPoolExecutor.java:899)
 java.base/java.util.concurrent.ThreadPoolExecutor.getTask(ThreadPoolExecutor.java:1070)
 java.base/java.util.concurrent.ThreadPoolExecutor.runWorker(ThreadPoolExecutor.java:1130)
 java.base/java.util.concurrent.ThreadPoolExecutor$Worker.run(ThreadPoolExecutor.java:642)
 java.base/java.lang.Thread.run(Thread.java:1583)
06-Sep-2026 00:48:00.135 WARNING [main] org.apache.catalina.loader.WebappClassLoaderBase.clearReferencesThreads The web application [jpa02] appears to have started a thread named [Hibernate Connection Pool Validation Thread] but has failed to stop it. This is very likely to create a memory leak. Stack trace of thread:
 java.base/jdk.internal.misc.Unsafe.park(Native Method)
 java.base/java.util.concurrent.locks.LockSupport.parkNanos(LockSupport.java:269)
 java.base/java.util.concurrent.locks.AbstractQueuedSynchronizer$ConditionObject.awaitNanos(AbstractQueuedSynchronizer.java:1758)
 java.base/java.util.concurrent.ScheduledThreadPoolExecutor$DelayedWorkQueue.take(ScheduledThreadPoolExecutor.java:1182)
 java.base/java.util.concurrent.ScheduledThreadPoolExecutor$DelayedWorkQueue.take(ScheduledThreadPoolExecutor.java:899)
 java.base/java.util.concurrent.ThreadPoolExecutor.getTask(ThreadPoolExecutor.java:1070)
 java.base/java.util.concurrent.ThreadPoolExecutor.runWorker(ThreadPoolExecutor.java:1130)
 java.base/java.util.concurrent.ThreadPoolExecutor$Worker.run(ThreadPoolExecutor.java:642)
 java.base/java.lang.Thread.run(Thread.java:1583)
06-Sep-2026 00:48:00.135 WARNING [main] org.apache.catalina.loader.WebappClassLoaderBase.clearReferencesThreads The web application [jpa02] appears to have started a thread named [Hibernate Connection Pool Validation Thread] but has failed to stop it. This is very likely to create a memory leak. Stack trace of thread:
 java.base/jdk.internal.misc.Unsafe.park(Native Method)
 java.base/java.util.concurrent.locks.LockSupport.parkNanos(LockSupport.java:269)
 java.base/java.util.concurrent.locks.AbstractQueuedSynchronizer$ConditionObject.awaitNanos(AbstractQueuedSynchronizer.java:1758)
 java.base/java.util.concurrent.ScheduledThreadPoolExecutor$DelayedWorkQueue.take(ScheduledThreadPoolExecutor.java:1182)
 java.base/java.util.concurrent.ScheduledThreadPoolExecutor$DelayedWorkQueue.take(ScheduledThreadPoolExecutor.java:899)
 java.base/java.util.concurrent.ThreadPoolExecutor.getTask(ThreadPoolExecutor.java:1070)
 java.base/java.util.concurrent.ThreadPoolExecutor.runWorker(ThreadPoolExecutor.java:1130)
 java.base/java.util.concurrent.ThreadPoolExecutor$Worker.run(ThreadPoolExecutor.java:642)
 java.base/java.lang.Thread.run(Thread.java:1583)
06-Sep-2026 00:48:00.135 WARNING [main] org.apache.catalina.loader.WebappClassLoaderBase.clearReferencesThreads The web application [jpa02] appears to have started a thread named [Hibernate Connection Pool Validation Thread] but has failed to stop it. This is very likely to create a memory leak. Stack trace of thread:
 java.base/jdk.internal.misc.Unsafe.park(Native Method)
 java.base/java.util.concurrent.locks.LockSupport.parkNanos(LockSupport.java:269)
 java.base/java.util.concurrent.locks.AbstractQueuedSynchronizer$ConditionObject.awaitNanos(AbstractQueuedSynchronizer.java:1758)
 java.base/java.util.concurrent.ScheduledThreadPoolExecutor$DelayedWorkQueue.take(ScheduledThreadPoolExecutor.java:1182)
 java.base/java.util.concurrent.ScheduledThreadPoolExecutor$DelayedWorkQueue.take(ScheduledThreadPoolExecutor.java:899)
 java.base/java.util.concurrent.ThreadPoolExecutor.getTask(ThreadPoolExecutor.java:1070)
 java.base/java.util.concurrent.ThreadPoolExecutor.runWorker(ThreadPoolExecutor.java:1130)
 java.base/java.util.concurrent.ThreadPoolExecutor$Worker.run(ThreadPoolExecutor.java:642)
 java.base/java.lang.Thread.run(Thread.java:1583)
06-Sep-2026 00:48:00.135 WARNING [main] org.apache.catalina.loader.WebappClassLoaderBase.clearReferencesThreads The web application [jpa02] appears to have started a thread named [Hibernate Connection Pool Validation Thread] but has failed to stop it. This is very likely to create a memory leak. Stack trace of thread:
 java.base/jdk.internal.misc.Unsafe.park(Native Method)
 java.base/java.util.concurrent.locks.LockSupport.parkNanos(LockSupport.java:269)
 java.base/java.util.concurrent.locks.AbstractQueuedSynchronizer$ConditionObject.awaitNanos(AbstractQueuedSynchronizer.java:1758)
 java.base/java.util.concurrent.ScheduledThreadPoolExecutor$DelayedWorkQueue.take(ScheduledThreadPoolExecutor.java:1182)
 java.base/java.util.concurrent.ScheduledThreadPoolExecutor$DelayedWorkQueue.take(ScheduledThreadPoolExecutor.java:899)
 java.base/java.util.concurrent.ThreadPoolExecutor.getTask(ThreadPoolExecutor.java:1070)
 java.base/java.util.concurrent.ThreadPoolExecutor.runWorker(ThreadPoolExecutor.java:1130)
 java.base/java.util.concurrent.ThreadPoolExecutor$Worker.run(ThreadPoolExecutor.java:642)
 java.base/java.lang.Thread.run(Thread.java:1583)
06-Sep-2026 00:48:00.136 WARNING [main] org.apache.catalina.loader.WebappClassLoaderBase.clearReferencesThreads The web application [jpa02] appears to have started a thread named [Hibernate Connection Pool Validation Thread] but has failed to stop it. This is very likely to create a memory leak. Stack trace of thread:
 java.base/jdk.internal.misc.Unsafe.park(Native Method)
 java.base/java.util.concurrent.locks.LockSupport.parkNanos(LockSupport.java:269)
 java.base/java.util.concurrent.locks.AbstractQueuedSynchronizer$ConditionObject.awaitNanos(AbstractQueuedSynchronizer.java:1758)
 java.base/java.util.concurrent.ScheduledThreadPoolExecutor$DelayedWorkQueue.take(ScheduledThreadPoolExecutor.java:1182)
 java.base/java.util.concurrent.ScheduledThreadPoolExecutor$DelayedWorkQueue.take(ScheduledThreadPoolExecutor.java:899)
 java.base/java.util.concurrent.ThreadPoolExecutor.getTask(ThreadPoolExecutor.java:1070)
 java.base/java.util.concurrent.ThreadPoolExecutor.runWorker(ThreadPoolExecutor.java:1130)
 java.base/java.util.concurrent.ThreadPoolExecutor$Worker.run(ThreadPoolExecutor.java:642)
 java.base/java.lang.Thread.run(Thread.java:1583)
06-Sep-2026 00:48:00.136 WARNING [main] org.apache.catalina.loader.WebappClassLoaderBase.clearReferencesThreads The web application [jpa02] appears to have started a thread named [Hibernate Connection Pool Validation Thread] but has failed to stop it. This is very likely to create a memory leak. Stack trace of thread:
 java.base/jdk.internal.misc.Unsafe.park(Native Method)
 java.base/java.util.concurrent.locks.LockSupport.parkNanos(LockSupport.java:269)
 java.base/java.util.concurrent.locks.AbstractQueuedSynchronizer$ConditionObject.awaitNanos(AbstractQueuedSynchronizer.java:1758)
 java.base/java.util.concurrent.ScheduledThreadPoolExecutor$DelayedWorkQueue.take(ScheduledThreadPoolExecutor.java:1182)
 java.base/java.util.concurrent.ScheduledThreadPoolExecutor$DelayedWorkQueue.take(ScheduledThreadPoolExecutor.java:899)
 java.base/java.util.concurrent.ThreadPoolExecutor.getTask(ThreadPoolExecutor.java:1070)
 java.base/java.util.concurrent.ThreadPoolExecutor.runWorker(ThreadPoolExecutor.java:1130)
 java.base/java.util.concurrent.ThreadPoolExecutor$Worker.run(ThreadPoolExecutor.java:642)
 java.base/java.lang.Thread.run(Thread.java:1583)
06-Sep-2026 00:48:00.136 WARNING [main] org.apache.catalina.loader.WebappClassLoaderBase.clearReferencesThreads The web application [jpa02] appears to have started a thread named [Hibernate Connection Pool Validation Thread] but has failed to stop it. This is very likely to create a memory leak. Stack trace of thread:
 java.base/jdk.internal.misc.Unsafe.park(Native Method)
 java.base/java.util.concurrent.locks.LockSupport.parkNanos(LockSupport.java:269)
 java.base/java.util.concurrent.locks.AbstractQueuedSynchronizer$ConditionObject.awaitNanos(AbstractQueuedSynchronizer.java:1758)
 java.base/java.util.concurrent.ScheduledThreadPoolExecutor$DelayedWorkQueue.take(ScheduledThreadPoolExecutor.java:1182)
 java.base/java.util.concurrent.ScheduledThreadPoolExecutor$DelayedWorkQueue.take(ScheduledThreadPoolExecutor.java:899)
 java.base/java.util.concurrent.ThreadPoolExecutor.getTask(ThreadPoolExecutor.java:1070)
 java.base/java.util.concurrent.ThreadPoolExecutor.runWorker(ThreadPoolExecutor.java:1130)
 java.base/java.util.concurrent.ThreadPoolExecutor$Worker.run(ThreadPoolExecutor.java:642)
 java.base/java.lang.Thread.run(Thread.java:1583)
06-Sep-2026 00:48:00.136 WARNING [main] org.apache.catalina.loader.WebappClassLoaderBase.clearReferencesThreads The web application [jpa02] appears to have started a thread named [Hibernate Connection Pool Validation Thread] but has failed to stop it. This is very likely to create a memory leak. Stack trace of thread:
 java.base/jdk.internal.misc.Unsafe.park(Native Method)
 java.base/java.util.concurrent.locks.LockSupport.parkNanos(LockSupport.java:269)
 java.base/java.util.concurrent.locks.AbstractQueuedSynchronizer$ConditionObject.awaitNanos(AbstractQueuedSynchronizer.java:1758)
 java.base/java.util.concurrent.ScheduledThreadPoolExecutor$DelayedWorkQueue.take(ScheduledThreadPoolExecutor.java:1182)
 java.base/java.util.concurrent.ScheduledThreadPoolExecutor$DelayedWorkQueue.take(ScheduledThreadPoolExecutor.java:899)
 java.base/java.util.concurrent.ThreadPoolExecutor.getTask(ThreadPoolExecutor.java:1070)
 java.base/java.util.concurrent.ThreadPoolExecutor.runWorker(ThreadPoolExecutor.java:1130)
 java.base/java.util.concurrent.ThreadPoolExecutor$Worker.run(ThreadPoolExecutor.java:642)
 java.base/java.lang.Thread.run(Thread.java:1583)
06-Sep-2026 00:48:00.136 WARNING [main] org.apache.catalina.loader.WebappClassLoaderBase.clearReferencesThreads The web application [jpa02] appears to have started a thread named [Hibernate Connection Pool Validation Thread] but has failed to stop it. This is very likely to create a memory leak. Stack trace of thread:
 java.base/jdk.internal.misc.Unsafe.park(Native Method)
 java.base/java.util.concurrent.locks.LockSupport.parkNanos(LockSupport.java:269)
 java.base/java.util.concurrent.locks.AbstractQueuedSynchronizer$ConditionObject.awaitNanos(AbstractQueuedSynchronizer.java:1758)
 java.base/java.util.concurrent.ScheduledThreadPoolExecutor$DelayedWorkQueue.take(ScheduledThreadPoolExecutor.java:1182)
 java.base/java.util.concurrent.ScheduledThreadPoolExecutor$DelayedWorkQueue.take(ScheduledThreadPoolExecutor.java:899)
 java.base/java.util.concurrent.ThreadPoolExecutor.getTask(ThreadPoolExecutor.java:1070)
 java.base/java.util.concurrent.ThreadPoolExecutor.runWorker(ThreadPoolExecutor.java:1130)
 java.base/java.util.concurrent.ThreadPoolExecutor$Worker.run(ThreadPoolExecutor.java:642)
 java.base/java.lang.Thread.run(Thread.java:1583)
06-Sep-2026 00:48:00.137 WARNING [main] org.apache.catalina.loader.WebappClassLoaderBase.clearReferencesThreads The web application [jpa02] appears to have started a thread named [Hibernate Connection Pool Validation Thread] but has failed to stop it. This is very likely to create a memory leak. Stack trace of thread:
 java.base/jdk.internal.misc.Unsafe.park(Native Method)
 java.base/java.util.concurrent.locks.LockSupport.parkNanos(LockSupport.java:269)
 java.base/java.util.concurrent.locks.AbstractQueuedSynchronizer$ConditionObject.awaitNanos(AbstractQueuedSynchronizer.java:1758)
 java.base/java.util.concurrent.ScheduledThreadPoolExecutor$DelayedWorkQueue.take(ScheduledThreadPoolExecutor.java:1182)
 java.base/java.util.concurrent.ScheduledThreadPoolExecutor$DelayedWorkQueue.take(ScheduledThreadPoolExecutor.java:899)
 java.base/java.util.concurrent.ThreadPoolExecutor.getTask(ThreadPoolExecutor.java:1070)
 java.base/java.util.concurrent.ThreadPoolExecutor.runWorker(ThreadPoolExecutor.java:1130)
 java.base/java.util.concurrent.ThreadPoolExecutor$Worker.run(ThreadPoolExecutor.java:642)
 java.base/java.lang.Thread.run(Thread.java:1583)
06-Sep-2026 00:48:00.137 WARNING [main] org.apache.catalina.loader.WebappClassLoaderBase.clearReferencesThreads The web application [jpa02] appears to have started a thread named [Hibernate Connection Pool Validation Thread] but has failed to stop it. This is very likely to create a memory leak. Stack trace of thread:
 java.base/jdk.internal.misc.Unsafe.park(Native Method)
 java.base/java.util.concurrent.locks.LockSupport.parkNanos(LockSupport.java:269)
 java.base/java.util.concurrent.locks.AbstractQueuedSynchronizer$ConditionObject.awaitNanos(AbstractQueuedSynchronizer.java:1758)
 java.base/java.util.concurrent.ScheduledThreadPoolExecutor$DelayedWorkQueue.take(ScheduledThreadPoolExecutor.java:1182)
 java.base/java.util.concurrent.ScheduledThreadPoolExecutor$DelayedWorkQueue.take(ScheduledThreadPoolExecutor.java:899)
 java.base/java.util.concurrent.ThreadPoolExecutor.getTask(ThreadPoolExecutor.java:1070)
 java.base/java.util.concurrent.ThreadPoolExecutor.runWorker(ThreadPoolExecutor.java:1130)
 java.base/java.util.concurrent.ThreadPoolExecutor$Worker.run(ThreadPoolExecutor.java:642)
 java.base/java.lang.Thread.run(Thread.java:1583)
06-Sep-2026 00:48:00.137 WARNING [main] org.apache.catalina.loader.WebappClassLoaderBase.clearReferencesThreads The web application [jpa02] appears to have started a thread named [Hibernate Connection Pool Validation Thread] but has failed to stop it. This is very likely to create a memory leak. Stack trace of thread:
 java.base/jdk.internal.misc.Unsafe.park(Native Method)
 java.base/java.util.concurrent.locks.LockSupport.parkNanos(LockSupport.java:269)
 java.base/java.util.concurrent.locks.AbstractQueuedSynchronizer$ConditionObject.awaitNanos(AbstractQueuedSynchronizer.java:1758)
 java.base/java.util.concurrent.ScheduledThreadPoolExecutor$DelayedWorkQueue.take(ScheduledThreadPoolExecutor.java:1182)
 java.base/java.util.concurrent.ScheduledThreadPoolExecutor$DelayedWorkQueue.take(ScheduledThreadPoolExecutor.java:899)
 java.base/java.util.concurrent.ThreadPoolExecutor.getTask(ThreadPoolExecutor.java:1070)
 java.base/java.util.concurrent.ThreadPoolExecutor.runWorker(ThreadPoolExecutor.java:1130)
 java.base/java.util.concurrent.ThreadPoolExecutor$Worker.run(ThreadPoolExecutor.java:642)
 java.base/java.lang.Thread.run(Thread.java:1583)
06-Sep-2026 00:48:00.137 WARNING [main] org.apache.catalina.loader.WebappClassLoaderBase.clearReferencesThreads The web application [jpa02] appears to have started a thread named [Hibernate Connection Pool Validation Thread] but has failed to stop it. This is very likely to create a memory leak. Stack trace of thread:
 java.base/jdk.internal.misc.Unsafe.park(Native Method)
 java.base/java.util.concurrent.locks.LockSupport.parkNanos(LockSupport.java:269)
 java.base/java.util.concurrent.locks.AbstractQueuedSynchronizer$ConditionObject.awaitNanos(AbstractQueuedSynchronizer.java:1758)
 java.base/java.util.concurrent.ScheduledThreadPoolExecutor$DelayedWorkQueue.take(ScheduledThreadPoolExecutor.java:1182)
 java.base/java.util.concurrent.ScheduledThreadPoolExecutor$DelayedWorkQueue.take(ScheduledThreadPoolExecutor.java:899)
 java.base/java.util.concurrent.ThreadPoolExecutor.getTask(ThreadPoolExecutor.java:1070)
 java.base/java.util.concurrent.ThreadPoolExecutor.runWorker(ThreadPoolExecutor.java:1130)
 java.base/java.util.concurrent.ThreadPoolExecutor$Worker.run(ThreadPoolExecutor.java:642)
 java.base/java.lang.Thread.run(Thread.java:1583)
06-Sep-2026 00:48:00.138 WARNING [main] org.apache.catalina.loader.WebappClassLoaderBase.clearReferencesThreads The web application [jpa02] appears to have started a thread named [Hibernate Connection Pool Validation Thread] but has failed to stop it. This is very likely to create a memory leak. Stack trace of thread:
 java.base/jdk.internal.misc.Unsafe.park(Native Method)
 java.base/java.util.concurrent.locks.LockSupport.parkNanos(LockSupport.java:269)
 java.base/java.util.concurrent.locks.AbstractQueuedSynchronizer$ConditionObject.awaitNanos(AbstractQueuedSynchronizer.java:1758)
 java.base/java.util.concurrent.ScheduledThreadPoolExecutor$DelayedWorkQueue.take(ScheduledThreadPoolExecutor.java:1182)
 java.base/java.util.concurrent.ScheduledThreadPoolExecutor$DelayedWorkQueue.take(ScheduledThreadPoolExecutor.java:899)
 java.base/java.util.concurrent.ThreadPoolExecutor.getTask(ThreadPoolExecutor.java:1070)
 java.base/java.util.concurrent.ThreadPoolExecutor.runWorker(ThreadPoolExecutor.java:1130)
 java.base/java.util.concurrent.ThreadPoolExecutor$Worker.run(ThreadPoolExecutor.java:642)
 java.base/java.lang.Thread.run(Thread.java:1583)
06-Sep-2026 00:48:00.138 WARNING [main] org.apache.catalina.loader.WebappClassLoaderBase.clearReferencesThreads The web application [jpa02] appears to have started a thread named [Hibernate Connection Pool Validation Thread] but has failed to stop it. This is very likely to create a memory leak. Stack trace of thread:
 java.base/jdk.internal.misc.Unsafe.park(Native Method)
 java.base/java.util.concurrent.locks.LockSupport.parkNanos(LockSupport.java:269)
 java.base/java.util.concurrent.locks.AbstractQueuedSynchronizer$ConditionObject.awaitNanos(AbstractQueuedSynchronizer.java:1758)
 java.base/java.util.concurrent.ScheduledThreadPoolExecutor$DelayedWorkQueue.take(ScheduledThreadPoolExecutor.java:1182)
 java.base/java.util.concurrent.ScheduledThreadPoolExecutor$DelayedWorkQueue.take(ScheduledThreadPoolExecutor.java:899)
 java.base/java.util.concurrent.ThreadPoolExecutor.getTask(ThreadPoolExecutor.java:1070)
 java.base/java.util.concurrent.ThreadPoolExecutor.runWorker(ThreadPoolExecutor.java:1130)
 java.base/java.util.concurrent.ThreadPoolExecutor$Worker.run(ThreadPoolExecutor.java:642)
 java.base/java.lang.Thread.run(Thread.java:1583)
06-Sep-2026 00:48:00.157 INFO [main] org.apache.coyote.AbstractProtocol.stop Stopping ProtocolHandler ["http-nio-8080"]
06-Sep-2026 00:48:00.163 INFO [main] org.apache.coyote.AbstractProtocol.destroy Destroying ProtocolHandler ["http-nio-8080"]
06-Sep-2026 00:48:08.054 INFO [main] org.apache.catalina.startup.VersionLoggerListener.log Server version name:   Apache Tomcat/10.1.44
06-Sep-2026 00:48:08.058 INFO [main] org.apache.catalina.startup.VersionLoggerListener.log Server built:          Aug 4 2025 13:14:17 UTC
06-Sep-2026 00:48:08.058 INFO [main] org.apache.catalina.startup.VersionLoggerListener.log Server version number: 10.1.44.0
06-Sep-2026 00:48:08.059 INFO [main] org.apache.catalina.startup.VersionLoggerListener.log OS Name:               Windows 11
06-Sep-2026 00:48:08.059 INFO [main] org.apache.catalina.startup.VersionLoggerListener.log OS Version:            10.0
06-Sep-2026 00:48:08.059 INFO [main] org.apache.catalina.startup.VersionLoggerListener.log Architecture:          amd64
06-Sep-2026 00:48:08.059 INFO [main] org.apache.catalina.startup.VersionLoggerListener.log Java Home:             C:\Program Files\Java\jdk-21
06-Sep-2026 00:48:08.059 INFO [main] org.apache.catalina.startup.VersionLoggerListener.log JVM Version:           21.0.2+13-LTS-58
06-Sep-2026 00:48:08.060 INFO [main] org.apache.catalina.startup.VersionLoggerListener.log JVM Vendor:            Oracle Corporation
06-Sep-2026 00:48:08.060 INFO [main] org.apache.catalina.startup.VersionLoggerListener.log CATALINA_BASE:         D:\web\apache-tomcat-10.1.44\apache-tomcat-10.1.44
06-Sep-2026 00:48:08.060 INFO [main] org.apache.catalina.startup.VersionLoggerListener.log CATALINA_HOME:         D:\web\apache-tomcat-10.1.44\apache-tomcat-10.1.44
06-Sep-2026 00:48:08.071 INFO [main] org.apache.catalina.startup.VersionLoggerListener.log Command line argument: -Djava.util.logging.config.file=D:\web\apache-tomcat-10.1.44\apache-tomcat-10.1.44\conf\logging.properties
06-Sep-2026 00:48:08.072 INFO [main] org.apache.catalina.startup.VersionLoggerListener.log Command line argument: -Djava.util.logging.manager=org.apache.juli.ClassLoaderLogManager
06-Sep-2026 00:48:08.072 INFO [main] org.apache.catalina.startup.VersionLoggerListener.log Command line argument: -Djdk.tls.ephemeralDHKeySize=2048
06-Sep-2026 00:48:08.072 INFO [main] org.apache.catalina.startup.VersionLoggerListener.log Command line argument: -Djava.protocol.handler.pkgs=org.apache.catalina.webresources
06-Sep-2026 00:48:08.072 INFO [main] org.apache.catalina.startup.VersionLoggerListener.log Command line argument: -Dsun.io.useCanonCaches=false
06-Sep-2026 00:48:08.073 INFO [main] org.apache.catalina.startup.VersionLoggerListener.log Command line argument: --add-opens=java.base/java.lang=ALL-UNNAMED
06-Sep-2026 00:48:08.073 INFO [main] org.apache.catalina.startup.VersionLoggerListener.log Command line argument: --add-opens=java.base/java.lang.reflect=ALL-UNNAMED
06-Sep-2026 00:48:08.073 INFO [main] org.apache.catalina.startup.VersionLoggerListener.log Command line argument: --add-opens=java.base/java.io=ALL-UNNAMED
06-Sep-2026 00:48:08.073 INFO [main] org.apache.catalina.startup.VersionLoggerListener.log Command line argument: --add-opens=java.base/java.util=ALL-UNNAMED
06-Sep-2026 00:48:08.073 INFO [main] org.apache.catalina.startup.VersionLoggerListener.log Command line argument: --add-opens=java.base/java.util.concurrent=ALL-UNNAMED
06-Sep-2026 00:48:08.074 INFO [main] org.apache.catalina.startup.VersionLoggerListener.log Command line argument: --add-opens=java.rmi/sun.rmi.transport=ALL-UNNAMED
06-Sep-2026 00:48:08.074 INFO [main] org.apache.catalina.startup.VersionLoggerListener.log Command line argument: -Dcatalina.base=D:\web\apache-tomcat-10.1.44\apache-tomcat-10.1.44
06-Sep-2026 00:48:08.074 INFO [main] org.apache.catalina.startup.VersionLoggerListener.log Command line argument: -Dcatalina.home=D:\web\apache-tomcat-10.1.44\apache-tomcat-10.1.44
06-Sep-2026 00:48:08.074 INFO [main] org.apache.catalina.startup.VersionLoggerListener.log Command line argument: -Djava.io.tmpdir=D:\web\apache-tomcat-10.1.44\apache-tomcat-10.1.44\temp
06-Sep-2026 00:48:08.079 INFO [main] org.apache.catalina.core.AprLifecycleListener.lifecycleEvent The Apache Tomcat Native library which allows using OpenSSL was not found on the java.library.path: [C:\Program Files\Java\jdk-21\bin;C:\Windows\Sun\Java\bin;C:\Windows\system32;C:\Windows;C:\Users\ADMIN\bin;C:\Program Files\Git\mingw64\bin;C:\Program Files\Git\usr\local\bin;C:\Program Files\Git\usr\bin;C:\Program Files\Git\usr\bin;C:\Program Files\Git\mingw64\bin;C:\Program Files\Git\usr\bin;C:\Users\ADMIN\bin;C:\Program Files\Common Files\Oracle\Java\javapath;C:\Program Files (x86)\VMware\VMware Workstation\bin;C:\Windows\system32;C:\Windows;C:\Windows\System32\Wbem;C:\Windows\System32\WindowsPowerShell\v1.0;C:\Windows\System32\OpenSSH;C:\Program Files (x86)\NVIDIA Corporation\PhysX\Common;C:\Program Files\NVIDIA Corporation\NVIDIA NvDLISR;C:\Windows\system32;C:\Windows;C:\Windows\System32\Wbem;C:\Windows\System32\WindowsPowerShell\v1.0;C:\Windows\System32\OpenSSH;C:\Program Files\dotnet;;.]
06-Sep-2026 00:48:08.336 INFO [main] org.apache.coyote.AbstractProtocol.init Initializing ProtocolHandler ["http-nio-8080"]
06-Sep-2026 00:48:08.385 INFO [main] org.apache.catalina.startup.Catalina.load Server initialization in [500] milliseconds
06-Sep-2026 00:48:08.471 INFO [main] org.apache.catalina.core.StandardService.startInternal Starting service [Catalina]
06-Sep-2026 00:48:08.472 INFO [main] org.apache.catalina.core.StandardEngine.startInternal Starting Servlet engine: [Apache Tomcat/10.1.44]
06-Sep-2026 00:48:08.498 INFO [main] org.apache.catalina.startup.HostConfig.deployWAR Deploying web application archive [D:\web\apache-tomcat-10.1.44\apache-tomcat-10.1.44\webapps\jpa02.war]
06-Sep-2026 00:48:11.195 INFO [main] org.apache.jasper.servlet.TldScanner.scanJars At least one JAR was scanned for TLDs yet contained no TLDs. Enable debug logging for this logger for a complete list of JARs that were scanned but no TLDs were found in them. Skipping unneeded JARs during scanning can improve startup time and JSP compilation time.
06-Sep-2026 00:48:11.280 INFO [main] org.sitemesh.config.ConfigurableSiteMeshFilter.init SiteMesh 3.2.1 initialized with filter name 'sitemesh'
06-Sep-2026 00:48:11.291 INFO [main] org.apache.catalina.startup.HostConfig.deployWAR Deployment of web application archive [D:\web\apache-tomcat-10.1.44\apache-tomcat-10.1.44\webapps\jpa02.war] has finished in [2,793] ms
06-Sep-2026 00:48:11.292 INFO [main] org.apache.catalina.startup.HostConfig.deployDirectory Deploying web application directory [D:\web\apache-tomcat-10.1.44\apache-tomcat-10.1.44\webapps\docs]
06-Sep-2026 00:48:11.320 INFO [main] org.apache.catalina.startup.HostConfig.deployDirectory Deployment of web application directory [D:\web\apache-tomcat-10.1.44\apache-tomcat-10.1.44\webapps\docs] has finished in [29] ms
06-Sep-2026 00:48:11.321 INFO [main] org.apache.catalina.startup.HostConfig.deployDirectory Deploying web application directory [D:\web\apache-tomcat-10.1.44\apache-tomcat-10.1.44\webapps\examples]
06-Sep-2026 00:48:11.574 INFO [main] org.apache.catalina.startup.HostConfig.deployDirectory Deployment of web application directory [D:\web\apache-tomcat-10.1.44\apache-tomcat-10.1.44\webapps\examples] has finished in [254] ms
06-Sep-2026 00:48:11.574 INFO [main] org.apache.catalina.startup.HostConfig.deployDirectory Deploying web application directory [D:\web\apache-tomcat-10.1.44\apache-tomcat-10.1.44\webapps\host-manager]
06-Sep-2026 00:48:11.598 INFO [main] org.apache.catalina.startup.HostConfig.deployDirectory Deployment of web application directory [D:\web\apache-tomcat-10.1.44\apache-tomcat-10.1.44\webapps\host-manager] has finished in [24] ms
06-Sep-2026 00:48:11.599 INFO [main] org.apache.catalina.startup.HostConfig.deployDirectory Deploying web application directory [D:\web\apache-tomcat-10.1.44\apache-tomcat-10.1.44\webapps\manager]
06-Sep-2026 00:48:11.618 INFO [main] org.apache.catalina.startup.HostConfig.deployDirectory Deployment of web application directory [D:\web\apache-tomcat-10.1.44\apache-tomcat-10.1.44\webapps\manager] has finished in [18] ms
06-Sep-2026 00:48:11.618 INFO [main] org.apache.catalina.startup.HostConfig.deployDirectory Deploying web application directory [D:\web\apache-tomcat-10.1.44\apache-tomcat-10.1.44\webapps\ROOT]
06-Sep-2026 00:48:11.634 INFO [main] org.apache.catalina.startup.HostConfig.deployDirectory Deployment of web application directory [D:\web\apache-tomcat-10.1.44\apache-tomcat-10.1.44\webapps\ROOT] has finished in [15] ms
06-Sep-2026 00:48:11.637 INFO [main] org.apache.coyote.AbstractProtocol.start Starting ProtocolHandler ["http-nio-8080"]
06-Sep-2026 00:48:11.658 INFO [main] org.apache.catalina.startup.Catalina.start Server startup in [3271] milliseconds
06-Sep-2026 00:48:11.820 INFO [http-nio-8080-exec-1] org.hibernate.jpa.internal.util.LogHelper.logPersistenceUnitInformation HHH000204: Processing PersistenceUnitInfo [name: jpa-hibernate-mysql]
06-Sep-2026 00:48:11.889 INFO [http-nio-8080-exec-1] org.hibernate.Version.logVersion HHH000412: Hibernate ORM core version 6.4.4.Final
06-Sep-2026 00:48:11.937 INFO [http-nio-8080-exec-1] org.hibernate.cache.internal.RegionFactoryInitiator.initiateService HHH000026: Second-level cache disabled
06-Sep-2026 00:48:12.185 WARN [http-nio-8080-exec-1] org.hibernate.engine.jdbc.connections.internal.DriverManagerConnectionProviderImpl.configure HHH10001002: Using built-in connection pool (not intended for production use)
06-Sep-2026 00:48:12.189 INFO [http-nio-8080-exec-1] org.hibernate.engine.jdbc.connections.internal.DriverManagerConnectionProviderImpl.buildCreator HHH10001005: Loaded JDBC driver class: com.mysql.cj.jdbc.Driver
06-Sep-2026 00:48:12.190 INFO [http-nio-8080-exec-1] org.hibernate.engine.jdbc.connections.internal.DriverManagerConnectionProviderImpl.buildCreator HHH10001012: Connecting with JDBC URL [jdbc:mysql://localhost:3306/webst2?useSSL=false&allowPublicKeyRetrieval=true&serverTimezone=UTC]
06-Sep-2026 00:48:12.190 INFO [http-nio-8080-exec-1] org.hibernate.engine.jdbc.connections.internal.DriverManagerConnectionProviderImpl.buildCreator HHH10001001: Connection properties: {password=****, user=root}
06-Sep-2026 00:48:12.190 INFO [http-nio-8080-exec-1] org.hibernate.engine.jdbc.connections.internal.DriverManagerConnectionProviderImpl.buildCreator HHH10001003: Autocommit mode: false
06-Sep-2026 00:48:12.193 INFO [http-nio-8080-exec-1] org.hibernate.engine.jdbc.connections.internal.DriverManagerConnectionProviderImpl$PooledConnections.<init> HHH10001115: Connection pool size: 20 (min=1)
06-Sep-2026 00:48:12.421 WARN [http-nio-8080-exec-1] org.hibernate.engine.jdbc.dialect.internal.DialectFactoryImpl.constructDialect HHH90000025: MySQLDialect does not need to be specified explicitly using 'hibernate.dialect' (remove the property setting and it will be selected by default)
06-Sep-2026 00:48:13.009 INFO [http-nio-8080-exec-1] org.hibernate.validator.internal.util.Version.<clinit> HV000001: Hibernate Validator 8.0.1.Final
06-Sep-2026 00:48:14.016 INFO [http-nio-8080-exec-1] org.hibernate.engine.transaction.jta.platform.internal.JtaPlatformInitiator.initiateService HHH000489: No JTA platform available (set 'hibernate.transaction.jta.platform' to enable JTA platform integration)
06-Sep-2026 00:48:14.346 INFO [http-nio-8080-exec-1] org.hibernate.resource.transaction.backend.jdbc.internal.DdlTransactionIsolatorNonJtaImpl.getIsolatedConnection HHH10001501: Connection obtained from JdbcConnectionAccess [org.hibernate.engine.jdbc.env.internal.JdbcEnvironmentInitiator$ConnectionProviderJdbcConnectionAccess@250734e2] for (non-JTA) DDL execution was not in auto-commit mode; the Connection 'local transaction' will be committed and the Connection will be set into auto-commit mode.
06-Sep-2026 00:48:22.536 INFO [http-nio-8080-exec-2] org.hibernate.jpa.internal.util.LogHelper.logPersistenceUnitInformation HHH000204: Processing PersistenceUnitInfo [name: jpa-hibernate-mysql]
06-Sep-2026 00:48:22.541 INFO [http-nio-8080-exec-2] org.hibernate.cache.internal.RegionFactoryInitiator.initiateService HHH000026: Second-level cache disabled
06-Sep-2026 00:48:22.566 WARN [http-nio-8080-exec-2] org.hibernate.engine.jdbc.connections.internal.DriverManagerConnectionProviderImpl.configure HHH10001002: Using built-in connection pool (not intended for production use)
06-Sep-2026 00:48:22.566 INFO [http-nio-8080-exec-2] org.hibernate.engine.jdbc.connections.internal.DriverManagerConnectionProviderImpl.buildCreator HHH10001005: Loaded JDBC driver class: com.mysql.cj.jdbc.Driver
06-Sep-2026 00:48:22.566 INFO [http-nio-8080-exec-2] org.hibernate.engine.jdbc.connections.internal.DriverManagerConnectionProviderImpl.buildCreator HHH10001012: Connecting with JDBC URL [jdbc:mysql://localhost:3306/webst2?useSSL=false&allowPublicKeyRetrieval=true&serverTimezone=UTC]
06-Sep-2026 00:48:22.566 INFO [http-nio-8080-exec-2] org.hibernate.engine.jdbc.connections.internal.DriverManagerConnectionProviderImpl.buildCreator HHH10001001: Connection properties: {password=****, user=root}
06-Sep-2026 00:48:22.567 INFO [http-nio-8080-exec-2] org.hibernate.engine.jdbc.connections.internal.DriverManagerConnectionProviderImpl.buildCreator HHH10001003: Autocommit mode: false
06-Sep-2026 00:48:22.567 INFO [http-nio-8080-exec-2] org.hibernate.engine.jdbc.connections.internal.DriverManagerConnectionProviderImpl$PooledConnections.<init> HHH10001115: Connection pool size: 20 (min=1)
06-Sep-2026 00:48:22.572 WARN [http-nio-8080-exec-2] org.hibernate.engine.jdbc.dialect.internal.DialectFactoryImpl.constructDialect HHH90000025: MySQLDialect does not need to be specified explicitly using 'hibernate.dialect' (remove the property setting and it will be selected by default)
06-Sep-2026 00:48:22.640 INFO [http-nio-8080-exec-2] org.hibernate.engine.transaction.jta.platform.internal.JtaPlatformInitiator.initiateService HHH000489: No JTA platform available (set 'hibernate.transaction.jta.platform' to enable JTA platform integration)
06-Sep-2026 00:48:22.642 INFO [http-nio-8080-exec-2] org.hibernate.resource.transaction.backend.jdbc.internal.DdlTransactionIsolatorNonJtaImpl.getIsolatedConnection HHH10001501: Connection obtained from JdbcConnectionAccess [org.hibernate.engine.jdbc.env.internal.JdbcEnvironmentInitiator$ConnectionProviderJdbcConnectionAccess@7d63cc1a] for (non-JTA) DDL execution was not in auto-commit mode; the Connection 'local transaction' will be committed and the Connection will be set into auto-commit mode.
06-Sep-2026 00:48:22.719 INFO [http-nio-8080-exec-3] org.hibernate.jpa.internal.util.LogHelper.logPersistenceUnitInformation HHH000204: Processing PersistenceUnitInfo [name: jpa-hibernate-mysql]
06-Sep-2026 00:48:22.722 INFO [http-nio-8080-exec-3] org.hibernate.cache.internal.RegionFactoryInitiator.initiateService HHH000026: Second-level cache disabled
06-Sep-2026 00:48:22.746 WARN [http-nio-8080-exec-3] org.hibernate.engine.jdbc.connections.internal.DriverManagerConnectionProviderImpl.configure HHH10001002: Using built-in connection pool (not intended for production use)
06-Sep-2026 00:48:22.746 INFO [http-nio-8080-exec-3] org.hibernate.engine.jdbc.connections.internal.DriverManagerConnectionProviderImpl.buildCreator HHH10001005: Loaded JDBC driver class: com.mysql.cj.jdbc.Driver
06-Sep-2026 00:48:22.746 INFO [http-nio-8080-exec-3] org.hibernate.engine.jdbc.connections.internal.DriverManagerConnectionProviderImpl.buildCreator HHH10001012: Connecting with JDBC URL [jdbc:mysql://localhost:3306/webst2?useSSL=false&allowPublicKeyRetrieval=true&serverTimezone=UTC]
06-Sep-2026 00:48:22.747 INFO [http-nio-8080-exec-3] org.hibernate.engine.jdbc.connections.internal.DriverManagerConnectionProviderImpl.buildCreator HHH10001001: Connection properties: {password=****, user=root}
06-Sep-2026 00:48:22.747 INFO [http-nio-8080-exec-3] org.hibernate.engine.jdbc.connections.internal.DriverManagerConnectionProviderImpl.buildCreator HHH10001003: Autocommit mode: false
06-Sep-2026 00:48:22.747 INFO [http-nio-8080-exec-3] org.hibernate.engine.jdbc.connections.internal.DriverManagerConnectionProviderImpl$PooledConnections.<init> HHH10001115: Connection pool size: 20 (min=1)
06-Sep-2026 00:48:22.752 WARN [http-nio-8080-exec-3] org.hibernate.engine.jdbc.dialect.internal.DialectFactoryImpl.constructDialect HHH90000025: MySQLDialect does not need to be specified explicitly using 'hibernate.dialect' (remove the property setting and it will be selected by default)
06-Sep-2026 00:48:22.813 INFO [http-nio-8080-exec-3] org.hibernate.engine.transaction.jta.platform.internal.JtaPlatformInitiator.initiateService HHH000489: No JTA platform available (set 'hibernate.transaction.jta.platform' to enable JTA platform integration)
06-Sep-2026 00:48:22.816 INFO [http-nio-8080-exec-3] org.hibernate.resource.transaction.backend.jdbc.internal.DdlTransactionIsolatorNonJtaImpl.getIsolatedConnection HHH10001501: Connection obtained from JdbcConnectionAccess [org.hibernate.engine.jdbc.env.internal.JdbcEnvironmentInitiator$ConnectionProviderJdbcConnectionAccess@1ad5d268] for (non-JTA) DDL execution was not in auto-commit mode; the Connection 'local transaction' will be committed and the Connection will be set into auto-commit mode.
06-Sep-2026 00:48:22.992 INFO [http-nio-8080-exec-6] org.hibernate.jpa.internal.util.LogHelper.logPersistenceUnitInformation HHH000204: Processing PersistenceUnitInfo [name: jpa-hibernate-mysql]
06-Sep-2026 00:48:22.993 INFO [http-nio-8080-exec-6] org.hibernate.cache.internal.RegionFactoryInitiator.initiateService HHH000026: Second-level cache disabled
06-Sep-2026 00:48:23.019 WARN [http-nio-8080-exec-6] org.hibernate.engine.jdbc.connections.internal.DriverManagerConnectionProviderImpl.configure HHH10001002: Using built-in connection pool (not intended for production use)
06-Sep-2026 00:48:23.019 INFO [http-nio-8080-exec-6] org.hibernate.engine.jdbc.connections.internal.DriverManagerConnectionProviderImpl.buildCreator HHH10001005: Loaded JDBC driver class: com.mysql.cj.jdbc.Driver
06-Sep-2026 00:48:23.020 INFO [http-nio-8080-exec-6] org.hibernate.engine.jdbc.connections.internal.DriverManagerConnectionProviderImpl.buildCreator HHH10001012: Connecting with JDBC URL [jdbc:mysql://localhost:3306/webst2?useSSL=false&allowPublicKeyRetrieval=true&serverTimezone=UTC]
06-Sep-2026 00:48:23.020 INFO [http-nio-8080-exec-6] org.hibernate.engine.jdbc.connections.internal.DriverManagerConnectionProviderImpl.buildCreator HHH10001001: Connection properties: {password=****, user=root}
06-Sep-2026 00:48:23.020 INFO [http-nio-8080-exec-6] org.hibernate.engine.jdbc.connections.internal.DriverManagerConnectionProviderImpl.buildCreator HHH10001003: Autocommit mode: false
06-Sep-2026 00:48:23.020 INFO [http-nio-8080-exec-6] org.hibernate.engine.jdbc.connections.internal.DriverManagerConnectionProviderImpl$PooledConnections.<init> HHH10001115: Connection pool size: 20 (min=1)
06-Sep-2026 00:48:23.024 WARN [http-nio-8080-exec-6] org.hibernate.engine.jdbc.dialect.internal.DialectFactoryImpl.constructDialect HHH90000025: MySQLDialect does not need to be specified explicitly using 'hibernate.dialect' (remove the property setting and it will be selected by default)
06-Sep-2026 00:48:23.079 INFO [http-nio-8080-exec-6] org.hibernate.engine.transaction.jta.platform.internal.JtaPlatformInitiator.initiateService HHH000489: No JTA platform available (set 'hibernate.transaction.jta.platform' to enable JTA platform integration)
06-Sep-2026 00:48:23.080 INFO [http-nio-8080-exec-6] org.hibernate.resource.transaction.backend.jdbc.internal.DdlTransactionIsolatorNonJtaImpl.getIsolatedConnection HHH10001501: Connection obtained from JdbcConnectionAccess [org.hibernate.engine.jdbc.env.internal.JdbcEnvironmentInitiator$ConnectionProviderJdbcConnectionAccess@55448527] for (non-JTA) DDL execution was not in auto-commit mode; the Connection 'local transaction' will be committed and the Connection will be set into auto-commit mode.
06-Sep-2026 00:48:23.667 INFO [http-nio-8080-exec-1] org.hibernate.jpa.internal.util.LogHelper.logPersistenceUnitInformation HHH000204: Processing PersistenceUnitInfo [name: jpa-hibernate-mysql]
06-Sep-2026 00:48:23.668 INFO [http-nio-8080-exec-1] org.hibernate.cache.internal.RegionFactoryInitiator.initiateService HHH000026: Second-level cache disabled
06-Sep-2026 00:48:23.689 WARN [http-nio-8080-exec-1] org.hibernate.engine.jdbc.connections.internal.DriverManagerConnectionProviderImpl.configure HHH10001002: Using built-in connection pool (not intended for production use)
06-Sep-2026 00:48:23.690 INFO [http-nio-8080-exec-1] org.hibernate.engine.jdbc.connections.internal.DriverManagerConnectionProviderImpl.buildCreator HHH10001005: Loaded JDBC driver class: com.mysql.cj.jdbc.Driver
06-Sep-2026 00:48:23.690 INFO [http-nio-8080-exec-1] org.hibernate.engine.jdbc.connections.internal.DriverManagerConnectionProviderImpl.buildCreator HHH10001012: Connecting with JDBC URL [jdbc:mysql://localhost:3306/webst2?useSSL=false&allowPublicKeyRetrieval=true&serverTimezone=UTC]
06-Sep-2026 00:48:23.690 INFO [http-nio-8080-exec-1] org.hibernate.engine.jdbc.connections.internal.DriverManagerConnectionProviderImpl.buildCreator HHH10001001: Connection properties: {password=****, user=root}
06-Sep-2026 00:48:23.691 INFO [http-nio-8080-exec-1] org.hibernate.engine.jdbc.connections.internal.DriverManagerConnectionProviderImpl.buildCreator HHH10001003: Autocommit mode: false
06-Sep-2026 00:48:23.691 INFO [http-nio-8080-exec-1] org.hibernate.engine.jdbc.connections.internal.DriverManagerConnectionProviderImpl$PooledConnections.<init> HHH10001115: Connection pool size: 20 (min=1)
06-Sep-2026 00:48:23.696 WARN [http-nio-8080-exec-1] org.hibernate.engine.jdbc.dialect.internal.DialectFactoryImpl.constructDialect HHH90000025: MySQLDialect does not need to be specified explicitly using 'hibernate.dialect' (remove the property setting and it will be selected by default)
06-Sep-2026 00:48:23.756 INFO [http-nio-8080-exec-1] org.hibernate.engine.transaction.jta.platform.internal.JtaPlatformInitiator.initiateService HHH000489: No JTA platform available (set 'hibernate.transaction.jta.platform' to enable JTA platform integration)
06-Sep-2026 00:48:23.757 INFO [http-nio-8080-exec-1] org.hibernate.resource.transaction.backend.jdbc.internal.DdlTransactionIsolatorNonJtaImpl.getIsolatedConnection HHH10001501: Connection obtained from JdbcConnectionAccess [org.hibernate.engine.jdbc.env.internal.JdbcEnvironmentInitiator$ConnectionProviderJdbcConnectionAccess@54cf6cf1] for (non-JTA) DDL execution was not in auto-commit mode; the Connection 'local transaction' will be committed and the Connection will be set into auto-commit mode.
06-Sep-2026 00:48:23.953 INFO [http-nio-8080-exec-2] org.hibernate.jpa.internal.util.LogHelper.logPersistenceUnitInformation HHH000204: Processing PersistenceUnitInfo [name: jpa-hibernate-mysql]
06-Sep-2026 00:48:23.954 INFO [http-nio-8080-exec-2] org.hibernate.cache.internal.RegionFactoryInitiator.initiateService HHH000026: Second-level cache disabled
06-Sep-2026 00:48:23.973 WARN [http-nio-8080-exec-2] org.hibernate.engine.jdbc.connections.internal.DriverManagerConnectionProviderImpl.configure HHH10001002: Using built-in connection pool (not intended for production use)
06-Sep-2026 00:48:23.973 INFO [http-nio-8080-exec-2] org.hibernate.engine.jdbc.connections.internal.DriverManagerConnectionProviderImpl.buildCreator HHH10001005: Loaded JDBC driver class: com.mysql.cj.jdbc.Driver
06-Sep-2026 00:48:23.973 INFO [http-nio-8080-exec-2] org.hibernate.engine.jdbc.connections.internal.DriverManagerConnectionProviderImpl.buildCreator HHH10001012: Connecting with JDBC URL [jdbc:mysql://localhost:3306/webst2?useSSL=false&allowPublicKeyRetrieval=true&serverTimezone=UTC]
06-Sep-2026 00:48:23.973 INFO [http-nio-8080-exec-2] org.hibernate.engine.jdbc.connections.internal.DriverManagerConnectionProviderImpl.buildCreator HHH10001001: Connection properties: {password=****, user=root}
06-Sep-2026 00:48:23.973 INFO [http-nio-8080-exec-2] org.hibernate.engine.jdbc.connections.internal.DriverManagerConnectionProviderImpl.buildCreator HHH10001003: Autocommit mode: false
06-Sep-2026 00:48:23.973 INFO [http-nio-8080-exec-2] org.hibernate.engine.jdbc.connections.internal.DriverManagerConnectionProviderImpl$PooledConnections.<init> HHH10001115: Connection pool size: 20 (min=1)
06-Sep-2026 00:48:23.980 WARN [http-nio-8080-exec-2] org.hibernate.engine.jdbc.dialect.internal.DialectFactoryImpl.constructDialect HHH90000025: MySQLDialect does not need to be specified explicitly using 'hibernate.dialect' (remove the property setting and it will be selected by default)
06-Sep-2026 00:48:24.031 INFO [http-nio-8080-exec-2] org.hibernate.engine.transaction.jta.platform.internal.JtaPlatformInitiator.initiateService HHH000489: No JTA platform available (set 'hibernate.transaction.jta.platform' to enable JTA platform integration)
06-Sep-2026 00:48:24.033 INFO [http-nio-8080-exec-2] org.hibernate.resource.transaction.backend.jdbc.internal.DdlTransactionIsolatorNonJtaImpl.getIsolatedConnection HHH10001501: Connection obtained from JdbcConnectionAccess [org.hibernate.engine.jdbc.env.internal.JdbcEnvironmentInitiator$ConnectionProviderJdbcConnectionAccess@4aebb5d1] for (non-JTA) DDL execution was not in auto-commit mode; the Connection 'local transaction' will be committed and the Connection will be set into auto-commit mode.
06-Sep-2026 00:48:24.148 INFO [http-nio-8080-exec-5] org.hibernate.jpa.internal.util.LogHelper.logPersistenceUnitInformation HHH000204: Processing PersistenceUnitInfo [name: jpa-hibernate-mysql]
06-Sep-2026 00:48:24.149 INFO [http-nio-8080-exec-5] org.hibernate.cache.internal.RegionFactoryInitiator.initiateService HHH000026: Second-level cache disabled
06-Sep-2026 00:48:24.169 WARN [http-nio-8080-exec-5] org.hibernate.engine.jdbc.connections.internal.DriverManagerConnectionProviderImpl.configure HHH10001002: Using built-in connection pool (not intended for production use)
06-Sep-2026 00:48:24.169 INFO [http-nio-8080-exec-5] org.hibernate.engine.jdbc.connections.internal.DriverManagerConnectionProviderImpl.buildCreator HHH10001005: Loaded JDBC driver class: com.mysql.cj.jdbc.Driver
06-Sep-2026 00:48:24.171 INFO [http-nio-8080-exec-5] org.hibernate.engine.jdbc.connections.internal.DriverManagerConnectionProviderImpl.buildCreator HHH10001012: Connecting with JDBC URL [jdbc:mysql://localhost:3306/webst2?useSSL=false&allowPublicKeyRetrieval=true&serverTimezone=UTC]
06-Sep-2026 00:48:24.171 INFO [http-nio-8080-exec-5] org.hibernate.engine.jdbc.connections.internal.DriverManagerConnectionProviderImpl.buildCreator HHH10001001: Connection properties: {password=****, user=root}
06-Sep-2026 00:48:24.171 INFO [http-nio-8080-exec-5] org.hibernate.engine.jdbc.connections.internal.DriverManagerConnectionProviderImpl.buildCreator HHH10001003: Autocommit mode: false
06-Sep-2026 00:48:24.171 INFO [http-nio-8080-exec-5] org.hibernate.engine.jdbc.connections.internal.DriverManagerConnectionProviderImpl$PooledConnections.<init> HHH10001115: Connection pool size: 20 (min=1)
06-Sep-2026 00:48:24.176 WARN [http-nio-8080-exec-5] org.hibernate.engine.jdbc.dialect.internal.DialectFactoryImpl.constructDialect HHH90000025: MySQLDialect does not need to be specified explicitly using 'hibernate.dialect' (remove the property setting and it will be selected by default)
06-Sep-2026 00:48:24.223 INFO [http-nio-8080-exec-5] org.hibernate.engine.transaction.jta.platform.internal.JtaPlatformInitiator.initiateService HHH000489: No JTA platform available (set 'hibernate.transaction.jta.platform' to enable JTA platform integration)
06-Sep-2026 00:48:24.224 INFO [http-nio-8080-exec-5] org.hibernate.resource.transaction.backend.jdbc.internal.DdlTransactionIsolatorNonJtaImpl.getIsolatedConnection HHH10001501: Connection obtained from JdbcConnectionAccess [org.hibernate.engine.jdbc.env.internal.JdbcEnvironmentInitiator$ConnectionProviderJdbcConnectionAccess@6a273c53] for (non-JTA) DDL execution was not in auto-commit mode; the Connection 'local transaction' will be committed and the Connection will be set into auto-commit mode.
06-Sep-2026 00:48:40.562 INFO [http-nio-8080-exec-6] org.hibernate.jpa.internal.util.LogHelper.logPersistenceUnitInformation HHH000204: Processing PersistenceUnitInfo [name: jpa-hibernate-mysql]
06-Sep-2026 00:48:40.565 INFO [http-nio-8080-exec-6] org.hibernate.cache.internal.RegionFactoryInitiator.initiateService HHH000026: Second-level cache disabled
06-Sep-2026 00:48:40.590 WARN [http-nio-8080-exec-6] org.hibernate.engine.jdbc.connections.internal.DriverManagerConnectionProviderImpl.configure HHH10001002: Using built-in connection pool (not intended for production use)
06-Sep-2026 00:48:40.591 INFO [http-nio-8080-exec-6] org.hibernate.engine.jdbc.connections.internal.DriverManagerConnectionProviderImpl.buildCreator HHH10001005: Loaded JDBC driver class: com.mysql.cj.jdbc.Driver
06-Sep-2026 00:48:40.591 INFO [http-nio-8080-exec-6] org.hibernate.engine.jdbc.connections.internal.DriverManagerConnectionProviderImpl.buildCreator HHH10001012: Connecting with JDBC URL [jdbc:mysql://localhost:3306/webst2?useSSL=false&allowPublicKeyRetrieval=true&serverTimezone=UTC]
06-Sep-2026 00:48:40.591 INFO [http-nio-8080-exec-6] org.hibernate.engine.jdbc.connections.internal.DriverManagerConnectionProviderImpl.buildCreator HHH10001001: Connection properties: {password=****, user=root}
06-Sep-2026 00:48:40.591 INFO [http-nio-8080-exec-6] org.hibernate.engine.jdbc.connections.internal.DriverManagerConnectionProviderImpl.buildCreator HHH10001003: Autocommit mode: false
06-Sep-2026 00:48:40.591 INFO [http-nio-8080-exec-6] org.hibernate.engine.jdbc.connections.internal.DriverManagerConnectionProviderImpl$PooledConnections.<init> HHH10001115: Connection pool size: 20 (min=1)
06-Sep-2026 00:48:40.596 WARN [http-nio-8080-exec-6] org.hibernate.engine.jdbc.dialect.internal.DialectFactoryImpl.constructDialect HHH90000025: MySQLDialect does not need to be specified explicitly using 'hibernate.dialect' (remove the property setting and it will be selected by default)
06-Sep-2026 00:48:40.643 INFO [http-nio-8080-exec-6] org.hibernate.engine.transaction.jta.platform.internal.JtaPlatformInitiator.initiateService HHH000489: No JTA platform available (set 'hibernate.transaction.jta.platform' to enable JTA platform integration)
06-Sep-2026 00:48:40.646 INFO [http-nio-8080-exec-6] org.hibernate.resource.transaction.backend.jdbc.internal.DdlTransactionIsolatorNonJtaImpl.getIsolatedConnection HHH10001501: Connection obtained from JdbcConnectionAccess [org.hibernate.engine.jdbc.env.internal.JdbcEnvironmentInitiator$ConnectionProviderJdbcConnectionAccess@618065f7] for (non-JTA) DDL execution was not in auto-commit mode; the Connection 'local transaction' will be committed and the Connection will be set into auto-commit mode.
06-Sep-2026 00:48:40.706 INFO [http-nio-8080-exec-6] org.hibernate.jpa.internal.util.LogHelper.logPersistenceUnitInformation HHH000204: Processing PersistenceUnitInfo [name: jpa-hibernate-mysql]
06-Sep-2026 00:48:40.707 INFO [http-nio-8080-exec-6] org.hibernate.cache.internal.RegionFactoryInitiator.initiateService HHH000026: Second-level cache disabled
06-Sep-2026 00:48:40.724 WARN [http-nio-8080-exec-6] org.hibernate.engine.jdbc.connections.internal.DriverManagerConnectionProviderImpl.configure HHH10001002: Using built-in connection pool (not intended for production use)
06-Sep-2026 00:48:40.724 INFO [http-nio-8080-exec-6] org.hibernate.engine.jdbc.connections.internal.DriverManagerConnectionProviderImpl.buildCreator HHH10001005: Loaded JDBC driver class: com.mysql.cj.jdbc.Driver
06-Sep-2026 00:48:40.724 INFO [http-nio-8080-exec-6] org.hibernate.engine.jdbc.connections.internal.DriverManagerConnectionProviderImpl.buildCreator HHH10001012: Connecting with JDBC URL [jdbc:mysql://localhost:3306/webst2?useSSL=false&allowPublicKeyRetrieval=true&serverTimezone=UTC]
06-Sep-2026 00:48:40.725 INFO [http-nio-8080-exec-6] org.hibernate.engine.jdbc.connections.internal.DriverManagerConnectionProviderImpl.buildCreator HHH10001001: Connection properties: {password=****, user=root}
06-Sep-2026 00:48:40.725 INFO [http-nio-8080-exec-6] org.hibernate.engine.jdbc.connections.internal.DriverManagerConnectionProviderImpl.buildCreator HHH10001003: Autocommit mode: false
06-Sep-2026 00:48:40.725 INFO [http-nio-8080-exec-6] org.hibernate.engine.jdbc.connections.internal.DriverManagerConnectionProviderImpl$PooledConnections.<init> HHH10001115: Connection pool size: 20 (min=1)
06-Sep-2026 00:48:40.729 WARN [http-nio-8080-exec-6] org.hibernate.engine.jdbc.dialect.internal.DialectFactoryImpl.constructDialect HHH90000025: MySQLDialect does not need to be specified explicitly using 'hibernate.dialect' (remove the property setting and it will be selected by default)
06-Sep-2026 00:48:40.776 INFO [http-nio-8080-exec-6] org.hibernate.engine.transaction.jta.platform.internal.JtaPlatformInitiator.initiateService HHH000489: No JTA platform available (set 'hibernate.transaction.jta.platform' to enable JTA platform integration)
06-Sep-2026 00:48:40.778 INFO [http-nio-8080-exec-6] org.hibernate.resource.transaction.backend.jdbc.internal.DdlTransactionIsolatorNonJtaImpl.getIsolatedConnection HHH10001501: Connection obtained from JdbcConnectionAccess [org.hibernate.engine.jdbc.env.internal.JdbcEnvironmentInitiator$ConnectionProviderJdbcConnectionAccess@5da0d02d] for (non-JTA) DDL execution was not in auto-commit mode; the Connection 'local transaction' will be committed and the Connection will be set into auto-commit mode.
06-Sep-2026 00:48:40.809 INFO [http-nio-8080-exec-6] org.hibernate.jpa.internal.util.LogHelper.logPersistenceUnitInformation HHH000204: Processing PersistenceUnitInfo [name: jpa-hibernate-mysql]
06-Sep-2026 00:48:40.810 INFO [http-nio-8080-exec-6] org.hibernate.cache.internal.RegionFactoryInitiator.initiateService HHH000026: Second-level cache disabled
06-Sep-2026 00:48:40.826 WARN [http-nio-8080-exec-6] org.hibernate.engine.jdbc.connections.internal.DriverManagerConnectionProviderImpl.configure HHH10001002: Using built-in connection pool (not intended for production use)
06-Sep-2026 00:48:40.826 INFO [http-nio-8080-exec-6] org.hibernate.engine.jdbc.connections.internal.DriverManagerConnectionProviderImpl.buildCreator HHH10001005: Loaded JDBC driver class: com.mysql.cj.jdbc.Driver
06-Sep-2026 00:48:40.826 INFO [http-nio-8080-exec-6] org.hibernate.engine.jdbc.connections.internal.DriverManagerConnectionProviderImpl.buildCreator HHH10001012: Connecting with JDBC URL [jdbc:mysql://localhost:3306/webst2?useSSL=false&allowPublicKeyRetrieval=true&serverTimezone=UTC]
06-Sep-2026 00:48:40.827 INFO [http-nio-8080-exec-6] org.hibernate.engine.jdbc.connections.internal.DriverManagerConnectionProviderImpl.buildCreator HHH10001001: Connection properties: {password=****, user=root}
06-Sep-2026 00:48:40.827 INFO [http-nio-8080-exec-6] org.hibernate.engine.jdbc.connections.internal.DriverManagerConnectionProviderImpl.buildCreator HHH10001003: Autocommit mode: false
06-Sep-2026 00:48:40.827 INFO [http-nio-8080-exec-6] org.hibernate.engine.jdbc.connections.internal.DriverManagerConnectionProviderImpl$PooledConnections.<init> HHH10001115: Connection pool size: 20 (min=1)
06-Sep-2026 00:48:40.833 WARN [http-nio-8080-exec-6] org.hibernate.engine.jdbc.dialect.internal.DialectFactoryImpl.constructDialect HHH90000025: MySQLDialect does not need to be specified explicitly using 'hibernate.dialect' (remove the property setting and it will be selected by default)
06-Sep-2026 00:48:40.868 INFO [http-nio-8080-exec-6] org.hibernate.engine.transaction.jta.platform.internal.JtaPlatformInitiator.initiateService HHH000489: No JTA platform available (set 'hibernate.transaction.jta.platform' to enable JTA platform integration)
06-Sep-2026 00:48:40.870 INFO [http-nio-8080-exec-6] org.hibernate.resource.transaction.backend.jdbc.internal.DdlTransactionIsolatorNonJtaImpl.getIsolatedConnection HHH10001501: Connection obtained from JdbcConnectionAccess [org.hibernate.engine.jdbc.env.internal.JdbcEnvironmentInitiator$ConnectionProviderJdbcConnectionAccess@2f45359] for (non-JTA) DDL execution was not in auto-commit mode; the Connection 'local transaction' will be committed and the Connection will be set into auto-commit mode.
06-Sep-2026 00:48:44.104 INFO [http-nio-8080-exec-10] org.hibernate.jpa.internal.util.LogHelper.logPersistenceUnitInformation HHH000204: Processing PersistenceUnitInfo [name: jpa-hibernate-mysql]
06-Sep-2026 00:48:44.106 INFO [http-nio-8080-exec-10] org.hibernate.cache.internal.RegionFactoryInitiator.initiateService HHH000026: Second-level cache disabled
06-Sep-2026 00:48:44.133 WARN [http-nio-8080-exec-10] org.hibernate.engine.jdbc.connections.internal.DriverManagerConnectionProviderImpl.configure HHH10001002: Using built-in connection pool (not intended for production use)
06-Sep-2026 00:48:44.133 INFO [http-nio-8080-exec-10] org.hibernate.engine.jdbc.connections.internal.DriverManagerConnectionProviderImpl.buildCreator HHH10001005: Loaded JDBC driver class: com.mysql.cj.jdbc.Driver
06-Sep-2026 00:48:44.133 INFO [http-nio-8080-exec-10] org.hibernate.engine.jdbc.connections.internal.DriverManagerConnectionProviderImpl.buildCreator HHH10001012: Connecting with JDBC URL [jdbc:mysql://localhost:3306/webst2?useSSL=false&allowPublicKeyRetrieval=true&serverTimezone=UTC]
06-Sep-2026 00:48:44.133 INFO [http-nio-8080-exec-10] org.hibernate.engine.jdbc.connections.internal.DriverManagerConnectionProviderImpl.buildCreator HHH10001001: Connection properties: {password=****, user=root}
06-Sep-2026 00:48:44.134 INFO [http-nio-8080-exec-10] org.hibernate.engine.jdbc.connections.internal.DriverManagerConnectionProviderImpl.buildCreator HHH10001003: Autocommit mode: false
06-Sep-2026 00:48:44.134 INFO [http-nio-8080-exec-10] org.hibernate.engine.jdbc.connections.internal.DriverManagerConnectionProviderImpl$PooledConnections.<init> HHH10001115: Connection pool size: 20 (min=1)
06-Sep-2026 00:48:44.140 WARN [http-nio-8080-exec-10] org.hibernate.engine.jdbc.dialect.internal.DialectFactoryImpl.constructDialect HHH90000025: MySQLDialect does not need to be specified explicitly using 'hibernate.dialect' (remove the property setting and it will be selected by default)
06-Sep-2026 00:48:44.206 INFO [http-nio-8080-exec-10] org.hibernate.engine.transaction.jta.platform.internal.JtaPlatformInitiator.initiateService HHH000489: No JTA platform available (set 'hibernate.transaction.jta.platform' to enable JTA platform integration)
06-Sep-2026 00:48:44.208 INFO [http-nio-8080-exec-10] org.hibernate.resource.transaction.backend.jdbc.internal.DdlTransactionIsolatorNonJtaImpl.getIsolatedConnection HHH10001501: Connection obtained from JdbcConnectionAccess [org.hibernate.engine.jdbc.env.internal.JdbcEnvironmentInitiator$ConnectionProviderJdbcConnectionAccess@5be204c6] for (non-JTA) DDL execution was not in auto-commit mode; the Connection 'local transaction' will be committed and the Connection will be set into auto-commit mode.
06-Sep-2026 00:48:44.240 INFO [http-nio-8080-exec-10] org.hibernate.jpa.internal.util.LogHelper.logPersistenceUnitInformation HHH000204: Processing PersistenceUnitInfo [name: jpa-hibernate-mysql]
06-Sep-2026 00:48:44.242 INFO [http-nio-8080-exec-10] org.hibernate.cache.internal.RegionFactoryInitiator.initiateService HHH000026: Second-level cache disabled
06-Sep-2026 00:48:44.264 WARN [http-nio-8080-exec-10] org.hibernate.engine.jdbc.connections.internal.DriverManagerConnectionProviderImpl.configure HHH10001002: Using built-in connection pool (not intended for production use)
06-Sep-2026 00:48:44.264 INFO [http-nio-8080-exec-10] org.hibernate.engine.jdbc.connections.internal.DriverManagerConnectionProviderImpl.buildCreator HHH10001005: Loaded JDBC driver class: com.mysql.cj.jdbc.Driver
06-Sep-2026 00:48:44.265 INFO [http-nio-8080-exec-10] org.hibernate.engine.jdbc.connections.internal.DriverManagerConnectionProviderImpl.buildCreator HHH10001012: Connecting with JDBC URL [jdbc:mysql://localhost:3306/webst2?useSSL=false&allowPublicKeyRetrieval=true&serverTimezone=UTC]
06-Sep-2026 00:48:44.265 INFO [http-nio-8080-exec-10] org.hibernate.engine.jdbc.connections.internal.DriverManagerConnectionProviderImpl.buildCreator HHH10001001: Connection properties: {password=****, user=root}
06-Sep-2026 00:48:44.265 INFO [http-nio-8080-exec-10] org.hibernate.engine.jdbc.connections.internal.DriverManagerConnectionProviderImpl.buildCreator HHH10001003: Autocommit mode: false
06-Sep-2026 00:48:44.265 INFO [http-nio-8080-exec-10] org.hibernate.engine.jdbc.connections.internal.DriverManagerConnectionProviderImpl$PooledConnections.<init> HHH10001115: Connection pool size: 20 (min=1)
06-Sep-2026 00:48:44.271 WARN [http-nio-8080-exec-10] org.hibernate.engine.jdbc.dialect.internal.DialectFactoryImpl.constructDialect HHH90000025: MySQLDialect does not need to be specified explicitly using 'hibernate.dialect' (remove the property setting and it will be selected by default)
06-Sep-2026 00:48:44.330 INFO [http-nio-8080-exec-10] org.hibernate.engine.transaction.jta.platform.internal.JtaPlatformInitiator.initiateService HHH000489: No JTA platform available (set 'hibernate.transaction.jta.platform' to enable JTA platform integration)
06-Sep-2026 00:48:44.333 INFO [http-nio-8080-exec-10] org.hibernate.resource.transaction.backend.jdbc.internal.DdlTransactionIsolatorNonJtaImpl.getIsolatedConnection HHH10001501: Connection obtained from JdbcConnectionAccess [org.hibernate.engine.jdbc.env.internal.JdbcEnvironmentInitiator$ConnectionProviderJdbcConnectionAccess@46cdc51d] for (non-JTA) DDL execution was not in auto-commit mode; the Connection 'local transaction' will be committed and the Connection will be set into auto-commit mode.
06-Sep-2026 00:51:19.325 INFO [http-nio-8080-exec-1] org.hibernate.jpa.internal.util.LogHelper.logPersistenceUnitInformation HHH000204: Processing PersistenceUnitInfo [name: jpa-hibernate-mysql]
06-Sep-2026 00:51:19.332 INFO [http-nio-8080-exec-1] org.hibernate.cache.internal.RegionFactoryInitiator.initiateService HHH000026: Second-level cache disabled
06-Sep-2026 00:51:19.367 WARN [http-nio-8080-exec-1] org.hibernate.engine.jdbc.connections.internal.DriverManagerConnectionProviderImpl.configure HHH10001002: Using built-in connection pool (not intended for production use)
06-Sep-2026 00:51:19.367 INFO [http-nio-8080-exec-1] org.hibernate.engine.jdbc.connections.internal.DriverManagerConnectionProviderImpl.buildCreator HHH10001005: Loaded JDBC driver class: com.mysql.cj.jdbc.Driver
06-Sep-2026 00:51:19.368 INFO [http-nio-8080-exec-1] org.hibernate.engine.jdbc.connections.internal.DriverManagerConnectionProviderImpl.buildCreator HHH10001012: Connecting with JDBC URL [jdbc:mysql://localhost:3306/webst2?useSSL=false&allowPublicKeyRetrieval=true&serverTimezone=UTC]
06-Sep-2026 00:51:19.368 INFO [http-nio-8080-exec-1] org.hibernate.engine.jdbc.connections.internal.DriverManagerConnectionProviderImpl.buildCreator HHH10001001: Connection properties: {password=****, user=root}
06-Sep-2026 00:51:19.368 INFO [http-nio-8080-exec-1] org.hibernate.engine.jdbc.connections.internal.DriverManagerConnectionProviderImpl.buildCreator HHH10001003: Autocommit mode: false
06-Sep-2026 00:51:19.368 INFO [http-nio-8080-exec-1] org.hibernate.engine.jdbc.connections.internal.DriverManagerConnectionProviderImpl$PooledConnections.<init> HHH10001115: Connection pool size: 20 (min=1)
06-Sep-2026 00:51:19.373 WARN [http-nio-8080-exec-1] org.hibernate.engine.jdbc.dialect.internal.DialectFactoryImpl.constructDialect HHH90000025: MySQLDialect does not need to be specified explicitly using 'hibernate.dialect' (remove the property setting and it will be selected by default)
06-Sep-2026 00:51:19.450 INFO [http-nio-8080-exec-1] org.hibernate.engine.transaction.jta.platform.internal.JtaPlatformInitiator.initiateService HHH000489: No JTA platform available (set 'hibernate.transaction.jta.platform' to enable JTA platform integration)
06-Sep-2026 00:51:19.453 INFO [http-nio-8080-exec-1] org.hibernate.resource.transaction.backend.jdbc.internal.DdlTransactionIsolatorNonJtaImpl.getIsolatedConnection HHH10001501: Connection obtained from JdbcConnectionAccess [org.hibernate.engine.jdbc.env.internal.JdbcEnvironmentInitiator$ConnectionProviderJdbcConnectionAccess@42cc80b9] for (non-JTA) DDL execution was not in auto-commit mode; the Connection 'local transaction' will be committed and the Connection will be set into auto-commit mode.
06-Sep-2026 00:51:20.880 INFO [http-nio-8080-exec-3] org.hibernate.jpa.internal.util.LogHelper.logPersistenceUnitInformation HHH000204: Processing PersistenceUnitInfo [name: jpa-hibernate-mysql]
06-Sep-2026 00:51:20.882 INFO [http-nio-8080-exec-3] org.hibernate.cache.internal.RegionFactoryInitiator.initiateService HHH000026: Second-level cache disabled
06-Sep-2026 00:51:20.904 WARN [http-nio-8080-exec-3] org.hibernate.engine.jdbc.connections.internal.DriverManagerConnectionProviderImpl.configure HHH10001002: Using built-in connection pool (not intended for production use)
06-Sep-2026 00:51:20.904 INFO [http-nio-8080-exec-3] org.hibernate.engine.jdbc.connections.internal.DriverManagerConnectionProviderImpl.buildCreator HHH10001005: Loaded JDBC driver class: com.mysql.cj.jdbc.Driver
06-Sep-2026 00:51:20.904 INFO [http-nio-8080-exec-3] org.hibernate.engine.jdbc.connections.internal.DriverManagerConnectionProviderImpl.buildCreator HHH10001012: Connecting with JDBC URL [jdbc:mysql://localhost:3306/webst2?useSSL=false&allowPublicKeyRetrieval=true&serverTimezone=UTC]
06-Sep-2026 00:51:20.905 INFO [http-nio-8080-exec-3] org.hibernate.engine.jdbc.connections.internal.DriverManagerConnectionProviderImpl.buildCreator HHH10001001: Connection properties: {password=****, user=root}
06-Sep-2026 00:51:20.905 INFO [http-nio-8080-exec-3] org.hibernate.engine.jdbc.connections.internal.DriverManagerConnectionProviderImpl.buildCreator HHH10001003: Autocommit mode: false
06-Sep-2026 00:51:20.905 INFO [http-nio-8080-exec-3] org.hibernate.engine.jdbc.connections.internal.DriverManagerConnectionProviderImpl$PooledConnections.<init> HHH10001115: Connection pool size: 20 (min=1)
06-Sep-2026 00:51:20.911 WARN [http-nio-8080-exec-3] org.hibernate.engine.jdbc.dialect.internal.DialectFactoryImpl.constructDialect HHH90000025: MySQLDialect does not need to be specified explicitly using 'hibernate.dialect' (remove the property setting and it will be selected by default)
06-Sep-2026 00:51:20.970 INFO [http-nio-8080-exec-3] org.hibernate.engine.transaction.jta.platform.internal.JtaPlatformInitiator.initiateService HHH000489: No JTA platform available (set 'hibernate.transaction.jta.platform' to enable JTA platform integration)
06-Sep-2026 00:51:20.971 INFO [http-nio-8080-exec-3] org.hibernate.resource.transaction.backend.jdbc.internal.DdlTransactionIsolatorNonJtaImpl.getIsolatedConnection HHH10001501: Connection obtained from JdbcConnectionAccess [org.hibernate.engine.jdbc.env.internal.JdbcEnvironmentInitiator$ConnectionProviderJdbcConnectionAccess@8bd6ab9] for (non-JTA) DDL execution was not in auto-commit mode; the Connection 'local transaction' will be committed and the Connection will be set into auto-commit mode.
06-Sep-2026 00:51:24.958 INFO [http-nio-8080-exec-5] org.hibernate.jpa.internal.util.LogHelper.logPersistenceUnitInformation HHH000204: Processing PersistenceUnitInfo [name: jpa-hibernate-mysql]
06-Sep-2026 00:51:24.967 INFO [http-nio-8080-exec-5] org.hibernate.cache.internal.RegionFactoryInitiator.initiateService HHH000026: Second-level cache disabled
06-Sep-2026 00:51:25.011 WARN [http-nio-8080-exec-5] org.hibernate.engine.jdbc.connections.internal.DriverManagerConnectionProviderImpl.configure HHH10001002: Using built-in connection pool (not intended for production use)
06-Sep-2026 00:51:25.011 INFO [http-nio-8080-exec-5] org.hibernate.engine.jdbc.connections.internal.DriverManagerConnectionProviderImpl.buildCreator HHH10001005: Loaded JDBC driver class: com.mysql.cj.jdbc.Driver
06-Sep-2026 00:51:25.012 INFO [http-nio-8080-exec-5] org.hibernate.engine.jdbc.connections.internal.DriverManagerConnectionProviderImpl.buildCreator HHH10001012: Connecting with JDBC URL [jdbc:mysql://localhost:3306/webst2?useSSL=false&allowPublicKeyRetrieval=true&serverTimezone=UTC]
06-Sep-2026 00:51:25.012 INFO [http-nio-8080-exec-5] org.hibernate.engine.jdbc.connections.internal.DriverManagerConnectionProviderImpl.buildCreator HHH10001001: Connection properties: {password=****, user=root}
06-Sep-2026 00:51:25.012 INFO [http-nio-8080-exec-5] org.hibernate.engine.jdbc.connections.internal.DriverManagerConnectionProviderImpl.buildCreator HHH10001003: Autocommit mode: false
06-Sep-2026 00:51:25.012 INFO [http-nio-8080-exec-5] org.hibernate.engine.jdbc.connections.internal.DriverManagerConnectionProviderImpl$PooledConnections.<init> HHH10001115: Connection pool size: 20 (min=1)
06-Sep-2026 00:51:25.018 WARN [http-nio-8080-exec-5] org.hibernate.engine.jdbc.dialect.internal.DialectFactoryImpl.constructDialect HHH90000025: MySQLDialect does not need to be specified explicitly using 'hibernate.dialect' (remove the property setting and it will be selected by default)
06-Sep-2026 00:51:25.102 INFO [http-nio-8080-exec-5] org.hibernate.engine.transaction.jta.platform.internal.JtaPlatformInitiator.initiateService HHH000489: No JTA platform available (set 'hibernate.transaction.jta.platform' to enable JTA platform integration)
06-Sep-2026 00:51:25.104 INFO [http-nio-8080-exec-5] org.hibernate.resource.transaction.backend.jdbc.internal.DdlTransactionIsolatorNonJtaImpl.getIsolatedConnection HHH10001501: Connection obtained from JdbcConnectionAccess [org.hibernate.engine.jdbc.env.internal.JdbcEnvironmentInitiator$ConnectionProviderJdbcConnectionAccess@22c4c7fe] for (non-JTA) DDL execution was not in auto-commit mode; the Connection 'local transaction' will be committed and the Connection will be set into auto-commit mode.
06-Sep-2026 00:51:27.488 INFO [http-nio-8080-exec-1] org.hibernate.jpa.internal.util.LogHelper.logPersistenceUnitInformation HHH000204: Processing PersistenceUnitInfo [name: jpa-hibernate-mysql]
06-Sep-2026 00:51:27.489 INFO [http-nio-8080-exec-1] org.hibernate.cache.internal.RegionFactoryInitiator.initiateService HHH000026: Second-level cache disabled
06-Sep-2026 00:51:27.513 WARN [http-nio-8080-exec-1] org.hibernate.engine.jdbc.connections.internal.DriverManagerConnectionProviderImpl.configure HHH10001002: Using built-in connection pool (not intended for production use)
06-Sep-2026 00:51:27.514 INFO [http-nio-8080-exec-1] org.hibernate.engine.jdbc.connections.internal.DriverManagerConnectionProviderImpl.buildCreator HHH10001005: Loaded JDBC driver class: com.mysql.cj.jdbc.Driver
06-Sep-2026 00:51:27.514 INFO [http-nio-8080-exec-1] org.hibernate.engine.jdbc.connections.internal.DriverManagerConnectionProviderImpl.buildCreator HHH10001012: Connecting with JDBC URL [jdbc:mysql://localhost:3306/webst2?useSSL=false&allowPublicKeyRetrieval=true&serverTimezone=UTC]
06-Sep-2026 00:51:27.514 INFO [http-nio-8080-exec-1] org.hibernate.engine.jdbc.connections.internal.DriverManagerConnectionProviderImpl.buildCreator HHH10001001: Connection properties: {password=****, user=root}
06-Sep-2026 00:51:27.515 INFO [http-nio-8080-exec-1] org.hibernate.engine.jdbc.connections.internal.DriverManagerConnectionProviderImpl.buildCreator HHH10001003: Autocommit mode: false
06-Sep-2026 00:51:27.515 INFO [http-nio-8080-exec-1] org.hibernate.engine.jdbc.connections.internal.DriverManagerConnectionProviderImpl$PooledConnections.<init> HHH10001115: Connection pool size: 20 (min=1)
06-Sep-2026 00:51:27.520 WARN [http-nio-8080-exec-1] org.hibernate.engine.jdbc.dialect.internal.DialectFactoryImpl.constructDialect HHH90000025: MySQLDialect does not need to be specified explicitly using 'hibernate.dialect' (remove the property setting and it will be selected by default)
06-Sep-2026 00:51:27.581 INFO [http-nio-8080-exec-1] org.hibernate.engine.transaction.jta.platform.internal.JtaPlatformInitiator.initiateService HHH000489: No JTA platform available (set 'hibernate.transaction.jta.platform' to enable JTA platform integration)
06-Sep-2026 00:51:27.583 INFO [http-nio-8080-exec-1] org.hibernate.resource.transaction.backend.jdbc.internal.DdlTransactionIsolatorNonJtaImpl.getIsolatedConnection HHH10001501: Connection obtained from JdbcConnectionAccess [org.hibernate.engine.jdbc.env.internal.JdbcEnvironmentInitiator$ConnectionProviderJdbcConnectionAccess@3c524ad0] for (non-JTA) DDL execution was not in auto-commit mode; the Connection 'local transaction' will be committed and the Connection will be set into auto-commit mode.
06-Sep-2026 00:51:29.774 INFO [http-nio-8080-exec-3] org.hibernate.jpa.internal.util.LogHelper.logPersistenceUnitInformation HHH000204: Processing PersistenceUnitInfo [name: jpa-hibernate-mysql]
06-Sep-2026 00:51:29.776 INFO [http-nio-8080-exec-3] org.hibernate.cache.internal.RegionFactoryInitiator.initiateService HHH000026: Second-level cache disabled
06-Sep-2026 00:51:29.801 WARN [http-nio-8080-exec-3] org.hibernate.engine.jdbc.connections.internal.DriverManagerConnectionProviderImpl.configure HHH10001002: Using built-in connection pool (not intended for production use)
06-Sep-2026 00:51:29.802 INFO [http-nio-8080-exec-3] org.hibernate.engine.jdbc.connections.internal.DriverManagerConnectionProviderImpl.buildCreator HHH10001005: Loaded JDBC driver class: com.mysql.cj.jdbc.Driver
06-Sep-2026 00:51:29.802 INFO [http-nio-8080-exec-3] org.hibernate.engine.jdbc.connections.internal.DriverManagerConnectionProviderImpl.buildCreator HHH10001012: Connecting with JDBC URL [jdbc:mysql://localhost:3306/webst2?useSSL=false&allowPublicKeyRetrieval=true&serverTimezone=UTC]
06-Sep-2026 00:51:29.802 INFO [http-nio-8080-exec-3] org.hibernate.engine.jdbc.connections.internal.DriverManagerConnectionProviderImpl.buildCreator HHH10001001: Connection properties: {password=****, user=root}
06-Sep-2026 00:51:29.802 INFO [http-nio-8080-exec-3] org.hibernate.engine.jdbc.connections.internal.DriverManagerConnectionProviderImpl.buildCreator HHH10001003: Autocommit mode: false
06-Sep-2026 00:51:29.803 INFO [http-nio-8080-exec-3] org.hibernate.engine.jdbc.connections.internal.DriverManagerConnectionProviderImpl$PooledConnections.<init> HHH10001115: Connection pool size: 20 (min=1)
06-Sep-2026 00:51:29.807 WARN [http-nio-8080-exec-3] org.hibernate.engine.jdbc.dialect.internal.DialectFactoryImpl.constructDialect HHH90000025: MySQLDialect does not need to be specified explicitly using 'hibernate.dialect' (remove the property setting and it will be selected by default)
06-Sep-2026 00:51:29.857 INFO [http-nio-8080-exec-3] org.hibernate.engine.transaction.jta.platform.internal.JtaPlatformInitiator.initiateService HHH000489: No JTA platform available (set 'hibernate.transaction.jta.platform' to enable JTA platform integration)
06-Sep-2026 00:51:29.859 INFO [http-nio-8080-exec-3] org.hibernate.resource.transaction.backend.jdbc.internal.DdlTransactionIsolatorNonJtaImpl.getIsolatedConnection HHH10001501: Connection obtained from JdbcConnectionAccess [org.hibernate.engine.jdbc.env.internal.JdbcEnvironmentInitiator$ConnectionProviderJdbcConnectionAccess@25ef8f4e] for (non-JTA) DDL execution was not in auto-commit mode; the Connection 'local transaction' will be committed and the Connection will be set into auto-commit mode.
06-Sep-2026 00:52:01.156 INFO [http-nio-8080-exec-6] org.hibernate.jpa.internal.util.LogHelper.logPersistenceUnitInformation HHH000204: Processing PersistenceUnitInfo [name: jpa-hibernate-mysql]
06-Sep-2026 00:52:01.161 INFO [http-nio-8080-exec-6] org.hibernate.cache.internal.RegionFactoryInitiator.initiateService HHH000026: Second-level cache disabled
06-Sep-2026 00:52:01.191 WARN [http-nio-8080-exec-6] org.hibernate.engine.jdbc.connections.internal.DriverManagerConnectionProviderImpl.configure HHH10001002: Using built-in connection pool (not intended for production use)
06-Sep-2026 00:52:01.191 INFO [http-nio-8080-exec-6] org.hibernate.engine.jdbc.connections.internal.DriverManagerConnectionProviderImpl.buildCreator HHH10001005: Loaded JDBC driver class: com.mysql.cj.jdbc.Driver
06-Sep-2026 00:52:01.192 INFO [http-nio-8080-exec-6] org.hibernate.engine.jdbc.connections.internal.DriverManagerConnectionProviderImpl.buildCreator HHH10001012: Connecting with JDBC URL [jdbc:mysql://localhost:3306/webst2?useSSL=false&allowPublicKeyRetrieval=true&serverTimezone=UTC]
06-Sep-2026 00:52:01.192 INFO [http-nio-8080-exec-6] org.hibernate.engine.jdbc.connections.internal.DriverManagerConnectionProviderImpl.buildCreator HHH10001001: Connection properties: {password=****, user=root}
06-Sep-2026 00:52:01.192 INFO [http-nio-8080-exec-6] org.hibernate.engine.jdbc.connections.internal.DriverManagerConnectionProviderImpl.buildCreator HHH10001003: Autocommit mode: false
06-Sep-2026 00:52:01.192 INFO [http-nio-8080-exec-6] org.hibernate.engine.jdbc.connections.internal.DriverManagerConnectionProviderImpl$PooledConnections.<init> HHH10001115: Connection pool size: 20 (min=1)
06-Sep-2026 00:52:01.200 WARN [http-nio-8080-exec-6] org.hibernate.engine.jdbc.dialect.internal.DialectFactoryImpl.constructDialect HHH90000025: MySQLDialect does not need to be specified explicitly using 'hibernate.dialect' (remove the property setting and it will be selected by default)
06-Sep-2026 00:52:01.270 INFO [http-nio-8080-exec-6] org.hibernate.engine.transaction.jta.platform.internal.JtaPlatformInitiator.initiateService HHH000489: No JTA platform available (set 'hibernate.transaction.jta.platform' to enable JTA platform integration)
06-Sep-2026 00:52:01.271 INFO [http-nio-8080-exec-6] org.hibernate.resource.transaction.backend.jdbc.internal.DdlTransactionIsolatorNonJtaImpl.getIsolatedConnection HHH10001501: Connection obtained from JdbcConnectionAccess [org.hibernate.engine.jdbc.env.internal.JdbcEnvironmentInitiator$ConnectionProviderJdbcConnectionAccess@4e7abc1e] for (non-JTA) DDL execution was not in auto-commit mode; the Connection 'local transaction' will be committed and the Connection will be set into auto-commit mode.
06-Sep-2026 00:52:05.806 INFO [http-nio-8080-exec-3] org.hibernate.jpa.internal.util.LogHelper.logPersistenceUnitInformation HHH000204: Processing PersistenceUnitInfo [name: jpa-hibernate-mysql]
06-Sep-2026 00:52:05.809 INFO [http-nio-8080-exec-3] org.hibernate.cache.internal.RegionFactoryInitiator.initiateService HHH000026: Second-level cache disabled
06-Sep-2026 00:52:05.830 WARN [http-nio-8080-exec-3] org.hibernate.engine.jdbc.connections.internal.DriverManagerConnectionProviderImpl.configure HHH10001002: Using built-in connection pool (not intended for production use)
06-Sep-2026 00:52:05.830 INFO [http-nio-8080-exec-3] org.hibernate.engine.jdbc.connections.internal.DriverManagerConnectionProviderImpl.buildCreator HHH10001005: Loaded JDBC driver class: com.mysql.cj.jdbc.Driver
06-Sep-2026 00:52:05.831 INFO [http-nio-8080-exec-3] org.hibernate.engine.jdbc.connections.internal.DriverManagerConnectionProviderImpl.buildCreator HHH10001012: Connecting with JDBC URL [jdbc:mysql://localhost:3306/webst2?useSSL=false&allowPublicKeyRetrieval=true&serverTimezone=UTC]
06-Sep-2026 00:52:05.831 INFO [http-nio-8080-exec-3] org.hibernate.engine.jdbc.connections.internal.DriverManagerConnectionProviderImpl.buildCreator HHH10001001: Connection properties: {password=****, user=root}
06-Sep-2026 00:52:05.831 INFO [http-nio-8080-exec-3] org.hibernate.engine.jdbc.connections.internal.DriverManagerConnectionProviderImpl.buildCreator HHH10001003: Autocommit mode: false
06-Sep-2026 00:52:05.831 INFO [http-nio-8080-exec-3] org.hibernate.engine.jdbc.connections.internal.DriverManagerConnectionProviderImpl$PooledConnections.<init> HHH10001115: Connection pool size: 20 (min=1)
06-Sep-2026 00:52:05.837 WARN [http-nio-8080-exec-3] org.hibernate.engine.jdbc.dialect.internal.DialectFactoryImpl.constructDialect HHH90000025: MySQLDialect does not need to be specified explicitly using 'hibernate.dialect' (remove the property setting and it will be selected by default)
06-Sep-2026 00:52:05.893 INFO [http-nio-8080-exec-3] org.hibernate.engine.transaction.jta.platform.internal.JtaPlatformInitiator.initiateService HHH000489: No JTA platform available (set 'hibernate.transaction.jta.platform' to enable JTA platform integration)
06-Sep-2026 00:52:05.895 INFO [http-nio-8080-exec-3] org.hibernate.resource.transaction.backend.jdbc.internal.DdlTransactionIsolatorNonJtaImpl.getIsolatedConnection HHH10001501: Connection obtained from JdbcConnectionAccess [org.hibernate.engine.jdbc.env.internal.JdbcEnvironmentInitiator$ConnectionProviderJdbcConnectionAccess@e4ace33] for (non-JTA) DDL execution was not in auto-commit mode; the Connection 'local transaction' will be committed and the Connection will be set into auto-commit mode.
06-Sep-2026 00:52:12.124 INFO [http-nio-8080-exec-10] org.hibernate.jpa.internal.util.LogHelper.logPersistenceUnitInformation HHH000204: Processing PersistenceUnitInfo [name: jpa-hibernate-mysql]
06-Sep-2026 00:52:12.132 INFO [http-nio-8080-exec-10] org.hibernate.cache.internal.RegionFactoryInitiator.initiateService HHH000026: Second-level cache disabled
06-Sep-2026 00:52:12.164 WARN [http-nio-8080-exec-10] org.hibernate.engine.jdbc.connections.internal.DriverManagerConnectionProviderImpl.configure HHH10001002: Using built-in connection pool (not intended for production use)
06-Sep-2026 00:52:12.164 INFO [http-nio-8080-exec-10] org.hibernate.engine.jdbc.connections.internal.DriverManagerConnectionProviderImpl.buildCreator HHH10001005: Loaded JDBC driver class: com.mysql.cj.jdbc.Driver
06-Sep-2026 00:52:12.164 INFO [http-nio-8080-exec-10] org.hibernate.engine.jdbc.connections.internal.DriverManagerConnectionProviderImpl.buildCreator HHH10001012: Connecting with JDBC URL [jdbc:mysql://localhost:3306/webst2?useSSL=false&allowPublicKeyRetrieval=true&serverTimezone=UTC]
06-Sep-2026 00:52:12.165 INFO [http-nio-8080-exec-10] org.hibernate.engine.jdbc.connections.internal.DriverManagerConnectionProviderImpl.buildCreator HHH10001001: Connection properties: {password=****, user=root}
06-Sep-2026 00:52:12.165 INFO [http-nio-8080-exec-10] org.hibernate.engine.jdbc.connections.internal.DriverManagerConnectionProviderImpl.buildCreator HHH10001003: Autocommit mode: false
06-Sep-2026 00:52:12.165 INFO [http-nio-8080-exec-10] org.hibernate.engine.jdbc.connections.internal.DriverManagerConnectionProviderImpl$PooledConnections.<init> HHH10001115: Connection pool size: 20 (min=1)
06-Sep-2026 00:52:12.175 WARN [http-nio-8080-exec-10] org.hibernate.engine.jdbc.dialect.internal.DialectFactoryImpl.constructDialect HHH90000025: MySQLDialect does not need to be specified explicitly using 'hibernate.dialect' (remove the property setting and it will be selected by default)
06-Sep-2026 00:52:12.244 INFO [http-nio-8080-exec-10] org.hibernate.engine.transaction.jta.platform.internal.JtaPlatformInitiator.initiateService HHH000489: No JTA platform available (set 'hibernate.transaction.jta.platform' to enable JTA platform integration)
06-Sep-2026 00:52:12.247 INFO [http-nio-8080-exec-10] org.hibernate.resource.transaction.backend.jdbc.internal.DdlTransactionIsolatorNonJtaImpl.getIsolatedConnection HHH10001501: Connection obtained from JdbcConnectionAccess [org.hibernate.engine.jdbc.env.internal.JdbcEnvironmentInitiator$ConnectionProviderJdbcConnectionAccess@60e47220] for (non-JTA) DDL execution was not in auto-commit mode; the Connection 'local transaction' will be committed and the Connection will be set into auto-commit mode.
06-Sep-2026 00:52:15.334 INFO [http-nio-8080-exec-9] org.hibernate.jpa.internal.util.LogHelper.logPersistenceUnitInformation HHH000204: Processing PersistenceUnitInfo [name: jpa-hibernate-mysql]
06-Sep-2026 00:52:15.334 INFO [http-nio-8080-exec-9] org.hibernate.cache.internal.RegionFactoryInitiator.initiateService HHH000026: Second-level cache disabled
06-Sep-2026 00:52:15.360 WARN [http-nio-8080-exec-9] org.hibernate.engine.jdbc.connections.internal.DriverManagerConnectionProviderImpl.configure HHH10001002: Using built-in connection pool (not intended for production use)
06-Sep-2026 00:52:15.360 INFO [http-nio-8080-exec-9] org.hibernate.engine.jdbc.connections.internal.DriverManagerConnectionProviderImpl.buildCreator HHH10001005: Loaded JDBC driver class: com.mysql.cj.jdbc.Driver
06-Sep-2026 00:52:15.361 INFO [http-nio-8080-exec-9] org.hibernate.engine.jdbc.connections.internal.DriverManagerConnectionProviderImpl.buildCreator HHH10001012: Connecting with JDBC URL [jdbc:mysql://localhost:3306/webst2?useSSL=false&allowPublicKeyRetrieval=true&serverTimezone=UTC]
06-Sep-2026 00:52:15.361 INFO [http-nio-8080-exec-9] org.hibernate.engine.jdbc.connections.internal.DriverManagerConnectionProviderImpl.buildCreator HHH10001001: Connection properties: {password=****, user=root}
06-Sep-2026 00:52:15.361 INFO [http-nio-8080-exec-9] org.hibernate.engine.jdbc.connections.internal.DriverManagerConnectionProviderImpl.buildCreator HHH10001003: Autocommit mode: false
06-Sep-2026 00:52:15.361 INFO [http-nio-8080-exec-9] org.hibernate.engine.jdbc.connections.internal.DriverManagerConnectionProviderImpl$PooledConnections.<init> HHH10001115: Connection pool size: 20 (min=1)
06-Sep-2026 00:52:15.369 WARN [http-nio-8080-exec-9] org.hibernate.engine.jdbc.dialect.internal.DialectFactoryImpl.constructDialect HHH90000025: MySQLDialect does not need to be specified explicitly using 'hibernate.dialect' (remove the property setting and it will be selected by default)
06-Sep-2026 00:52:15.422 INFO [http-nio-8080-exec-9] org.hibernate.engine.transaction.jta.platform.internal.JtaPlatformInitiator.initiateService HHH000489: No JTA platform available (set 'hibernate.transaction.jta.platform' to enable JTA platform integration)
06-Sep-2026 00:52:15.425 INFO [http-nio-8080-exec-9] org.hibernate.resource.transaction.backend.jdbc.internal.DdlTransactionIsolatorNonJtaImpl.getIsolatedConnection HHH10001501: Connection obtained from JdbcConnectionAccess [org.hibernate.engine.jdbc.env.internal.JdbcEnvironmentInitiator$ConnectionProviderJdbcConnectionAccess@40827bbb] for (non-JTA) DDL execution was not in auto-commit mode; the Connection 'local transaction' will be committed and the Connection will be set into auto-commit mode.
06-Sep-2026 00:52:44.433 INFO [http-nio-8080-exec-5] org.hibernate.jpa.internal.util.LogHelper.logPersistenceUnitInformation HHH000204: Processing PersistenceUnitInfo [name: jpa-hibernate-mysql]
06-Sep-2026 00:52:44.442 INFO [http-nio-8080-exec-5] org.hibernate.cache.internal.RegionFactoryInitiator.initiateService HHH000026: Second-level cache disabled
06-Sep-2026 00:52:44.478 WARN [http-nio-8080-exec-5] org.hibernate.engine.jdbc.connections.internal.DriverManagerConnectionProviderImpl.configure HHH10001002: Using built-in connection pool (not intended for production use)
06-Sep-2026 00:52:44.478 INFO [http-nio-8080-exec-5] org.hibernate.engine.jdbc.connections.internal.DriverManagerConnectionProviderImpl.buildCreator HHH10001005: Loaded JDBC driver class: com.mysql.cj.jdbc.Driver
06-Sep-2026 00:52:44.478 INFO [http-nio-8080-exec-5] org.hibernate.engine.jdbc.connections.internal.DriverManagerConnectionProviderImpl.buildCreator HHH10001012: Connecting with JDBC URL [jdbc:mysql://localhost:3306/webst2?useSSL=false&allowPublicKeyRetrieval=true&serverTimezone=UTC]
06-Sep-2026 00:52:44.478 INFO [http-nio-8080-exec-5] org.hibernate.engine.jdbc.connections.internal.DriverManagerConnectionProviderImpl.buildCreator HHH10001001: Connection properties: {password=****, user=root}
06-Sep-2026 00:52:44.480 INFO [http-nio-8080-exec-5] org.hibernate.engine.jdbc.connections.internal.DriverManagerConnectionProviderImpl.buildCreator HHH10001003: Autocommit mode: false
06-Sep-2026 00:52:44.480 INFO [http-nio-8080-exec-5] org.hibernate.engine.jdbc.connections.internal.DriverManagerConnectionProviderImpl$PooledConnections.<init> HHH10001115: Connection pool size: 20 (min=1)
06-Sep-2026 00:52:44.488 WARN [http-nio-8080-exec-5] org.hibernate.engine.jdbc.dialect.internal.DialectFactoryImpl.constructDialect HHH90000025: MySQLDialect does not need to be specified explicitly using 'hibernate.dialect' (remove the property setting and it will be selected by default)
06-Sep-2026 00:52:44.554 INFO [http-nio-8080-exec-5] org.hibernate.engine.transaction.jta.platform.internal.JtaPlatformInitiator.initiateService HHH000489: No JTA platform available (set 'hibernate.transaction.jta.platform' to enable JTA platform integration)
06-Sep-2026 00:52:44.558 INFO [http-nio-8080-exec-5] org.hibernate.resource.transaction.backend.jdbc.internal.DdlTransactionIsolatorNonJtaImpl.getIsolatedConnection HHH10001501: Connection obtained from JdbcConnectionAccess [org.hibernate.engine.jdbc.env.internal.JdbcEnvironmentInitiator$ConnectionProviderJdbcConnectionAccess@52ca74f8] for (non-JTA) DDL execution was not in auto-commit mode; the Connection 'local transaction' will be committed and the Connection will be set into auto-commit mode.
06-Sep-2026 00:52:44.581 INFO [http-nio-8080-exec-5] org.hibernate.jpa.internal.util.LogHelper.logPersistenceUnitInformation HHH000204: Processing PersistenceUnitInfo [name: jpa-hibernate-mysql]
06-Sep-2026 00:52:44.583 INFO [http-nio-8080-exec-5] org.hibernate.cache.internal.RegionFactoryInitiator.initiateService HHH000026: Second-level cache disabled
06-Sep-2026 00:52:44.605 WARN [http-nio-8080-exec-5] org.hibernate.engine.jdbc.connections.internal.DriverManagerConnectionProviderImpl.configure HHH10001002: Using built-in connection pool (not intended for production use)
06-Sep-2026 00:52:44.605 INFO [http-nio-8080-exec-5] org.hibernate.engine.jdbc.connections.internal.DriverManagerConnectionProviderImpl.buildCreator HHH10001005: Loaded JDBC driver class: com.mysql.cj.jdbc.Driver
06-Sep-2026 00:52:44.606 INFO [http-nio-8080-exec-5] org.hibernate.engine.jdbc.connections.internal.DriverManagerConnectionProviderImpl.buildCreator HHH10001012: Connecting with JDBC URL [jdbc:mysql://localhost:3306/webst2?useSSL=false&allowPublicKeyRetrieval=true&serverTimezone=UTC]
06-Sep-2026 00:52:44.606 INFO [http-nio-8080-exec-5] org.hibernate.engine.jdbc.connections.internal.DriverManagerConnectionProviderImpl.buildCreator HHH10001001: Connection properties: {password=****, user=root}
06-Sep-2026 00:52:44.606 INFO [http-nio-8080-exec-5] org.hibernate.engine.jdbc.connections.internal.DriverManagerConnectionProviderImpl.buildCreator HHH10001003: Autocommit mode: false
06-Sep-2026 00:52:44.606 INFO [http-nio-8080-exec-5] org.hibernate.engine.jdbc.connections.internal.DriverManagerConnectionProviderImpl$PooledConnections.<init> HHH10001115: Connection pool size: 20 (min=1)
06-Sep-2026 00:52:44.616 WARN [http-nio-8080-exec-5] org.hibernate.engine.jdbc.dialect.internal.DialectFactoryImpl.constructDialect HHH90000025: MySQLDialect does not need to be specified explicitly using 'hibernate.dialect' (remove the property setting and it will be selected by default)
06-Sep-2026 00:52:44.669 INFO [http-nio-8080-exec-5] org.hibernate.engine.transaction.jta.platform.internal.JtaPlatformInitiator.initiateService HHH000489: No JTA platform available (set 'hibernate.transaction.jta.platform' to enable JTA platform integration)
06-Sep-2026 00:52:44.670 INFO [http-nio-8080-exec-5] org.hibernate.resource.transaction.backend.jdbc.internal.DdlTransactionIsolatorNonJtaImpl.getIsolatedConnection HHH10001501: Connection obtained from JdbcConnectionAccess [org.hibernate.engine.jdbc.env.internal.JdbcEnvironmentInitiator$ConnectionProviderJdbcConnectionAccess@414dd638] for (non-JTA) DDL execution was not in auto-commit mode; the Connection 'local transaction' will be committed and the Connection will be set into auto-commit mode.
06-Sep-2026 00:52:57.374 INFO [http-nio-8080-exec-9] org.hibernate.jpa.internal.util.LogHelper.logPersistenceUnitInformation HHH000204: Processing PersistenceUnitInfo [name: jpa-hibernate-mysql]
06-Sep-2026 00:52:57.381 INFO [http-nio-8080-exec-9] org.hibernate.cache.internal.RegionFactoryInitiator.initiateService HHH000026: Second-level cache disabled
06-Sep-2026 00:52:57.413 WARN [http-nio-8080-exec-9] org.hibernate.engine.jdbc.connections.internal.DriverManagerConnectionProviderImpl.configure HHH10001002: Using built-in connection pool (not intended for production use)
06-Sep-2026 00:52:57.414 INFO [http-nio-8080-exec-9] org.hibernate.engine.jdbc.connections.internal.DriverManagerConnectionProviderImpl.buildCreator HHH10001005: Loaded JDBC driver class: com.mysql.cj.jdbc.Driver
06-Sep-2026 00:52:57.414 INFO [http-nio-8080-exec-9] org.hibernate.engine.jdbc.connections.internal.DriverManagerConnectionProviderImpl.buildCreator HHH10001012: Connecting with JDBC URL [jdbc:mysql://localhost:3306/webst2?useSSL=false&allowPublicKeyRetrieval=true&serverTimezone=UTC]
06-Sep-2026 00:52:57.414 INFO [http-nio-8080-exec-9] org.hibernate.engine.jdbc.connections.internal.DriverManagerConnectionProviderImpl.buildCreator HHH10001001: Connection properties: {password=****, user=root}
06-Sep-2026 00:52:57.414 INFO [http-nio-8080-exec-9] org.hibernate.engine.jdbc.connections.internal.DriverManagerConnectionProviderImpl.buildCreator HHH10001003: Autocommit mode: false
06-Sep-2026 00:52:57.415 INFO [http-nio-8080-exec-9] org.hibernate.engine.jdbc.connections.internal.DriverManagerConnectionProviderImpl$PooledConnections.<init> HHH10001115: Connection pool size: 20 (min=1)
06-Sep-2026 00:52:57.421 WARN [http-nio-8080-exec-9] org.hibernate.engine.jdbc.dialect.internal.DialectFactoryImpl.constructDialect HHH90000025: MySQLDialect does not need to be specified explicitly using 'hibernate.dialect' (remove the property setting and it will be selected by default)
06-Sep-2026 00:52:57.487 INFO [http-nio-8080-exec-9] org.hibernate.engine.transaction.jta.platform.internal.JtaPlatformInitiator.initiateService HHH000489: No JTA platform available (set 'hibernate.transaction.jta.platform' to enable JTA platform integration)
06-Sep-2026 00:52:57.489 INFO [http-nio-8080-exec-9] org.hibernate.resource.transaction.backend.jdbc.internal.DdlTransactionIsolatorNonJtaImpl.getIsolatedConnection HHH10001501: Connection obtained from JdbcConnectionAccess [org.hibernate.engine.jdbc.env.internal.JdbcEnvironmentInitiator$ConnectionProviderJdbcConnectionAccess@7e787c97] for (non-JTA) DDL execution was not in auto-commit mode; the Connection 'local transaction' will be committed and the Connection will be set into auto-commit mode.
06-Sep-2026 00:52:57.511 INFO [http-nio-8080-exec-9] org.hibernate.jpa.internal.util.LogHelper.logPersistenceUnitInformation HHH000204: Processing PersistenceUnitInfo [name: jpa-hibernate-mysql]
06-Sep-2026 00:52:57.513 INFO [http-nio-8080-exec-9] org.hibernate.cache.internal.RegionFactoryInitiator.initiateService HHH000026: Second-level cache disabled
06-Sep-2026 00:52:57.536 WARN [http-nio-8080-exec-9] org.hibernate.engine.jdbc.connections.internal.DriverManagerConnectionProviderImpl.configure HHH10001002: Using built-in connection pool (not intended for production use)
06-Sep-2026 00:52:57.536 INFO [http-nio-8080-exec-9] org.hibernate.engine.jdbc.connections.internal.DriverManagerConnectionProviderImpl.buildCreator HHH10001005: Loaded JDBC driver class: com.mysql.cj.jdbc.Driver
06-Sep-2026 00:52:57.536 INFO [http-nio-8080-exec-9] org.hibernate.engine.jdbc.connections.internal.DriverManagerConnectionProviderImpl.buildCreator HHH10001012: Connecting with JDBC URL [jdbc:mysql://localhost:3306/webst2?useSSL=false&allowPublicKeyRetrieval=true&serverTimezone=UTC]
06-Sep-2026 00:52:57.536 INFO [http-nio-8080-exec-9] org.hibernate.engine.jdbc.connections.internal.DriverManagerConnectionProviderImpl.buildCreator HHH10001001: Connection properties: {password=****, user=root}
06-Sep-2026 00:52:57.536 INFO [http-nio-8080-exec-9] org.hibernate.engine.jdbc.connections.internal.DriverManagerConnectionProviderImpl.buildCreator HHH10001003: Autocommit mode: false
06-Sep-2026 00:52:57.536 INFO [http-nio-8080-exec-9] org.hibernate.engine.jdbc.connections.internal.DriverManagerConnectionProviderImpl$PooledConnections.<init> HHH10001115: Connection pool size: 20 (min=1)
06-Sep-2026 00:52:57.543 WARN [http-nio-8080-exec-9] org.hibernate.engine.jdbc.dialect.internal.DialectFactoryImpl.constructDialect HHH90000025: MySQLDialect does not need to be specified explicitly using 'hibernate.dialect' (remove the property setting and it will be selected by default)
06-Sep-2026 00:52:57.587 INFO [http-nio-8080-exec-9] org.hibernate.engine.transaction.jta.platform.internal.JtaPlatformInitiator.initiateService HHH000489: No JTA platform available (set 'hibernate.transaction.jta.platform' to enable JTA platform integration)
06-Sep-2026 00:52:57.589 INFO [http-nio-8080-exec-9] org.hibernate.resource.transaction.backend.jdbc.internal.DdlTransactionIsolatorNonJtaImpl.getIsolatedConnection HHH10001501: Connection obtained from JdbcConnectionAccess [org.hibernate.engine.jdbc.env.internal.JdbcEnvironmentInitiator$ConnectionProviderJdbcConnectionAccess@37aed83d] for (non-JTA) DDL execution was not in auto-commit mode; the Connection 'local transaction' will be committed and the Connection will be set into auto-commit mode.
06-Sep-2026 00:52:57.609 INFO [http-nio-8080-exec-9] org.hibernate.jpa.internal.util.LogHelper.logPersistenceUnitInformation HHH000204: Processing PersistenceUnitInfo [name: jpa-hibernate-mysql]
06-Sep-2026 00:52:57.610 INFO [http-nio-8080-exec-9] org.hibernate.cache.internal.RegionFactoryInitiator.initiateService HHH000026: Second-level cache disabled
06-Sep-2026 00:52:57.632 WARN [http-nio-8080-exec-9] org.hibernate.engine.jdbc.connections.internal.DriverManagerConnectionProviderImpl.configure HHH10001002: Using built-in connection pool (not intended for production use)
06-Sep-2026 00:52:57.632 INFO [http-nio-8080-exec-9] org.hibernate.engine.jdbc.connections.internal.DriverManagerConnectionProviderImpl.buildCreator HHH10001005: Loaded JDBC driver class: com.mysql.cj.jdbc.Driver
06-Sep-2026 00:52:57.632 INFO [http-nio-8080-exec-9] org.hibernate.engine.jdbc.connections.internal.DriverManagerConnectionProviderImpl.buildCreator HHH10001012: Connecting with JDBC URL [jdbc:mysql://localhost:3306/webst2?useSSL=false&allowPublicKeyRetrieval=true&serverTimezone=UTC]
06-Sep-2026 00:52:57.632 INFO [http-nio-8080-exec-9] org.hibernate.engine.jdbc.connections.internal.DriverManagerConnectionProviderImpl.buildCreator HHH10001001: Connection properties: {password=****, user=root}
06-Sep-2026 00:52:57.633 INFO [http-nio-8080-exec-9] org.hibernate.engine.jdbc.connections.internal.DriverManagerConnectionProviderImpl.buildCreator HHH10001003: Autocommit mode: false
06-Sep-2026 00:52:57.633 INFO [http-nio-8080-exec-9] org.hibernate.engine.jdbc.connections.internal.DriverManagerConnectionProviderImpl$PooledConnections.<init> HHH10001115: Connection pool size: 20 (min=1)
06-Sep-2026 00:52:57.639 WARN [http-nio-8080-exec-9] org.hibernate.engine.jdbc.dialect.internal.DialectFactoryImpl.constructDialect HHH90000025: MySQLDialect does not need to be specified explicitly using 'hibernate.dialect' (remove the property setting and it will be selected by default)
06-Sep-2026 00:52:57.681 INFO [http-nio-8080-exec-9] org.hibernate.engine.transaction.jta.platform.internal.JtaPlatformInitiator.initiateService HHH000489: No JTA platform available (set 'hibernate.transaction.jta.platform' to enable JTA platform integration)
06-Sep-2026 00:52:57.682 INFO [http-nio-8080-exec-9] org.hibernate.resource.transaction.backend.jdbc.internal.DdlTransactionIsolatorNonJtaImpl.getIsolatedConnection HHH10001501: Connection obtained from JdbcConnectionAccess [org.hibernate.engine.jdbc.env.internal.JdbcEnvironmentInitiator$ConnectionProviderJdbcConnectionAccess@630418fd] for (non-JTA) DDL execution was not in auto-commit mode; the Connection 'local transaction' will be committed and the Connection will be set into auto-commit mode.
06-Sep-2026 00:53:44.822 INFO [http-nio-8080-exec-2] org.hibernate.jpa.internal.util.LogHelper.logPersistenceUnitInformation HHH000204: Processing PersistenceUnitInfo [name: jpa-hibernate-mysql]
06-Sep-2026 00:53:44.831 INFO [http-nio-8080-exec-2] org.hibernate.cache.internal.RegionFactoryInitiator.initiateService HHH000026: Second-level cache disabled
06-Sep-2026 00:53:44.864 WARN [http-nio-8080-exec-2] org.hibernate.engine.jdbc.connections.internal.DriverManagerConnectionProviderImpl.configure HHH10001002: Using built-in connection pool (not intended for production use)
06-Sep-2026 00:53:44.864 INFO [http-nio-8080-exec-2] org.hibernate.engine.jdbc.connections.internal.DriverManagerConnectionProviderImpl.buildCreator HHH10001005: Loaded JDBC driver class: com.mysql.cj.jdbc.Driver
06-Sep-2026 00:53:44.864 INFO [http-nio-8080-exec-2] org.hibernate.engine.jdbc.connections.internal.DriverManagerConnectionProviderImpl.buildCreator HHH10001012: Connecting with JDBC URL [jdbc:mysql://localhost:3306/webst2?useSSL=false&allowPublicKeyRetrieval=true&serverTimezone=UTC]
06-Sep-2026 00:53:44.865 INFO [http-nio-8080-exec-2] org.hibernate.engine.jdbc.connections.internal.DriverManagerConnectionProviderImpl.buildCreator HHH10001001: Connection properties: {password=****, user=root}
06-Sep-2026 00:53:44.865 INFO [http-nio-8080-exec-2] org.hibernate.engine.jdbc.connections.internal.DriverManagerConnectionProviderImpl.buildCreator HHH10001003: Autocommit mode: false
06-Sep-2026 00:53:44.865 INFO [http-nio-8080-exec-2] org.hibernate.engine.jdbc.connections.internal.DriverManagerConnectionProviderImpl$PooledConnections.<init> HHH10001115: Connection pool size: 20 (min=1)
06-Sep-2026 00:53:44.875 WARN [http-nio-8080-exec-2] org.hibernate.engine.jdbc.dialect.internal.DialectFactoryImpl.constructDialect HHH90000025: MySQLDialect does not need to be specified explicitly using 'hibernate.dialect' (remove the property setting and it will be selected by default)
06-Sep-2026 00:53:44.943 INFO [http-nio-8080-exec-2] org.hibernate.engine.transaction.jta.platform.internal.JtaPlatformInitiator.initiateService HHH000489: No JTA platform available (set 'hibernate.transaction.jta.platform' to enable JTA platform integration)
06-Sep-2026 00:53:44.944 INFO [http-nio-8080-exec-2] org.hibernate.resource.transaction.backend.jdbc.internal.DdlTransactionIsolatorNonJtaImpl.getIsolatedConnection HHH10001501: Connection obtained from JdbcConnectionAccess [org.hibernate.engine.jdbc.env.internal.JdbcEnvironmentInitiator$ConnectionProviderJdbcConnectionAccess@7ec08435] for (non-JTA) DDL execution was not in auto-commit mode; the Connection 'local transaction' will be committed and the Connection will be set into auto-commit mode.
06-Sep-2026 00:53:44.966 INFO [http-nio-8080-exec-2] org.hibernate.jpa.internal.util.LogHelper.logPersistenceUnitInformation HHH000204: Processing PersistenceUnitInfo [name: jpa-hibernate-mysql]
06-Sep-2026 00:53:44.967 INFO [http-nio-8080-exec-2] org.hibernate.cache.internal.RegionFactoryInitiator.initiateService HHH000026: Second-level cache disabled
06-Sep-2026 00:53:44.987 WARN [http-nio-8080-exec-2] org.hibernate.engine.jdbc.connections.internal.DriverManagerConnectionProviderImpl.configure HHH10001002: Using built-in connection pool (not intended for production use)
06-Sep-2026 00:53:44.987 INFO [http-nio-8080-exec-2] org.hibernate.engine.jdbc.connections.internal.DriverManagerConnectionProviderImpl.buildCreator HHH10001005: Loaded JDBC driver class: com.mysql.cj.jdbc.Driver
06-Sep-2026 00:53:44.988 INFO [http-nio-8080-exec-2] org.hibernate.engine.jdbc.connections.internal.DriverManagerConnectionProviderImpl.buildCreator HHH10001012: Connecting with JDBC URL [jdbc:mysql://localhost:3306/webst2?useSSL=false&allowPublicKeyRetrieval=true&serverTimezone=UTC]
06-Sep-2026 00:53:44.988 INFO [http-nio-8080-exec-2] org.hibernate.engine.jdbc.connections.internal.DriverManagerConnectionProviderImpl.buildCreator HHH10001001: Connection properties: {password=****, user=root}
06-Sep-2026 00:53:44.988 INFO [http-nio-8080-exec-2] org.hibernate.engine.jdbc.connections.internal.DriverManagerConnectionProviderImpl.buildCreator HHH10001003: Autocommit mode: false
06-Sep-2026 00:53:44.988 INFO [http-nio-8080-exec-2] org.hibernate.engine.jdbc.connections.internal.DriverManagerConnectionProviderImpl$PooledConnections.<init> HHH10001115: Connection pool size: 20 (min=1)
06-Sep-2026 00:53:44.994 WARN [http-nio-8080-exec-2] org.hibernate.engine.jdbc.dialect.internal.DialectFactoryImpl.constructDialect HHH90000025: MySQLDialect does not need to be specified explicitly using 'hibernate.dialect' (remove the property setting and it will be selected by default)
06-Sep-2026 00:53:45.042 INFO [http-nio-8080-exec-2] org.hibernate.engine.transaction.jta.platform.internal.JtaPlatformInitiator.initiateService HHH000489: No JTA platform available (set 'hibernate.transaction.jta.platform' to enable JTA platform integration)
06-Sep-2026 00:53:45.044 INFO [http-nio-8080-exec-2] org.hibernate.resource.transaction.backend.jdbc.internal.DdlTransactionIsolatorNonJtaImpl.getIsolatedConnection HHH10001501: Connection obtained from JdbcConnectionAccess [org.hibernate.engine.jdbc.env.internal.JdbcEnvironmentInitiator$ConnectionProviderJdbcConnectionAccess@c55fcba] for (non-JTA) DDL execution was not in auto-commit mode; the Connection 'local transaction' will be committed and the Connection will be set into auto-commit mode.
06-Sep-2026 00:53:45.064 INFO [http-nio-8080-exec-2] org.hibernate.jpa.internal.util.LogHelper.logPersistenceUnitInformation HHH000204: Processing PersistenceUnitInfo [name: jpa-hibernate-mysql]
06-Sep-2026 00:53:45.066 INFO [http-nio-8080-exec-2] org.hibernate.cache.internal.RegionFactoryInitiator.initiateService HHH000026: Second-level cache disabled
06-Sep-2026 00:53:45.088 WARN [http-nio-8080-exec-2] org.hibernate.engine.jdbc.connections.internal.DriverManagerConnectionProviderImpl.configure HHH10001002: Using built-in connection pool (not intended for production use)
06-Sep-2026 00:53:45.088 INFO [http-nio-8080-exec-2] org.hibernate.engine.jdbc.connections.internal.DriverManagerConnectionProviderImpl.buildCreator HHH10001005: Loaded JDBC driver class: com.mysql.cj.jdbc.Driver
06-Sep-2026 00:53:45.088 INFO [http-nio-8080-exec-2] org.hibernate.engine.jdbc.connections.internal.DriverManagerConnectionProviderImpl.buildCreator HHH10001012: Connecting with JDBC URL [jdbc:mysql://localhost:3306/webst2?useSSL=false&allowPublicKeyRetrieval=true&serverTimezone=UTC]
06-Sep-2026 00:53:45.088 INFO [http-nio-8080-exec-2] org.hibernate.engine.jdbc.connections.internal.DriverManagerConnectionProviderImpl.buildCreator HHH10001001: Connection properties: {password=****, user=root}
06-Sep-2026 00:53:45.088 INFO [http-nio-8080-exec-2] org.hibernate.engine.jdbc.connections.internal.DriverManagerConnectionProviderImpl.buildCreator HHH10001003: Autocommit mode: false
06-Sep-2026 00:53:45.088 INFO [http-nio-8080-exec-2] org.hibernate.engine.jdbc.connections.internal.DriverManagerConnectionProviderImpl$PooledConnections.<init> HHH10001115: Connection pool size: 20 (min=1)
06-Sep-2026 00:53:45.094 WARN [http-nio-8080-exec-2] org.hibernate.engine.jdbc.dialect.internal.DialectFactoryImpl.constructDialect HHH90000025: MySQLDialect does not need to be specified explicitly using 'hibernate.dialect' (remove the property setting and it will be selected by default)
06-Sep-2026 00:53:45.148 INFO [http-nio-8080-exec-2] org.hibernate.engine.transaction.jta.platform.internal.JtaPlatformInitiator.initiateService HHH000489: No JTA platform available (set 'hibernate.transaction.jta.platform' to enable JTA platform integration)
06-Sep-2026 00:53:45.150 INFO [http-nio-8080-exec-2] org.hibernate.resource.transaction.backend.jdbc.internal.DdlTransactionIsolatorNonJtaImpl.getIsolatedConnection HHH10001501: Connection obtained from JdbcConnectionAccess [org.hibernate.engine.jdbc.env.internal.JdbcEnvironmentInitiator$ConnectionProviderJdbcConnectionAccess@7706d9f] for (non-JTA) DDL execution was not in auto-commit mode; the Connection 'local transaction' will be committed and the Connection will be set into auto-commit mode.
06-Sep-2026 00:55:43.576 INFO [http-nio-8080-exec-9] org.hibernate.jpa.internal.util.LogHelper.logPersistenceUnitInformation HHH000204: Processing PersistenceUnitInfo [name: jpa-hibernate-mysql]
06-Sep-2026 00:55:43.584 INFO [http-nio-8080-exec-9] org.hibernate.cache.internal.RegionFactoryInitiator.initiateService HHH000026: Second-level cache disabled
06-Sep-2026 00:55:43.616 WARN [http-nio-8080-exec-9] org.hibernate.engine.jdbc.connections.internal.DriverManagerConnectionProviderImpl.configure HHH10001002: Using built-in connection pool (not intended for production use)
06-Sep-2026 00:55:43.616 INFO [http-nio-8080-exec-9] org.hibernate.engine.jdbc.connections.internal.DriverManagerConnectionProviderImpl.buildCreator HHH10001005: Loaded JDBC driver class: com.mysql.cj.jdbc.Driver
06-Sep-2026 00:55:43.616 INFO [http-nio-8080-exec-9] org.hibernate.engine.jdbc.connections.internal.DriverManagerConnectionProviderImpl.buildCreator HHH10001012: Connecting with JDBC URL [jdbc:mysql://localhost:3306/webst2?useSSL=false&allowPublicKeyRetrieval=true&serverTimezone=UTC]
06-Sep-2026 00:55:43.617 INFO [http-nio-8080-exec-9] org.hibernate.engine.jdbc.connections.internal.DriverManagerConnectionProviderImpl.buildCreator HHH10001001: Connection properties: {password=****, user=root}
06-Sep-2026 00:55:43.617 INFO [http-nio-8080-exec-9] org.hibernate.engine.jdbc.connections.internal.DriverManagerConnectionProviderImpl.buildCreator HHH10001003: Autocommit mode: false
06-Sep-2026 00:55:43.617 INFO [http-nio-8080-exec-9] org.hibernate.engine.jdbc.connections.internal.DriverManagerConnectionProviderImpl$PooledConnections.<init> HHH10001115: Connection pool size: 20 (min=1)
06-Sep-2026 00:55:43.627 WARN [http-nio-8080-exec-9] org.hibernate.engine.jdbc.dialect.internal.DialectFactoryImpl.constructDialect HHH90000025: MySQLDialect does not need to be specified explicitly using 'hibernate.dialect' (remove the property setting and it will be selected by default)
06-Sep-2026 00:55:43.687 INFO [http-nio-8080-exec-9] org.hibernate.engine.transaction.jta.platform.internal.JtaPlatformInitiator.initiateService HHH000489: No JTA platform available (set 'hibernate.transaction.jta.platform' to enable JTA platform integration)
06-Sep-2026 00:55:43.689 INFO [http-nio-8080-exec-9] org.hibernate.resource.transaction.backend.jdbc.internal.DdlTransactionIsolatorNonJtaImpl.getIsolatedConnection HHH10001501: Connection obtained from JdbcConnectionAccess [org.hibernate.engine.jdbc.env.internal.JdbcEnvironmentInitiator$ConnectionProviderJdbcConnectionAccess@64b0664f] for (non-JTA) DDL execution was not in auto-commit mode; the Connection 'local transaction' will be committed and the Connection will be set into auto-commit mode.
06-Sep-2026 00:55:43.711 INFO [http-nio-8080-exec-9] org.hibernate.jpa.internal.util.LogHelper.logPersistenceUnitInformation HHH000204: Processing PersistenceUnitInfo [name: jpa-hibernate-mysql]
06-Sep-2026 00:55:43.712 INFO [http-nio-8080-exec-9] org.hibernate.cache.internal.RegionFactoryInitiator.initiateService HHH000026: Second-level cache disabled
06-Sep-2026 00:55:43.733 WARN [http-nio-8080-exec-9] org.hibernate.engine.jdbc.connections.internal.DriverManagerConnectionProviderImpl.configure HHH10001002: Using built-in connection pool (not intended for production use)
06-Sep-2026 00:55:43.733 INFO [http-nio-8080-exec-9] org.hibernate.engine.jdbc.connections.internal.DriverManagerConnectionProviderImpl.buildCreator HHH10001005: Loaded JDBC driver class: com.mysql.cj.jdbc.Driver
06-Sep-2026 00:55:43.733 INFO [http-nio-8080-exec-9] org.hibernate.engine.jdbc.connections.internal.DriverManagerConnectionProviderImpl.buildCreator HHH10001012: Connecting with JDBC URL [jdbc:mysql://localhost:3306/webst2?useSSL=false&allowPublicKeyRetrieval=true&serverTimezone=UTC]
06-Sep-2026 00:55:43.733 INFO [http-nio-8080-exec-9] org.hibernate.engine.jdbc.connections.internal.DriverManagerConnectionProviderImpl.buildCreator HHH10001001: Connection properties: {password=****, user=root}
06-Sep-2026 00:55:43.734 INFO [http-nio-8080-exec-9] org.hibernate.engine.jdbc.connections.internal.DriverManagerConnectionProviderImpl.buildCreator HHH10001003: Autocommit mode: false
06-Sep-2026 00:55:43.734 INFO [http-nio-8080-exec-9] org.hibernate.engine.jdbc.connections.internal.DriverManagerConnectionProviderImpl$PooledConnections.<init> HHH10001115: Connection pool size: 20 (min=1)
06-Sep-2026 00:55:43.742 WARN [http-nio-8080-exec-9] org.hibernate.engine.jdbc.dialect.internal.DialectFactoryImpl.constructDialect HHH90000025: MySQLDialect does not need to be specified explicitly using 'hibernate.dialect' (remove the property setting and it will be selected by default)
06-Sep-2026 00:55:43.791 INFO [http-nio-8080-exec-9] org.hibernate.engine.transaction.jta.platform.internal.JtaPlatformInitiator.initiateService HHH000489: No JTA platform available (set 'hibernate.transaction.jta.platform' to enable JTA platform integration)
06-Sep-2026 00:55:43.792 INFO [http-nio-8080-exec-9] org.hibernate.resource.transaction.backend.jdbc.internal.DdlTransactionIsolatorNonJtaImpl.getIsolatedConnection HHH10001501: Connection obtained from JdbcConnectionAccess [org.hibernate.engine.jdbc.env.internal.JdbcEnvironmentInitiator$ConnectionProviderJdbcConnectionAccess@5cd7d42f] for (non-JTA) DDL execution was not in auto-commit mode; the Connection 'local transaction' will be committed and the Connection will be set into auto-commit mode.
06-Sep-2026 00:55:57.642 INFO [http-nio-8080-exec-1] org.hibernate.jpa.internal.util.LogHelper.logPersistenceUnitInformation HHH000204: Processing PersistenceUnitInfo [name: jpa-hibernate-mysql]
06-Sep-2026 00:55:57.649 INFO [http-nio-8080-exec-1] org.hibernate.cache.internal.RegionFactoryInitiator.initiateService HHH000026: Second-level cache disabled
06-Sep-2026 00:55:57.677 WARN [http-nio-8080-exec-1] org.hibernate.engine.jdbc.connections.internal.DriverManagerConnectionProviderImpl.configure HHH10001002: Using built-in connection pool (not intended for production use)
06-Sep-2026 00:55:57.678 INFO [http-nio-8080-exec-1] org.hibernate.engine.jdbc.connections.internal.DriverManagerConnectionProviderImpl.buildCreator HHH10001005: Loaded JDBC driver class: com.mysql.cj.jdbc.Driver
06-Sep-2026 00:55:57.678 INFO [http-nio-8080-exec-1] org.hibernate.engine.jdbc.connections.internal.DriverManagerConnectionProviderImpl.buildCreator HHH10001012: Connecting with JDBC URL [jdbc:mysql://localhost:3306/webst2?useSSL=false&allowPublicKeyRetrieval=true&serverTimezone=UTC]
06-Sep-2026 00:55:57.678 INFO [http-nio-8080-exec-1] org.hibernate.engine.jdbc.connections.internal.DriverManagerConnectionProviderImpl.buildCreator HHH10001001: Connection properties: {password=****, user=root}
06-Sep-2026 00:55:57.678 INFO [http-nio-8080-exec-1] org.hibernate.engine.jdbc.connections.internal.DriverManagerConnectionProviderImpl.buildCreator HHH10001003: Autocommit mode: false
06-Sep-2026 00:55:57.679 INFO [http-nio-8080-exec-1] org.hibernate.engine.jdbc.connections.internal.DriverManagerConnectionProviderImpl$PooledConnections.<init> HHH10001115: Connection pool size: 20 (min=1)
06-Sep-2026 00:55:57.689 WARN [http-nio-8080-exec-1] org.hibernate.engine.jdbc.dialect.internal.DialectFactoryImpl.constructDialect HHH90000025: MySQLDialect does not need to be specified explicitly using 'hibernate.dialect' (remove the property setting and it will be selected by default)
06-Sep-2026 00:55:57.759 INFO [http-nio-8080-exec-1] org.hibernate.engine.transaction.jta.platform.internal.JtaPlatformInitiator.initiateService HHH000489: No JTA platform available (set 'hibernate.transaction.jta.platform' to enable JTA platform integration)
06-Sep-2026 00:55:57.761 INFO [http-nio-8080-exec-1] org.hibernate.resource.transaction.backend.jdbc.internal.DdlTransactionIsolatorNonJtaImpl.getIsolatedConnection HHH10001501: Connection obtained from JdbcConnectionAccess [org.hibernate.engine.jdbc.env.internal.JdbcEnvironmentInitiator$ConnectionProviderJdbcConnectionAccess@7309d9b] for (non-JTA) DDL execution was not in auto-commit mode; the Connection 'local transaction' will be committed and the Connection will be set into auto-commit mode.
06-Sep-2026 00:55:57.786 INFO [http-nio-8080-exec-3] org.hibernate.jpa.internal.util.LogHelper.logPersistenceUnitInformation HHH000204: Processing PersistenceUnitInfo [name: jpa-hibernate-mysql]
06-Sep-2026 00:55:57.789 INFO [http-nio-8080-exec-3] org.hibernate.cache.internal.RegionFactoryInitiator.initiateService HHH000026: Second-level cache disabled
06-Sep-2026 00:55:57.811 WARN [http-nio-8080-exec-3] org.hibernate.engine.jdbc.connections.internal.DriverManagerConnectionProviderImpl.configure HHH10001002: Using built-in connection pool (not intended for production use)
06-Sep-2026 00:55:57.811 INFO [http-nio-8080-exec-3] org.hibernate.engine.jdbc.connections.internal.DriverManagerConnectionProviderImpl.buildCreator HHH10001005: Loaded JDBC driver class: com.mysql.cj.jdbc.Driver
06-Sep-2026 00:55:57.812 INFO [http-nio-8080-exec-3] org.hibernate.engine.jdbc.connections.internal.DriverManagerConnectionProviderImpl.buildCreator HHH10001012: Connecting with JDBC URL [jdbc:mysql://localhost:3306/webst2?useSSL=false&allowPublicKeyRetrieval=true&serverTimezone=UTC]
06-Sep-2026 00:55:57.812 INFO [http-nio-8080-exec-3] org.hibernate.engine.jdbc.connections.internal.DriverManagerConnectionProviderImpl.buildCreator HHH10001001: Connection properties: {password=****, user=root}
06-Sep-2026 00:55:57.812 INFO [http-nio-8080-exec-3] org.hibernate.engine.jdbc.connections.internal.DriverManagerConnectionProviderImpl.buildCreator HHH10001003: Autocommit mode: false
06-Sep-2026 00:55:57.812 INFO [http-nio-8080-exec-3] org.hibernate.engine.jdbc.connections.internal.DriverManagerConnectionProviderImpl$PooledConnections.<init> HHH10001115: Connection pool size: 20 (min=1)
06-Sep-2026 00:55:57.819 WARN [http-nio-8080-exec-3] org.hibernate.engine.jdbc.dialect.internal.DialectFactoryImpl.constructDialect HHH90000025: MySQLDialect does not need to be specified explicitly using 'hibernate.dialect' (remove the property setting and it will be selected by default)
06-Sep-2026 00:55:57.873 INFO [http-nio-8080-exec-3] org.hibernate.engine.transaction.jta.platform.internal.JtaPlatformInitiator.initiateService HHH000489: No JTA platform available (set 'hibernate.transaction.jta.platform' to enable JTA platform integration)
06-Sep-2026 00:55:57.875 INFO [http-nio-8080-exec-3] org.hibernate.resource.transaction.backend.jdbc.internal.DdlTransactionIsolatorNonJtaImpl.getIsolatedConnection HHH10001501: Connection obtained from JdbcConnectionAccess [org.hibernate.engine.jdbc.env.internal.JdbcEnvironmentInitiator$ConnectionProviderJdbcConnectionAccess@206924d2] for (non-JTA) DDL execution was not in auto-commit mode; the Connection 'local transaction' will be committed and the Connection will be set into auto-commit mode.
06-Sep-2026 00:56:08.027 INFO [http-nio-8080-exec-6] org.hibernate.jpa.internal.util.LogHelper.logPersistenceUnitInformation HHH000204: Processing PersistenceUnitInfo [name: jpa-hibernate-mysql]
06-Sep-2026 00:56:08.035 INFO [http-nio-8080-exec-6] org.hibernate.cache.internal.RegionFactoryInitiator.initiateService HHH000026: Second-level cache disabled
06-Sep-2026 00:56:08.063 WARN [http-nio-8080-exec-6] org.hibernate.engine.jdbc.connections.internal.DriverManagerConnectionProviderImpl.configure HHH10001002: Using built-in connection pool (not intended for production use)
06-Sep-2026 00:56:08.064 INFO [http-nio-8080-exec-6] org.hibernate.engine.jdbc.connections.internal.DriverManagerConnectionProviderImpl.buildCreator HHH10001005: Loaded JDBC driver class: com.mysql.cj.jdbc.Driver
06-Sep-2026 00:56:08.064 INFO [http-nio-8080-exec-6] org.hibernate.engine.jdbc.connections.internal.DriverManagerConnectionProviderImpl.buildCreator HHH10001012: Connecting with JDBC URL [jdbc:mysql://localhost:3306/webst2?useSSL=false&allowPublicKeyRetrieval=true&serverTimezone=UTC]
06-Sep-2026 00:56:08.064 INFO [http-nio-8080-exec-6] org.hibernate.engine.jdbc.connections.internal.DriverManagerConnectionProviderImpl.buildCreator HHH10001001: Connection properties: {password=****, user=root}
06-Sep-2026 00:56:08.064 INFO [http-nio-8080-exec-6] org.hibernate.engine.jdbc.connections.internal.DriverManagerConnectionProviderImpl.buildCreator HHH10001003: Autocommit mode: false
06-Sep-2026 00:56:08.064 INFO [http-nio-8080-exec-6] org.hibernate.engine.jdbc.connections.internal.DriverManagerConnectionProviderImpl$PooledConnections.<init> HHH10001115: Connection pool size: 20 (min=1)
06-Sep-2026 00:56:08.074 WARN [http-nio-8080-exec-6] org.hibernate.engine.jdbc.dialect.internal.DialectFactoryImpl.constructDialect HHH90000025: MySQLDialect does not need to be specified explicitly using 'hibernate.dialect' (remove the property setting and it will be selected by default)
06-Sep-2026 00:56:08.139 INFO [http-nio-8080-exec-6] org.hibernate.engine.transaction.jta.platform.internal.JtaPlatformInitiator.initiateService HHH000489: No JTA platform available (set 'hibernate.transaction.jta.platform' to enable JTA platform integration)
06-Sep-2026 00:56:08.141 INFO [http-nio-8080-exec-6] org.hibernate.resource.transaction.backend.jdbc.internal.DdlTransactionIsolatorNonJtaImpl.getIsolatedConnection HHH10001501: Connection obtained from JdbcConnectionAccess [org.hibernate.engine.jdbc.env.internal.JdbcEnvironmentInitiator$ConnectionProviderJdbcConnectionAccess@6ea57e1d] for (non-JTA) DDL execution was not in auto-commit mode; the Connection 'local transaction' will be committed and the Connection will be set into auto-commit mode.
06-Sep-2026 00:56:08.870 INFO [http-nio-8080-exec-2] org.hibernate.jpa.internal.util.LogHelper.logPersistenceUnitInformation HHH000204: Processing PersistenceUnitInfo [name: jpa-hibernate-mysql]
06-Sep-2026 00:56:08.871 INFO [http-nio-8080-exec-2] org.hibernate.cache.internal.RegionFactoryInitiator.initiateService HHH000026: Second-level cache disabled
06-Sep-2026 00:56:08.890 WARN [http-nio-8080-exec-2] org.hibernate.engine.jdbc.connections.internal.DriverManagerConnectionProviderImpl.configure HHH10001002: Using built-in connection pool (not intended for production use)
06-Sep-2026 00:56:08.891 INFO [http-nio-8080-exec-2] org.hibernate.engine.jdbc.connections.internal.DriverManagerConnectionProviderImpl.buildCreator HHH10001005: Loaded JDBC driver class: com.mysql.cj.jdbc.Driver
06-Sep-2026 00:56:08.891 INFO [http-nio-8080-exec-2] org.hibernate.engine.jdbc.connections.internal.DriverManagerConnectionProviderImpl.buildCreator HHH10001012: Connecting with JDBC URL [jdbc:mysql://localhost:3306/webst2?useSSL=false&allowPublicKeyRetrieval=true&serverTimezone=UTC]
06-Sep-2026 00:56:08.891 INFO [http-nio-8080-exec-2] org.hibernate.engine.jdbc.connections.internal.DriverManagerConnectionProviderImpl.buildCreator HHH10001001: Connection properties: {password=****, user=root}
06-Sep-2026 00:56:08.891 INFO [http-nio-8080-exec-2] org.hibernate.engine.jdbc.connections.internal.DriverManagerConnectionProviderImpl.buildCreator HHH10001003: Autocommit mode: false
06-Sep-2026 00:56:08.891 INFO [http-nio-8080-exec-2] org.hibernate.engine.jdbc.connections.internal.DriverManagerConnectionProviderImpl$PooledConnections.<init> HHH10001115: Connection pool size: 20 (min=1)
06-Sep-2026 00:56:08.899 WARN [http-nio-8080-exec-2] org.hibernate.engine.jdbc.dialect.internal.DialectFactoryImpl.constructDialect HHH90000025: MySQLDialect does not need to be specified explicitly using 'hibernate.dialect' (remove the property setting and it will be selected by default)
06-Sep-2026 00:56:08.940 INFO [http-nio-8080-exec-2] org.hibernate.engine.transaction.jta.platform.internal.JtaPlatformInitiator.initiateService HHH000489: No JTA platform available (set 'hibernate.transaction.jta.platform' to enable JTA platform integration)
06-Sep-2026 00:56:08.942 INFO [http-nio-8080-exec-2] org.hibernate.resource.transaction.backend.jdbc.internal.DdlTransactionIsolatorNonJtaImpl.getIsolatedConnection HHH10001501: Connection obtained from JdbcConnectionAccess [org.hibernate.engine.jdbc.env.internal.JdbcEnvironmentInitiator$ConnectionProviderJdbcConnectionAccess@66ac0a36] for (non-JTA) DDL execution was not in auto-commit mode; the Connection 'local transaction' will be committed and the Connection will be set into auto-commit mode.
06-Sep-2026 00:56:19.443 INFO [http-nio-8080-exec-6] org.hibernate.jpa.internal.util.LogHelper.logPersistenceUnitInformation HHH000204: Processing PersistenceUnitInfo [name: jpa-hibernate-mysql]
06-Sep-2026 00:56:19.450 INFO [http-nio-8080-exec-6] org.hibernate.cache.internal.RegionFactoryInitiator.initiateService HHH000026: Second-level cache disabled
06-Sep-2026 00:56:19.481 WARN [http-nio-8080-exec-6] org.hibernate.engine.jdbc.connections.internal.DriverManagerConnectionProviderImpl.configure HHH10001002: Using built-in connection pool (not intended for production use)
06-Sep-2026 00:56:19.482 INFO [http-nio-8080-exec-6] org.hibernate.engine.jdbc.connections.internal.DriverManagerConnectionProviderImpl.buildCreator HHH10001005: Loaded JDBC driver class: com.mysql.cj.jdbc.Driver
06-Sep-2026 00:56:19.482 INFO [http-nio-8080-exec-6] org.hibernate.engine.jdbc.connections.internal.DriverManagerConnectionProviderImpl.buildCreator HHH10001012: Connecting with JDBC URL [jdbc:mysql://localhost:3306/webst2?useSSL=false&allowPublicKeyRetrieval=true&serverTimezone=UTC]
06-Sep-2026 00:56:19.483 INFO [http-nio-8080-exec-6] org.hibernate.engine.jdbc.connections.internal.DriverManagerConnectionProviderImpl.buildCreator HHH10001001: Connection properties: {password=****, user=root}
06-Sep-2026 00:56:19.483 INFO [http-nio-8080-exec-6] org.hibernate.engine.jdbc.connections.internal.DriverManagerConnectionProviderImpl.buildCreator HHH10001003: Autocommit mode: false
06-Sep-2026 00:56:19.483 INFO [http-nio-8080-exec-6] org.hibernate.engine.jdbc.connections.internal.DriverManagerConnectionProviderImpl$PooledConnections.<init> HHH10001115: Connection pool size: 20 (min=1)
06-Sep-2026 00:56:19.489 WARN [http-nio-8080-exec-6] org.hibernate.engine.jdbc.dialect.internal.DialectFactoryImpl.constructDialect HHH90000025: MySQLDialect does not need to be specified explicitly using 'hibernate.dialect' (remove the property setting and it will be selected by default)
06-Sep-2026 00:56:19.548 INFO [http-nio-8080-exec-6] org.hibernate.engine.transaction.jta.platform.internal.JtaPlatformInitiator.initiateService HHH000489: No JTA platform available (set 'hibernate.transaction.jta.platform' to enable JTA platform integration)
06-Sep-2026 00:56:19.550 INFO [http-nio-8080-exec-6] org.hibernate.resource.transaction.backend.jdbc.internal.DdlTransactionIsolatorNonJtaImpl.getIsolatedConnection HHH10001501: Connection obtained from JdbcConnectionAccess [org.hibernate.engine.jdbc.env.internal.JdbcEnvironmentInitiator$ConnectionProviderJdbcConnectionAccess@1e0cd046] for (non-JTA) DDL execution was not in auto-commit mode; the Connection 'local transaction' will be committed and the Connection will be set into auto-commit mode.
06-Sep-2026 00:57:01.931 INFO [http-nio-8080-exec-4] org.hibernate.jpa.internal.util.LogHelper.logPersistenceUnitInformation HHH000204: Processing PersistenceUnitInfo [name: jpa-hibernate-mysql]
06-Sep-2026 00:57:01.938 INFO [http-nio-8080-exec-4] org.hibernate.cache.internal.RegionFactoryInitiator.initiateService HHH000026: Second-level cache disabled
06-Sep-2026 00:57:01.963 WARN [http-nio-8080-exec-4] org.hibernate.engine.jdbc.connections.internal.DriverManagerConnectionProviderImpl.configure HHH10001002: Using built-in connection pool (not intended for production use)
06-Sep-2026 00:57:01.964 INFO [http-nio-8080-exec-4] org.hibernate.engine.jdbc.connections.internal.DriverManagerConnectionProviderImpl.buildCreator HHH10001005: Loaded JDBC driver class: com.mysql.cj.jdbc.Driver
06-Sep-2026 00:57:01.964 INFO [http-nio-8080-exec-4] org.hibernate.engine.jdbc.connections.internal.DriverManagerConnectionProviderImpl.buildCreator HHH10001012: Connecting with JDBC URL [jdbc:mysql://localhost:3306/webst2?useSSL=false&allowPublicKeyRetrieval=true&serverTimezone=UTC]
06-Sep-2026 00:57:01.964 INFO [http-nio-8080-exec-4] org.hibernate.engine.jdbc.connections.internal.DriverManagerConnectionProviderImpl.buildCreator HHH10001001: Connection properties: {password=****, user=root}
06-Sep-2026 00:57:01.964 INFO [http-nio-8080-exec-4] org.hibernate.engine.jdbc.connections.internal.DriverManagerConnectionProviderImpl.buildCreator HHH10001003: Autocommit mode: false
06-Sep-2026 00:57:01.964 INFO [http-nio-8080-exec-4] org.hibernate.engine.jdbc.connections.internal.DriverManagerConnectionProviderImpl$PooledConnections.<init> HHH10001115: Connection pool size: 20 (min=1)
06-Sep-2026 00:57:01.971 WARN [http-nio-8080-exec-4] org.hibernate.engine.jdbc.dialect.internal.DialectFactoryImpl.constructDialect HHH90000025: MySQLDialect does not need to be specified explicitly using 'hibernate.dialect' (remove the property setting and it will be selected by default)
06-Sep-2026 00:57:02.038 INFO [http-nio-8080-exec-4] org.hibernate.engine.transaction.jta.platform.internal.JtaPlatformInitiator.initiateService HHH000489: No JTA platform available (set 'hibernate.transaction.jta.platform' to enable JTA platform integration)
06-Sep-2026 00:57:02.039 INFO [http-nio-8080-exec-4] org.hibernate.resource.transaction.backend.jdbc.internal.DdlTransactionIsolatorNonJtaImpl.getIsolatedConnection HHH10001501: Connection obtained from JdbcConnectionAccess [org.hibernate.engine.jdbc.env.internal.JdbcEnvironmentInitiator$ConnectionProviderJdbcConnectionAccess@32908129] for (non-JTA) DDL execution was not in auto-commit mode; the Connection 'local transaction' will be committed and the Connection will be set into auto-commit mode.
06-Sep-2026 00:57:02.056 INFO [http-nio-8080-exec-4] org.hibernate.jpa.internal.util.LogHelper.logPersistenceUnitInformation HHH000204: Processing PersistenceUnitInfo [name: jpa-hibernate-mysql]
06-Sep-2026 00:57:02.058 INFO [http-nio-8080-exec-4] org.hibernate.cache.internal.RegionFactoryInitiator.initiateService HHH000026: Second-level cache disabled
06-Sep-2026 00:57:02.079 WARN [http-nio-8080-exec-4] org.hibernate.engine.jdbc.connections.internal.DriverManagerConnectionProviderImpl.configure HHH10001002: Using built-in connection pool (not intended for production use)
06-Sep-2026 00:57:02.079 INFO [http-nio-8080-exec-4] org.hibernate.engine.jdbc.connections.internal.DriverManagerConnectionProviderImpl.buildCreator HHH10001005: Loaded JDBC driver class: com.mysql.cj.jdbc.Driver
06-Sep-2026 00:57:02.079 INFO [http-nio-8080-exec-4] org.hibernate.engine.jdbc.connections.internal.DriverManagerConnectionProviderImpl.buildCreator HHH10001012: Connecting with JDBC URL [jdbc:mysql://localhost:3306/webst2?useSSL=false&allowPublicKeyRetrieval=true&serverTimezone=UTC]
06-Sep-2026 00:57:02.079 INFO [http-nio-8080-exec-4] org.hibernate.engine.jdbc.connections.internal.DriverManagerConnectionProviderImpl.buildCreator HHH10001001: Connection properties: {password=****, user=root}
06-Sep-2026 00:57:02.079 INFO [http-nio-8080-exec-4] org.hibernate.engine.jdbc.connections.internal.DriverManagerConnectionProviderImpl.buildCreator HHH10001003: Autocommit mode: false
06-Sep-2026 00:57:02.080 INFO [http-nio-8080-exec-4] org.hibernate.engine.jdbc.connections.internal.DriverManagerConnectionProviderImpl$PooledConnections.<init> HHH10001115: Connection pool size: 20 (min=1)
06-Sep-2026 00:57:02.087 WARN [http-nio-8080-exec-4] org.hibernate.engine.jdbc.dialect.internal.DialectFactoryImpl.constructDialect HHH90000025: MySQLDialect does not need to be specified explicitly using 'hibernate.dialect' (remove the property setting and it will be selected by default)
06-Sep-2026 00:57:02.123 INFO [http-nio-8080-exec-4] org.hibernate.engine.transaction.jta.platform.internal.JtaPlatformInitiator.initiateService HHH000489: No JTA platform available (set 'hibernate.transaction.jta.platform' to enable JTA platform integration)
06-Sep-2026 00:57:02.125 INFO [http-nio-8080-exec-4] org.hibernate.resource.transaction.backend.jdbc.internal.DdlTransactionIsolatorNonJtaImpl.getIsolatedConnection HHH10001501: Connection obtained from JdbcConnectionAccess [org.hibernate.engine.jdbc.env.internal.JdbcEnvironmentInitiator$ConnectionProviderJdbcConnectionAccess@76418db0] for (non-JTA) DDL execution was not in auto-commit mode; the Connection 'local transaction' will be committed and the Connection will be set into auto-commit mode.
06-Sep-2026 00:57:02.250 INFO [http-nio-8080-exec-3] org.hibernate.jpa.internal.util.LogHelper.logPersistenceUnitInformation HHH000204: Processing PersistenceUnitInfo [name: jpa-hibernate-mysql]
06-Sep-2026 00:57:02.251 INFO [http-nio-8080-exec-3] org.hibernate.cache.internal.RegionFactoryInitiator.initiateService HHH000026: Second-level cache disabled
06-Sep-2026 00:57:02.270 WARN [http-nio-8080-exec-3] org.hibernate.engine.jdbc.connections.internal.DriverManagerConnectionProviderImpl.configure HHH10001002: Using built-in connection pool (not intended for production use)
06-Sep-2026 00:57:02.270 INFO [http-nio-8080-exec-3] org.hibernate.engine.jdbc.connections.internal.DriverManagerConnectionProviderImpl.buildCreator HHH10001005: Loaded JDBC driver class: com.mysql.cj.jdbc.Driver
06-Sep-2026 00:57:02.270 INFO [http-nio-8080-exec-3] org.hibernate.engine.jdbc.connections.internal.DriverManagerConnectionProviderImpl.buildCreator HHH10001012: Connecting with JDBC URL [jdbc:mysql://localhost:3306/webst2?useSSL=false&allowPublicKeyRetrieval=true&serverTimezone=UTC]
06-Sep-2026 00:57:02.272 INFO [http-nio-8080-exec-3] org.hibernate.engine.jdbc.connections.internal.DriverManagerConnectionProviderImpl.buildCreator HHH10001001: Connection properties: {password=****, user=root}
06-Sep-2026 00:57:02.272 INFO [http-nio-8080-exec-3] org.hibernate.engine.jdbc.connections.internal.DriverManagerConnectionProviderImpl.buildCreator HHH10001003: Autocommit mode: false
06-Sep-2026 00:57:02.272 INFO [http-nio-8080-exec-3] org.hibernate.engine.jdbc.connections.internal.DriverManagerConnectionProviderImpl$PooledConnections.<init> HHH10001115: Connection pool size: 20 (min=1)
06-Sep-2026 00:57:02.276 WARN [http-nio-8080-exec-3] org.hibernate.engine.jdbc.dialect.internal.DialectFactoryImpl.constructDialect HHH90000025: MySQLDialect does not need to be specified explicitly using 'hibernate.dialect' (remove the property setting and it will be selected by default)
06-Sep-2026 00:57:02.318 INFO [http-nio-8080-exec-3] org.hibernate.engine.transaction.jta.platform.internal.JtaPlatformInitiator.initiateService HHH000489: No JTA platform available (set 'hibernate.transaction.jta.platform' to enable JTA platform integration)
06-Sep-2026 00:57:02.319 INFO [http-nio-8080-exec-3] org.hibernate.resource.transaction.backend.jdbc.internal.DdlTransactionIsolatorNonJtaImpl.getIsolatedConnection HHH10001501: Connection obtained from JdbcConnectionAccess [org.hibernate.engine.jdbc.env.internal.JdbcEnvironmentInitiator$ConnectionProviderJdbcConnectionAccess@6bc5a62d] for (non-JTA) DDL execution was not in auto-commit mode; the Connection 'local transaction' will be committed and the Connection will be set into auto-commit mode.
06-Sep-2026 00:57:02.387 INFO [http-nio-8080-exec-10] org.hibernate.jpa.internal.util.LogHelper.logPersistenceUnitInformation HHH000204: Processing PersistenceUnitInfo [name: jpa-hibernate-mysql]
06-Sep-2026 00:57:02.389 INFO [http-nio-8080-exec-10] org.hibernate.cache.internal.RegionFactoryInitiator.initiateService HHH000026: Second-level cache disabled
06-Sep-2026 00:57:02.407 WARN [http-nio-8080-exec-10] org.hibernate.engine.jdbc.connections.internal.DriverManagerConnectionProviderImpl.configure HHH10001002: Using built-in connection pool (not intended for production use)
06-Sep-2026 00:57:02.408 INFO [http-nio-8080-exec-10] org.hibernate.engine.jdbc.connections.internal.DriverManagerConnectionProviderImpl.buildCreator HHH10001005: Loaded JDBC driver class: com.mysql.cj.jdbc.Driver
06-Sep-2026 00:57:02.408 INFO [http-nio-8080-exec-10] org.hibernate.engine.jdbc.connections.internal.DriverManagerConnectionProviderImpl.buildCreator HHH10001012: Connecting with JDBC URL [jdbc:mysql://localhost:3306/webst2?useSSL=false&allowPublicKeyRetrieval=true&serverTimezone=UTC]
06-Sep-2026 00:57:02.408 INFO [http-nio-8080-exec-10] org.hibernate.engine.jdbc.connections.internal.DriverManagerConnectionProviderImpl.buildCreator HHH10001001: Connection properties: {password=****, user=root}
06-Sep-2026 00:57:02.408 INFO [http-nio-8080-exec-10] org.hibernate.engine.jdbc.connections.internal.DriverManagerConnectionProviderImpl.buildCreator HHH10001003: Autocommit mode: false
06-Sep-2026 00:57:02.408 INFO [http-nio-8080-exec-10] org.hibernate.engine.jdbc.connections.internal.DriverManagerConnectionProviderImpl$PooledConnections.<init> HHH10001115: Connection pool size: 20 (min=1)
06-Sep-2026 00:57:02.412 WARN [http-nio-8080-exec-10] org.hibernate.engine.jdbc.dialect.internal.DialectFactoryImpl.constructDialect HHH90000025: MySQLDialect does not need to be specified explicitly using 'hibernate.dialect' (remove the property setting and it will be selected by default)
06-Sep-2026 00:57:02.483 INFO [http-nio-8080-exec-10] org.hibernate.engine.transaction.jta.platform.internal.JtaPlatformInitiator.initiateService HHH000489: No JTA platform available (set 'hibernate.transaction.jta.platform' to enable JTA platform integration)
06-Sep-2026 00:57:02.485 INFO [http-nio-8080-exec-10] org.hibernate.resource.transaction.backend.jdbc.internal.DdlTransactionIsolatorNonJtaImpl.getIsolatedConnection HHH10001501: Connection obtained from JdbcConnectionAccess [org.hibernate.engine.jdbc.env.internal.JdbcEnvironmentInitiator$ConnectionProviderJdbcConnectionAccess@52e9fc5b] for (non-JTA) DDL execution was not in auto-commit mode; the Connection 'local transaction' will be committed and the Connection will be set into auto-commit mode.
06-Sep-2026 00:57:02.503 INFO [http-nio-8080-exec-10] org.hibernate.jpa.internal.util.LogHelper.logPersistenceUnitInformation HHH000204: Processing PersistenceUnitInfo [name: jpa-hibernate-mysql]
06-Sep-2026 00:57:02.504 INFO [http-nio-8080-exec-10] org.hibernate.cache.internal.RegionFactoryInitiator.initiateService HHH000026: Second-level cache disabled
06-Sep-2026 00:57:02.523 WARN [http-nio-8080-exec-10] org.hibernate.engine.jdbc.connections.internal.DriverManagerConnectionProviderImpl.configure HHH10001002: Using built-in connection pool (not intended for production use)
06-Sep-2026 00:57:02.523 INFO [http-nio-8080-exec-10] org.hibernate.engine.jdbc.connections.internal.DriverManagerConnectionProviderImpl.buildCreator HHH10001005: Loaded JDBC driver class: com.mysql.cj.jdbc.Driver
06-Sep-2026 00:57:02.523 INFO [http-nio-8080-exec-10] org.hibernate.engine.jdbc.connections.internal.DriverManagerConnectionProviderImpl.buildCreator HHH10001012: Connecting with JDBC URL [jdbc:mysql://localhost:3306/webst2?useSSL=false&allowPublicKeyRetrieval=true&serverTimezone=UTC]
06-Sep-2026 00:57:02.523 INFO [http-nio-8080-exec-10] org.hibernate.engine.jdbc.connections.internal.DriverManagerConnectionProviderImpl.buildCreator HHH10001001: Connection properties: {password=****, user=root}
06-Sep-2026 00:57:02.523 INFO [http-nio-8080-exec-10] org.hibernate.engine.jdbc.connections.internal.DriverManagerConnectionProviderImpl.buildCreator HHH10001003: Autocommit mode: false
06-Sep-2026 00:57:02.523 INFO [http-nio-8080-exec-10] org.hibernate.engine.jdbc.connections.internal.DriverManagerConnectionProviderImpl$PooledConnections.<init> HHH10001115: Connection pool size: 20 (min=1)
06-Sep-2026 00:57:02.535 WARN [http-nio-8080-exec-10] org.hibernate.engine.jdbc.dialect.internal.DialectFactoryImpl.constructDialect HHH90000025: MySQLDialect does not need to be specified explicitly using 'hibernate.dialect' (remove the property setting and it will be selected by default)
06-Sep-2026 00:57:02.578 INFO [http-nio-8080-exec-10] org.hibernate.engine.transaction.jta.platform.internal.JtaPlatformInitiator.initiateService HHH000489: No JTA platform available (set 'hibernate.transaction.jta.platform' to enable JTA platform integration)
06-Sep-2026 00:57:02.580 INFO [http-nio-8080-exec-10] org.hibernate.resource.transaction.backend.jdbc.internal.DdlTransactionIsolatorNonJtaImpl.getIsolatedConnection HHH10001501: Connection obtained from JdbcConnectionAccess [org.hibernate.engine.jdbc.env.internal.JdbcEnvironmentInitiator$ConnectionProviderJdbcConnectionAccess@7b5309fc] for (non-JTA) DDL execution was not in auto-commit mode; the Connection 'local transaction' will be committed and the Connection will be set into auto-commit mode.
06-Sep-2026 00:57:02.737 INFO [http-nio-8080-exec-6] org.hibernate.jpa.internal.util.LogHelper.logPersistenceUnitInformation HHH000204: Processing PersistenceUnitInfo [name: jpa-hibernate-mysql]
06-Sep-2026 00:57:02.739 INFO [http-nio-8080-exec-6] org.hibernate.cache.internal.RegionFactoryInitiator.initiateService HHH000026: Second-level cache disabled
06-Sep-2026 00:57:02.757 WARN [http-nio-8080-exec-6] org.hibernate.engine.jdbc.connections.internal.DriverManagerConnectionProviderImpl.configure HHH10001002: Using built-in connection pool (not intended for production use)
06-Sep-2026 00:57:02.758 INFO [http-nio-8080-exec-6] org.hibernate.engine.jdbc.connections.internal.DriverManagerConnectionProviderImpl.buildCreator HHH10001005: Loaded JDBC driver class: com.mysql.cj.jdbc.Driver
06-Sep-2026 00:57:02.758 INFO [http-nio-8080-exec-6] org.hibernate.engine.jdbc.connections.internal.DriverManagerConnectionProviderImpl.buildCreator HHH10001012: Connecting with JDBC URL [jdbc:mysql://localhost:3306/webst2?useSSL=false&allowPublicKeyRetrieval=true&serverTimezone=UTC]
06-Sep-2026 00:57:02.758 INFO [http-nio-8080-exec-6] org.hibernate.engine.jdbc.connections.internal.DriverManagerConnectionProviderImpl.buildCreator HHH10001001: Connection properties: {password=****, user=root}
06-Sep-2026 00:57:02.758 INFO [http-nio-8080-exec-6] org.hibernate.engine.jdbc.connections.internal.DriverManagerConnectionProviderImpl.buildCreator HHH10001003: Autocommit mode: false
06-Sep-2026 00:57:02.759 INFO [http-nio-8080-exec-6] org.hibernate.engine.jdbc.connections.internal.DriverManagerConnectionProviderImpl$PooledConnections.<init> HHH10001115: Connection pool size: 20 (min=1)
06-Sep-2026 00:57:02.771 WARN [http-nio-8080-exec-6] org.hibernate.engine.jdbc.dialect.internal.DialectFactoryImpl.constructDialect HHH90000025: MySQLDialect does not need to be specified explicitly using 'hibernate.dialect' (remove the property setting and it will be selected by default)
06-Sep-2026 00:57:02.806 INFO [http-nio-8080-exec-6] org.hibernate.engine.transaction.jta.platform.internal.JtaPlatformInitiator.initiateService HHH000489: No JTA platform available (set 'hibernate.transaction.jta.platform' to enable JTA platform integration)
06-Sep-2026 00:57:02.808 INFO [http-nio-8080-exec-6] org.hibernate.resource.transaction.backend.jdbc.internal.DdlTransactionIsolatorNonJtaImpl.getIsolatedConnection HHH10001501: Connection obtained from JdbcConnectionAccess [org.hibernate.engine.jdbc.env.internal.JdbcEnvironmentInitiator$ConnectionProviderJdbcConnectionAccess@7cb90ec1] for (non-JTA) DDL execution was not in auto-commit mode; the Connection 'local transaction' will be committed and the Connection will be set into auto-commit mode.
06-Sep-2026 00:57:02.868 INFO [http-nio-8080-exec-1] org.hibernate.jpa.internal.util.LogHelper.logPersistenceUnitInformation HHH000204: Processing PersistenceUnitInfo [name: jpa-hibernate-mysql]
06-Sep-2026 00:57:02.870 INFO [http-nio-8080-exec-1] org.hibernate.cache.internal.RegionFactoryInitiator.initiateService HHH000026: Second-level cache disabled
06-Sep-2026 00:57:02.890 WARN [http-nio-8080-exec-1] org.hibernate.engine.jdbc.connections.internal.DriverManagerConnectionProviderImpl.configure HHH10001002: Using built-in connection pool (not intended for production use)
06-Sep-2026 00:57:02.890 INFO [http-nio-8080-exec-1] org.hibernate.engine.jdbc.connections.internal.DriverManagerConnectionProviderImpl.buildCreator HHH10001005: Loaded JDBC driver class: com.mysql.cj.jdbc.Driver
06-Sep-2026 00:57:02.890 INFO [http-nio-8080-exec-1] org.hibernate.engine.jdbc.connections.internal.DriverManagerConnectionProviderImpl.buildCreator HHH10001012: Connecting with JDBC URL [jdbc:mysql://localhost:3306/webst2?useSSL=false&allowPublicKeyRetrieval=true&serverTimezone=UTC]
06-Sep-2026 00:57:02.890 INFO [http-nio-8080-exec-1] org.hibernate.engine.jdbc.connections.internal.DriverManagerConnectionProviderImpl.buildCreator HHH10001001: Connection properties: {password=****, user=root}
06-Sep-2026 00:57:02.890 INFO [http-nio-8080-exec-1] org.hibernate.engine.jdbc.connections.internal.DriverManagerConnectionProviderImpl.buildCreator HHH10001003: Autocommit mode: false
06-Sep-2026 00:57:02.891 INFO [http-nio-8080-exec-1] org.hibernate.engine.jdbc.connections.internal.DriverManagerConnectionProviderImpl$PooledConnections.<init> HHH10001115: Connection pool size: 20 (min=1)
06-Sep-2026 00:57:02.900 WARN [http-nio-8080-exec-1] org.hibernate.engine.jdbc.dialect.internal.DialectFactoryImpl.constructDialect HHH90000025: MySQLDialect does not need to be specified explicitly using 'hibernate.dialect' (remove the property setting and it will be selected by default)
06-Sep-2026 00:57:02.943 INFO [http-nio-8080-exec-1] org.hibernate.engine.transaction.jta.platform.internal.JtaPlatformInitiator.initiateService HHH000489: No JTA platform available (set 'hibernate.transaction.jta.platform' to enable JTA platform integration)
06-Sep-2026 00:57:02.944 INFO [http-nio-8080-exec-1] org.hibernate.resource.transaction.backend.jdbc.internal.DdlTransactionIsolatorNonJtaImpl.getIsolatedConnection HHH10001501: Connection obtained from JdbcConnectionAccess [org.hibernate.engine.jdbc.env.internal.JdbcEnvironmentInitiator$ConnectionProviderJdbcConnectionAccess@37afa177] for (non-JTA) DDL execution was not in auto-commit mode; the Connection 'local transaction' will be committed and the Connection will be set into auto-commit mode.
06-Sep-2026 00:57:02.960 INFO [http-nio-8080-exec-1] org.hibernate.jpa.internal.util.LogHelper.logPersistenceUnitInformation HHH000204: Processing PersistenceUnitInfo [name: jpa-hibernate-mysql]
06-Sep-2026 00:57:02.961 INFO [http-nio-8080-exec-1] org.hibernate.cache.internal.RegionFactoryInitiator.initiateService HHH000026: Second-level cache disabled
06-Sep-2026 00:57:02.977 WARN [http-nio-8080-exec-1] org.hibernate.engine.jdbc.connections.internal.DriverManagerConnectionProviderImpl.configure HHH10001002: Using built-in connection pool (not intended for production use)
06-Sep-2026 00:57:02.978 INFO [http-nio-8080-exec-1] org.hibernate.engine.jdbc.connections.internal.DriverManagerConnectionProviderImpl.buildCreator HHH10001005: Loaded JDBC driver class: com.mysql.cj.jdbc.Driver
06-Sep-2026 00:57:02.978 INFO [http-nio-8080-exec-1] org.hibernate.engine.jdbc.connections.internal.DriverManagerConnectionProviderImpl.buildCreator HHH10001012: Connecting with JDBC URL [jdbc:mysql://localhost:3306/webst2?useSSL=false&allowPublicKeyRetrieval=true&serverTimezone=UTC]
06-Sep-2026 00:57:02.978 INFO [http-nio-8080-exec-1] org.hibernate.engine.jdbc.connections.internal.DriverManagerConnectionProviderImpl.buildCreator HHH10001001: Connection properties: {password=****, user=root}
06-Sep-2026 00:57:02.978 INFO [http-nio-8080-exec-1] org.hibernate.engine.jdbc.connections.internal.DriverManagerConnectionProviderImpl.buildCreator HHH10001003: Autocommit mode: false
06-Sep-2026 00:57:02.978 INFO [http-nio-8080-exec-1] org.hibernate.engine.jdbc.connections.internal.DriverManagerConnectionProviderImpl$PooledConnections.<init> HHH10001115: Connection pool size: 20 (min=1)
06-Sep-2026 00:57:02.984 WARN [http-nio-8080-exec-1] org.hibernate.engine.jdbc.dialect.internal.DialectFactoryImpl.constructDialect HHH90000025: MySQLDialect does not need to be specified explicitly using 'hibernate.dialect' (remove the property setting and it will be selected by default)
06-Sep-2026 00:57:03.024 INFO [http-nio-8080-exec-1] org.hibernate.engine.transaction.jta.platform.internal.JtaPlatformInitiator.initiateService HHH000489: No JTA platform available (set 'hibernate.transaction.jta.platform' to enable JTA platform integration)
06-Sep-2026 00:57:03.025 INFO [http-nio-8080-exec-1] org.hibernate.resource.transaction.backend.jdbc.internal.DdlTransactionIsolatorNonJtaImpl.getIsolatedConnection HHH10001501: Connection obtained from JdbcConnectionAccess [org.hibernate.engine.jdbc.env.internal.JdbcEnvironmentInitiator$ConnectionProviderJdbcConnectionAccess@45538854] for (non-JTA) DDL execution was not in auto-commit mode; the Connection 'local transaction' will be committed and the Connection will be set into auto-commit mode.
06-Sep-2026 00:57:03.041 INFO [http-nio-8080-exec-1] org.hibernate.jpa.internal.util.LogHelper.logPersistenceUnitInformation HHH000204: Processing PersistenceUnitInfo [name: jpa-hibernate-mysql]
06-Sep-2026 00:57:03.042 INFO [http-nio-8080-exec-1] org.hibernate.cache.internal.RegionFactoryInitiator.initiateService HHH000026: Second-level cache disabled
06-Sep-2026 00:57:03.062 WARN [http-nio-8080-exec-1] org.hibernate.engine.jdbc.connections.internal.DriverManagerConnectionProviderImpl.configure HHH10001002: Using built-in connection pool (not intended for production use)
06-Sep-2026 00:57:03.062 INFO [http-nio-8080-exec-1] org.hibernate.engine.jdbc.connections.internal.DriverManagerConnectionProviderImpl.buildCreator HHH10001005: Loaded JDBC driver class: com.mysql.cj.jdbc.Driver
06-Sep-2026 00:57:03.062 INFO [http-nio-8080-exec-1] org.hibernate.engine.jdbc.connections.internal.DriverManagerConnectionProviderImpl.buildCreator HHH10001012: Connecting with JDBC URL [jdbc:mysql://localhost:3306/webst2?useSSL=false&allowPublicKeyRetrieval=true&serverTimezone=UTC]
06-Sep-2026 00:57:03.062 INFO [http-nio-8080-exec-1] org.hibernate.engine.jdbc.connections.internal.DriverManagerConnectionProviderImpl.buildCreator HHH10001001: Connection properties: {password=****, user=root}
06-Sep-2026 00:57:03.062 INFO [http-nio-8080-exec-1] org.hibernate.engine.jdbc.connections.internal.DriverManagerConnectionProviderImpl.buildCreator HHH10001003: Autocommit mode: false
06-Sep-2026 00:57:03.062 INFO [http-nio-8080-exec-1] org.hibernate.engine.jdbc.connections.internal.DriverManagerConnectionProviderImpl$PooledConnections.<init> HHH10001115: Connection pool size: 20 (min=1)
06-Sep-2026 00:57:03.071 WARN [http-nio-8080-exec-1] org.hibernate.engine.jdbc.dialect.internal.DialectFactoryImpl.constructDialect HHH90000025: MySQLDialect does not need to be specified explicitly using 'hibernate.dialect' (remove the property setting and it will be selected by default)
06-Sep-2026 00:57:03.104 INFO [http-nio-8080-exec-1] org.hibernate.engine.transaction.jta.platform.internal.JtaPlatformInitiator.initiateService HHH000489: No JTA platform available (set 'hibernate.transaction.jta.platform' to enable JTA platform integration)
06-Sep-2026 00:57:03.105 INFO [http-nio-8080-exec-1] org.hibernate.resource.transaction.backend.jdbc.internal.DdlTransactionIsolatorNonJtaImpl.getIsolatedConnection HHH10001501: Connection obtained from JdbcConnectionAccess [org.hibernate.engine.jdbc.env.internal.JdbcEnvironmentInitiator$ConnectionProviderJdbcConnectionAccess@70e1b002] for (non-JTA) DDL execution was not in auto-commit mode; the Connection 'local transaction' will be committed and the Connection will be set into auto-commit mode.
06-Sep-2026 00:57:03.213 INFO [http-nio-8080-exec-5] org.hibernate.jpa.internal.util.LogHelper.logPersistenceUnitInformation HHH000204: Processing PersistenceUnitInfo [name: jpa-hibernate-mysql]
06-Sep-2026 00:57:03.215 INFO [http-nio-8080-exec-5] org.hibernate.cache.internal.RegionFactoryInitiator.initiateService HHH000026: Second-level cache disabled
06-Sep-2026 00:57:03.232 WARN [http-nio-8080-exec-5] org.hibernate.engine.jdbc.connections.internal.DriverManagerConnectionProviderImpl.configure HHH10001002: Using built-in connection pool (not intended for production use)
06-Sep-2026 00:57:03.233 INFO [http-nio-8080-exec-5] org.hibernate.engine.jdbc.connections.internal.DriverManagerConnectionProviderImpl.buildCreator HHH10001005: Loaded JDBC driver class: com.mysql.cj.jdbc.Driver
06-Sep-2026 00:57:03.233 INFO [http-nio-8080-exec-5] org.hibernate.engine.jdbc.connections.internal.DriverManagerConnectionProviderImpl.buildCreator HHH10001012: Connecting with JDBC URL [jdbc:mysql://localhost:3306/webst2?useSSL=false&allowPublicKeyRetrieval=true&serverTimezone=UTC]
06-Sep-2026 00:57:03.233 INFO [http-nio-8080-exec-5] org.hibernate.engine.jdbc.connections.internal.DriverManagerConnectionProviderImpl.buildCreator HHH10001001: Connection properties: {password=****, user=root}
06-Sep-2026 00:57:03.233 INFO [http-nio-8080-exec-5] org.hibernate.engine.jdbc.connections.internal.DriverManagerConnectionProviderImpl.buildCreator HHH10001003: Autocommit mode: false
06-Sep-2026 00:57:03.233 INFO [http-nio-8080-exec-5] org.hibernate.engine.jdbc.connections.internal.DriverManagerConnectionProviderImpl$PooledConnections.<init> HHH10001115: Connection pool size: 20 (min=1)
06-Sep-2026 00:57:03.237 WARN [http-nio-8080-exec-5] org.hibernate.engine.jdbc.dialect.internal.DialectFactoryImpl.constructDialect HHH90000025: MySQLDialect does not need to be specified explicitly using 'hibernate.dialect' (remove the property setting and it will be selected by default)
06-Sep-2026 00:57:03.266 INFO [http-nio-8080-exec-5] org.hibernate.engine.transaction.jta.platform.internal.JtaPlatformInitiator.initiateService HHH000489: No JTA platform available (set 'hibernate.transaction.jta.platform' to enable JTA platform integration)
06-Sep-2026 00:57:03.268 INFO [http-nio-8080-exec-5] org.hibernate.resource.transaction.backend.jdbc.internal.DdlTransactionIsolatorNonJtaImpl.getIsolatedConnection HHH10001501: Connection obtained from JdbcConnectionAccess [org.hibernate.engine.jdbc.env.internal.JdbcEnvironmentInitiator$ConnectionProviderJdbcConnectionAccess@d692da7] for (non-JTA) DDL execution was not in auto-commit mode; the Connection 'local transaction' will be committed and the Connection will be set into auto-commit mode.
06-Sep-2026 00:57:03.350 INFO [http-nio-8080-exec-7] org.hibernate.jpa.internal.util.LogHelper.logPersistenceUnitInformation HHH000204: Processing PersistenceUnitInfo [name: jpa-hibernate-mysql]
06-Sep-2026 00:57:03.351 INFO [http-nio-8080-exec-7] org.hibernate.cache.internal.RegionFactoryInitiator.initiateService HHH000026: Second-level cache disabled
06-Sep-2026 00:57:03.369 WARN [http-nio-8080-exec-7] org.hibernate.engine.jdbc.connections.internal.DriverManagerConnectionProviderImpl.configure HHH10001002: Using built-in connection pool (not intended for production use)
06-Sep-2026 00:57:03.370 INFO [http-nio-8080-exec-7] org.hibernate.engine.jdbc.connections.internal.DriverManagerConnectionProviderImpl.buildCreator HHH10001005: Loaded JDBC driver class: com.mysql.cj.jdbc.Driver
06-Sep-2026 00:57:03.370 INFO [http-nio-8080-exec-7] org.hibernate.engine.jdbc.connections.internal.DriverManagerConnectionProviderImpl.buildCreator HHH10001012: Connecting with JDBC URL [jdbc:mysql://localhost:3306/webst2?useSSL=false&allowPublicKeyRetrieval=true&serverTimezone=UTC]
06-Sep-2026 00:57:03.370 INFO [http-nio-8080-exec-7] org.hibernate.engine.jdbc.connections.internal.DriverManagerConnectionProviderImpl.buildCreator HHH10001001: Connection properties: {password=****, user=root}
06-Sep-2026 00:57:03.370 INFO [http-nio-8080-exec-7] org.hibernate.engine.jdbc.connections.internal.DriverManagerConnectionProviderImpl.buildCreator HHH10001003: Autocommit mode: false
06-Sep-2026 00:57:03.370 INFO [http-nio-8080-exec-7] org.hibernate.engine.jdbc.connections.internal.DriverManagerConnectionProviderImpl$PooledConnections.<init> HHH10001115: Connection pool size: 20 (min=1)
06-Sep-2026 00:57:03.374 WARN [http-nio-8080-exec-7] org.hibernate.engine.jdbc.dialect.internal.DialectFactoryImpl.constructDialect HHH90000025: MySQLDialect does not need to be specified explicitly using 'hibernate.dialect' (remove the property setting and it will be selected by default)
06-Sep-2026 00:57:03.416 INFO [http-nio-8080-exec-7] org.hibernate.engine.transaction.jta.platform.internal.JtaPlatformInitiator.initiateService HHH000489: No JTA platform available (set 'hibernate.transaction.jta.platform' to enable JTA platform integration)
06-Sep-2026 00:57:03.418 INFO [http-nio-8080-exec-7] org.hibernate.resource.transaction.backend.jdbc.internal.DdlTransactionIsolatorNonJtaImpl.getIsolatedConnection HHH10001501: Connection obtained from JdbcConnectionAccess [org.hibernate.engine.jdbc.env.internal.JdbcEnvironmentInitiator$ConnectionProviderJdbcConnectionAccess@2f8d5e7c] for (non-JTA) DDL execution was not in auto-commit mode; the Connection 'local transaction' will be committed and the Connection will be set into auto-commit mode.
06-Sep-2026 00:58:48.508 INFO [http-nio-8080-exec-9] org.hibernate.jpa.internal.util.LogHelper.logPersistenceUnitInformation HHH000204: Processing PersistenceUnitInfo [name: jpa-hibernate-mysql]
06-Sep-2026 00:58:48.516 INFO [http-nio-8080-exec-9] org.hibernate.cache.internal.RegionFactoryInitiator.initiateService HHH000026: Second-level cache disabled
06-Sep-2026 00:58:48.549 WARN [http-nio-8080-exec-9] org.hibernate.engine.jdbc.connections.internal.DriverManagerConnectionProviderImpl.configure HHH10001002: Using built-in connection pool (not intended for production use)
06-Sep-2026 00:58:48.551 INFO [http-nio-8080-exec-9] org.hibernate.engine.jdbc.connections.internal.DriverManagerConnectionProviderImpl.buildCreator HHH10001005: Loaded JDBC driver class: com.mysql.cj.jdbc.Driver
06-Sep-2026 00:58:48.551 INFO [http-nio-8080-exec-9] org.hibernate.engine.jdbc.connections.internal.DriverManagerConnectionProviderImpl.buildCreator HHH10001012: Connecting with JDBC URL [jdbc:mysql://localhost:3306/webst2?useSSL=false&allowPublicKeyRetrieval=true&serverTimezone=UTC]
06-Sep-2026 00:58:48.552 INFO [http-nio-8080-exec-9] org.hibernate.engine.jdbc.connections.internal.DriverManagerConnectionProviderImpl.buildCreator HHH10001001: Connection properties: {password=****, user=root}
06-Sep-2026 00:58:48.552 INFO [http-nio-8080-exec-9] org.hibernate.engine.jdbc.connections.internal.DriverManagerConnectionProviderImpl.buildCreator HHH10001003: Autocommit mode: false
06-Sep-2026 00:58:48.552 INFO [http-nio-8080-exec-9] org.hibernate.engine.jdbc.connections.internal.DriverManagerConnectionProviderImpl$PooledConnections.<init> HHH10001115: Connection pool size: 20 (min=1)
06-Sep-2026 00:58:48.558 WARN [http-nio-8080-exec-9] org.hibernate.engine.jdbc.dialect.internal.DialectFactoryImpl.constructDialect HHH90000025: MySQLDialect does not need to be specified explicitly using 'hibernate.dialect' (remove the property setting and it will be selected by default)
06-Sep-2026 00:58:48.622 INFO [http-nio-8080-exec-9] org.hibernate.engine.transaction.jta.platform.internal.JtaPlatformInitiator.initiateService HHH000489: No JTA platform available (set 'hibernate.transaction.jta.platform' to enable JTA platform integration)
06-Sep-2026 00:58:48.624 INFO [http-nio-8080-exec-9] org.hibernate.resource.transaction.backend.jdbc.internal.DdlTransactionIsolatorNonJtaImpl.getIsolatedConnection HHH10001501: Connection obtained from JdbcConnectionAccess [org.hibernate.engine.jdbc.env.internal.JdbcEnvironmentInitiator$ConnectionProviderJdbcConnectionAccess@244c2e0b] for (non-JTA) DDL execution was not in auto-commit mode; the Connection 'local transaction' will be committed and the Connection will be set into auto-commit mode.
06-Sep-2026 00:58:48.693 INFO [http-nio-8080-exec-9] org.hibernate.jpa.internal.util.LogHelper.logPersistenceUnitInformation HHH000204: Processing PersistenceUnitInfo [name: jpa-hibernate-mysql]
06-Sep-2026 00:58:48.694 INFO [http-nio-8080-exec-9] org.hibernate.cache.internal.RegionFactoryInitiator.initiateService HHH000026: Second-level cache disabled
06-Sep-2026 00:58:48.717 WARN [http-nio-8080-exec-9] org.hibernate.engine.jdbc.connections.internal.DriverManagerConnectionProviderImpl.configure HHH10001002: Using built-in connection pool (not intended for production use)
06-Sep-2026 00:58:48.717 INFO [http-nio-8080-exec-9] org.hibernate.engine.jdbc.connections.internal.DriverManagerConnectionProviderImpl.buildCreator HHH10001005: Loaded JDBC driver class: com.mysql.cj.jdbc.Driver
06-Sep-2026 00:58:48.717 INFO [http-nio-8080-exec-9] org.hibernate.engine.jdbc.connections.internal.DriverManagerConnectionProviderImpl.buildCreator HHH10001012: Connecting with JDBC URL [jdbc:mysql://localhost:3306/webst2?useSSL=false&allowPublicKeyRetrieval=true&serverTimezone=UTC]
06-Sep-2026 00:58:48.717 INFO [http-nio-8080-exec-9] org.hibernate.engine.jdbc.connections.internal.DriverManagerConnectionProviderImpl.buildCreator HHH10001001: Connection properties: {password=****, user=root}
06-Sep-2026 00:58:48.717 INFO [http-nio-8080-exec-9] org.hibernate.engine.jdbc.connections.internal.DriverManagerConnectionProviderImpl.buildCreator HHH10001003: Autocommit mode: false
06-Sep-2026 00:58:48.717 INFO [http-nio-8080-exec-9] org.hibernate.engine.jdbc.connections.internal.DriverManagerConnectionProviderImpl$PooledConnections.<init> HHH10001115: Connection pool size: 20 (min=1)
06-Sep-2026 00:58:48.724 WARN [http-nio-8080-exec-9] org.hibernate.engine.jdbc.dialect.internal.DialectFactoryImpl.constructDialect HHH90000025: MySQLDialect does not need to be specified explicitly using 'hibernate.dialect' (remove the property setting and it will be selected by default)
06-Sep-2026 00:58:48.769 INFO [http-nio-8080-exec-9] org.hibernate.engine.transaction.jta.platform.internal.JtaPlatformInitiator.initiateService HHH000489: No JTA platform available (set 'hibernate.transaction.jta.platform' to enable JTA platform integration)
06-Sep-2026 00:58:48.770 INFO [http-nio-8080-exec-9] org.hibernate.resource.transaction.backend.jdbc.internal.DdlTransactionIsolatorNonJtaImpl.getIsolatedConnection HHH10001501: Connection obtained from JdbcConnectionAccess [org.hibernate.engine.jdbc.env.internal.JdbcEnvironmentInitiator$ConnectionProviderJdbcConnectionAccess@4f136542] for (non-JTA) DDL execution was not in auto-commit mode; the Connection 'local transaction' will be committed and the Connection will be set into auto-commit mode.
06-Sep-2026 00:58:48.818 INFO [http-nio-8080-exec-4] org.apache.coyote.http11.Http11Processor.service Error parsing HTTP request header
 Note: further occurrences of HTTP request parsing errors will be logged at DEBUG level.
	java.lang.IllegalArgumentException: Invalid character found in the request target [/jpa02/image?fname=1788631128681_IMG_0117[1].JPG ]. The valid characters are defined in RFC 7230 and RFC 3986
		at org.apache.coyote.http11.Http11InputBuffer.parseRequestLine(Http11InputBuffer.java:478)
		at org.apache.coyote.http11.Http11Processor.service(Http11Processor.java:271)
		at org.apache.coyote.AbstractProcessorLight.process(AbstractProcessorLight.java:63)
		at org.apache.coyote.AbstractProtocol$ConnectionHandler.process(AbstractProtocol.java:903)
		at org.apache.tomcat.util.net.NioEndpoint$SocketProcessor.doRun(NioEndpoint.java:1769)
		at org.apache.tomcat.util.net.SocketProcessorBase.run(SocketProcessorBase.java:52)
		at org.apache.tomcat.util.threads.ThreadPoolExecutor.runWorker(ThreadPoolExecutor.java:1189)
		at org.apache.tomcat.util.threads.ThreadPoolExecutor$Worker.run(ThreadPoolExecutor.java:658)
		at org.apache.tomcat.util.threads.TaskThread$WrappingRunnable.run(TaskThread.java:63)
		at java.base/java.lang.Thread.run(Thread.java:1583)
06-Sep-2026 00:59:20.706 INFO [http-nio-8080-exec-10] org.hibernate.jpa.internal.util.LogHelper.logPersistenceUnitInformation HHH000204: Processing PersistenceUnitInfo [name: jpa-hibernate-mysql]
06-Sep-2026 00:59:20.713 INFO [http-nio-8080-exec-10] org.hibernate.cache.internal.RegionFactoryInitiator.initiateService HHH000026: Second-level cache disabled
06-Sep-2026 00:59:20.744 WARN [http-nio-8080-exec-10] org.hibernate.engine.jdbc.connections.internal.DriverManagerConnectionProviderImpl.configure HHH10001002: Using built-in connection pool (not intended for production use)
06-Sep-2026 00:59:20.745 INFO [http-nio-8080-exec-10] org.hibernate.engine.jdbc.connections.internal.DriverManagerConnectionProviderImpl.buildCreator HHH10001005: Loaded JDBC driver class: com.mysql.cj.jdbc.Driver
06-Sep-2026 00:59:20.745 INFO [http-nio-8080-exec-10] org.hibernate.engine.jdbc.connections.internal.DriverManagerConnectionProviderImpl.buildCreator HHH10001012: Connecting with JDBC URL [jdbc:mysql://localhost:3306/webst2?useSSL=false&allowPublicKeyRetrieval=true&serverTimezone=UTC]
06-Sep-2026 00:59:20.745 INFO [http-nio-8080-exec-10] org.hibernate.engine.jdbc.connections.internal.DriverManagerConnectionProviderImpl.buildCreator HHH10001001: Connection properties: {password=****, user=root}
06-Sep-2026 00:59:20.745 INFO [http-nio-8080-exec-10] org.hibernate.engine.jdbc.connections.internal.DriverManagerConnectionProviderImpl.buildCreator HHH10001003: Autocommit mode: false
06-Sep-2026 00:59:20.746 INFO [http-nio-8080-exec-10] org.hibernate.engine.jdbc.connections.internal.DriverManagerConnectionProviderImpl$PooledConnections.<init> HHH10001115: Connection pool size: 20 (min=1)
06-Sep-2026 00:59:20.750 WARN [http-nio-8080-exec-10] org.hibernate.engine.jdbc.dialect.internal.DialectFactoryImpl.constructDialect HHH90000025: MySQLDialect does not need to be specified explicitly using 'hibernate.dialect' (remove the property setting and it will be selected by default)
06-Sep-2026 00:59:20.805 INFO [http-nio-8080-exec-10] org.hibernate.engine.transaction.jta.platform.internal.JtaPlatformInitiator.initiateService HHH000489: No JTA platform available (set 'hibernate.transaction.jta.platform' to enable JTA platform integration)
06-Sep-2026 00:59:20.807 INFO [http-nio-8080-exec-10] org.hibernate.resource.transaction.backend.jdbc.internal.DdlTransactionIsolatorNonJtaImpl.getIsolatedConnection HHH10001501: Connection obtained from JdbcConnectionAccess [org.hibernate.engine.jdbc.env.internal.JdbcEnvironmentInitiator$ConnectionProviderJdbcConnectionAccess@41a869c1] for (non-JTA) DDL execution was not in auto-commit mode; the Connection 'local transaction' will be committed and the Connection will be set into auto-commit mode.
06-Sep-2026 00:59:20.826 INFO [http-nio-8080-exec-10] org.hibernate.jpa.internal.util.LogHelper.logPersistenceUnitInformation HHH000204: Processing PersistenceUnitInfo [name: jpa-hibernate-mysql]
06-Sep-2026 00:59:20.827 INFO [http-nio-8080-exec-10] org.hibernate.cache.internal.RegionFactoryInitiator.initiateService HHH000026: Second-level cache disabled
06-Sep-2026 00:59:20.847 WARN [http-nio-8080-exec-10] org.hibernate.engine.jdbc.connections.internal.DriverManagerConnectionProviderImpl.configure HHH10001002: Using built-in connection pool (not intended for production use)
06-Sep-2026 00:59:20.848 INFO [http-nio-8080-exec-10] org.hibernate.engine.jdbc.connections.internal.DriverManagerConnectionProviderImpl.buildCreator HHH10001005: Loaded JDBC driver class: com.mysql.cj.jdbc.Driver
06-Sep-2026 00:59:20.848 INFO [http-nio-8080-exec-10] org.hibernate.engine.jdbc.connections.internal.DriverManagerConnectionProviderImpl.buildCreator HHH10001012: Connecting with JDBC URL [jdbc:mysql://localhost:3306/webst2?useSSL=false&allowPublicKeyRetrieval=true&serverTimezone=UTC]
06-Sep-2026 00:59:20.848 INFO [http-nio-8080-exec-10] org.hibernate.engine.jdbc.connections.internal.DriverManagerConnectionProviderImpl.buildCreator HHH10001001: Connection properties: {password=****, user=root}
06-Sep-2026 00:59:20.848 INFO [http-nio-8080-exec-10] org.hibernate.engine.jdbc.connections.internal.DriverManagerConnectionProviderImpl.buildCreator HHH10001003: Autocommit mode: false
06-Sep-2026 00:59:20.848 INFO [http-nio-8080-exec-10] org.hibernate.engine.jdbc.connections.internal.DriverManagerConnectionProviderImpl$PooledConnections.<init> HHH10001115: Connection pool size: 20 (min=1)
06-Sep-2026 00:59:20.856 WARN [http-nio-8080-exec-10] org.hibernate.engine.jdbc.dialect.internal.DialectFactoryImpl.constructDialect HHH90000025: MySQLDialect does not need to be specified explicitly using 'hibernate.dialect' (remove the property setting and it will be selected by default)
06-Sep-2026 00:59:20.896 INFO [http-nio-8080-exec-10] org.hibernate.engine.transaction.jta.platform.internal.JtaPlatformInitiator.initiateService HHH000489: No JTA platform available (set 'hibernate.transaction.jta.platform' to enable JTA platform integration)
06-Sep-2026 00:59:20.898 INFO [http-nio-8080-exec-10] org.hibernate.resource.transaction.backend.jdbc.internal.DdlTransactionIsolatorNonJtaImpl.getIsolatedConnection HHH10001501: Connection obtained from JdbcConnectionAccess [org.hibernate.engine.jdbc.env.internal.JdbcEnvironmentInitiator$ConnectionProviderJdbcConnectionAccess@44f53c44] for (non-JTA) DDL execution was not in auto-commit mode; the Connection 'local transaction' will be committed and the Connection will be set into auto-commit mode.
06-Sep-2026 00:59:46.019 INFO [http-nio-8080-exec-1] org.hibernate.jpa.internal.util.LogHelper.logPersistenceUnitInformation HHH000204: Processing PersistenceUnitInfo [name: jpa-hibernate-mysql]
06-Sep-2026 00:59:46.027 INFO [http-nio-8080-exec-1] org.hibernate.cache.internal.RegionFactoryInitiator.initiateService HHH000026: Second-level cache disabled
06-Sep-2026 00:59:46.060 WARN [http-nio-8080-exec-1] org.hibernate.engine.jdbc.connections.internal.DriverManagerConnectionProviderImpl.configure HHH10001002: Using built-in connection pool (not intended for production use)
06-Sep-2026 00:59:46.060 INFO [http-nio-8080-exec-1] org.hibernate.engine.jdbc.connections.internal.DriverManagerConnectionProviderImpl.buildCreator HHH10001005: Loaded JDBC driver class: com.mysql.cj.jdbc.Driver
06-Sep-2026 00:59:46.061 INFO [http-nio-8080-exec-1] org.hibernate.engine.jdbc.connections.internal.DriverManagerConnectionProviderImpl.buildCreator HHH10001012: Connecting with JDBC URL [jdbc:mysql://localhost:3306/webst2?useSSL=false&allowPublicKeyRetrieval=true&serverTimezone=UTC]
06-Sep-2026 00:59:46.061 INFO [http-nio-8080-exec-1] org.hibernate.engine.jdbc.connections.internal.DriverManagerConnectionProviderImpl.buildCreator HHH10001001: Connection properties: {password=****, user=root}
06-Sep-2026 00:59:46.061 INFO [http-nio-8080-exec-1] org.hibernate.engine.jdbc.connections.internal.DriverManagerConnectionProviderImpl.buildCreator HHH10001003: Autocommit mode: false
06-Sep-2026 00:59:46.061 INFO [http-nio-8080-exec-1] org.hibernate.engine.jdbc.connections.internal.DriverManagerConnectionProviderImpl$PooledConnections.<init> HHH10001115: Connection pool size: 20 (min=1)
06-Sep-2026 00:59:46.068 WARN [http-nio-8080-exec-1] org.hibernate.engine.jdbc.dialect.internal.DialectFactoryImpl.constructDialect HHH90000025: MySQLDialect does not need to be specified explicitly using 'hibernate.dialect' (remove the property setting and it will be selected by default)
06-Sep-2026 00:59:46.122 INFO [http-nio-8080-exec-1] org.hibernate.engine.transaction.jta.platform.internal.JtaPlatformInitiator.initiateService HHH000489: No JTA platform available (set 'hibernate.transaction.jta.platform' to enable JTA platform integration)
06-Sep-2026 00:59:46.124 INFO [http-nio-8080-exec-1] org.hibernate.resource.transaction.backend.jdbc.internal.DdlTransactionIsolatorNonJtaImpl.getIsolatedConnection HHH10001501: Connection obtained from JdbcConnectionAccess [org.hibernate.engine.jdbc.env.internal.JdbcEnvironmentInitiator$ConnectionProviderJdbcConnectionAccess@762b35df] for (non-JTA) DDL execution was not in auto-commit mode; the Connection 'local transaction' will be committed and the Connection will be set into auto-commit mode.
06-Sep-2026 00:59:46.146 INFO [http-nio-8080-exec-1] org.hibernate.jpa.internal.util.LogHelper.logPersistenceUnitInformation HHH000204: Processing PersistenceUnitInfo [name: jpa-hibernate-mysql]
06-Sep-2026 00:59:46.147 INFO [http-nio-8080-exec-1] org.hibernate.cache.internal.RegionFactoryInitiator.initiateService HHH000026: Second-level cache disabled
06-Sep-2026 00:59:46.169 WARN [http-nio-8080-exec-1] org.hibernate.engine.jdbc.connections.internal.DriverManagerConnectionProviderImpl.configure HHH10001002: Using built-in connection pool (not intended for production use)
06-Sep-2026 00:59:46.169 INFO [http-nio-8080-exec-1] org.hibernate.engine.jdbc.connections.internal.DriverManagerConnectionProviderImpl.buildCreator HHH10001005: Loaded JDBC driver class: com.mysql.cj.jdbc.Driver
06-Sep-2026 00:59:46.169 INFO [http-nio-8080-exec-1] org.hibernate.engine.jdbc.connections.internal.DriverManagerConnectionProviderImpl.buildCreator HHH10001012: Connecting with JDBC URL [jdbc:mysql://localhost:3306/webst2?useSSL=false&allowPublicKeyRetrieval=true&serverTimezone=UTC]
06-Sep-2026 00:59:46.169 INFO [http-nio-8080-exec-1] org.hibernate.engine.jdbc.connections.internal.DriverManagerConnectionProviderImpl.buildCreator HHH10001001: Connection properties: {password=****, user=root}
06-Sep-2026 00:59:46.170 INFO [http-nio-8080-exec-1] org.hibernate.engine.jdbc.connections.internal.DriverManagerConnectionProviderImpl.buildCreator HHH10001003: Autocommit mode: false
06-Sep-2026 00:59:46.170 INFO [http-nio-8080-exec-1] org.hibernate.engine.jdbc.connections.internal.DriverManagerConnectionProviderImpl$PooledConnections.<init> HHH10001115: Connection pool size: 20 (min=1)
06-Sep-2026 00:59:46.178 WARN [http-nio-8080-exec-1] org.hibernate.engine.jdbc.dialect.internal.DialectFactoryImpl.constructDialect HHH90000025: MySQLDialect does not need to be specified explicitly using 'hibernate.dialect' (remove the property setting and it will be selected by default)
06-Sep-2026 00:59:46.222 INFO [http-nio-8080-exec-1] org.hibernate.engine.transaction.jta.platform.internal.JtaPlatformInitiator.initiateService HHH000489: No JTA platform available (set 'hibernate.transaction.jta.platform' to enable JTA platform integration)
06-Sep-2026 00:59:46.223 INFO [http-nio-8080-exec-1] org.hibernate.resource.transaction.backend.jdbc.internal.DdlTransactionIsolatorNonJtaImpl.getIsolatedConnection HHH10001501: Connection obtained from JdbcConnectionAccess [org.hibernate.engine.jdbc.env.internal.JdbcEnvironmentInitiator$ConnectionProviderJdbcConnectionAccess@36fda357] for (non-JTA) DDL execution was not in auto-commit mode; the Connection 'local transaction' will be committed and the Connection will be set into auto-commit mode.
06-Sep-2026 00:59:47.745 INFO [http-nio-8080-exec-8] org.hibernate.jpa.internal.util.LogHelper.logPersistenceUnitInformation HHH000204: Processing PersistenceUnitInfo [name: jpa-hibernate-mysql]
06-Sep-2026 00:59:47.746 INFO [http-nio-8080-exec-8] org.hibernate.cache.internal.RegionFactoryInitiator.initiateService HHH000026: Second-level cache disabled
06-Sep-2026 00:59:47.766 WARN [http-nio-8080-exec-8] org.hibernate.engine.jdbc.connections.internal.DriverManagerConnectionProviderImpl.configure HHH10001002: Using built-in connection pool (not intended for production use)
06-Sep-2026 00:59:47.766 INFO [http-nio-8080-exec-8] org.hibernate.engine.jdbc.connections.internal.DriverManagerConnectionProviderImpl.buildCreator HHH10001005: Loaded JDBC driver class: com.mysql.cj.jdbc.Driver
06-Sep-2026 00:59:47.767 INFO [http-nio-8080-exec-8] org.hibernate.engine.jdbc.connections.internal.DriverManagerConnectionProviderImpl.buildCreator HHH10001012: Connecting with JDBC URL [jdbc:mysql://localhost:3306/webst2?useSSL=false&allowPublicKeyRetrieval=true&serverTimezone=UTC]
06-Sep-2026 00:59:47.767 INFO [http-nio-8080-exec-8] org.hibernate.engine.jdbc.connections.internal.DriverManagerConnectionProviderImpl.buildCreator HHH10001001: Connection properties: {password=****, user=root}
06-Sep-2026 00:59:47.767 INFO [http-nio-8080-exec-8] org.hibernate.engine.jdbc.connections.internal.DriverManagerConnectionProviderImpl.buildCreator HHH10001003: Autocommit mode: false
06-Sep-2026 00:59:47.767 INFO [http-nio-8080-exec-8] org.hibernate.engine.jdbc.connections.internal.DriverManagerConnectionProviderImpl$PooledConnections.<init> HHH10001115: Connection pool size: 20 (min=1)
06-Sep-2026 00:59:47.775 WARN [http-nio-8080-exec-8] org.hibernate.engine.jdbc.dialect.internal.DialectFactoryImpl.constructDialect HHH90000025: MySQLDialect does not need to be specified explicitly using 'hibernate.dialect' (remove the property setting and it will be selected by default)
06-Sep-2026 00:59:47.818 INFO [http-nio-8080-exec-8] org.hibernate.engine.transaction.jta.platform.internal.JtaPlatformInitiator.initiateService HHH000489: No JTA platform available (set 'hibernate.transaction.jta.platform' to enable JTA platform integration)
06-Sep-2026 00:59:47.819 INFO [http-nio-8080-exec-8] org.hibernate.resource.transaction.backend.jdbc.internal.DdlTransactionIsolatorNonJtaImpl.getIsolatedConnection HHH10001501: Connection obtained from JdbcConnectionAccess [org.hibernate.engine.jdbc.env.internal.JdbcEnvironmentInitiator$ConnectionProviderJdbcConnectionAccess@b6ed7d5] for (non-JTA) DDL execution was not in auto-commit mode; the Connection 'local transaction' will be committed and the Connection will be set into auto-commit mode.
06-Sep-2026 00:59:48.286 INFO [http-nio-8080-exec-9] org.hibernate.jpa.internal.util.LogHelper.logPersistenceUnitInformation HHH000204: Processing PersistenceUnitInfo [name: jpa-hibernate-mysql]
06-Sep-2026 00:59:48.287 INFO [http-nio-8080-exec-9] org.hibernate.cache.internal.RegionFactoryInitiator.initiateService HHH000026: Second-level cache disabled
06-Sep-2026 00:59:48.311 WARN [http-nio-8080-exec-9] org.hibernate.engine.jdbc.connections.internal.DriverManagerConnectionProviderImpl.configure HHH10001002: Using built-in connection pool (not intended for production use)
06-Sep-2026 00:59:48.312 INFO [http-nio-8080-exec-9] org.hibernate.engine.jdbc.connections.internal.DriverManagerConnectionProviderImpl.buildCreator HHH10001005: Loaded JDBC driver class: com.mysql.cj.jdbc.Driver
06-Sep-2026 00:59:48.312 INFO [http-nio-8080-exec-9] org.hibernate.engine.jdbc.connections.internal.DriverManagerConnectionProviderImpl.buildCreator HHH10001012: Connecting with JDBC URL [jdbc:mysql://localhost:3306/webst2?useSSL=false&allowPublicKeyRetrieval=true&serverTimezone=UTC]
06-Sep-2026 00:59:48.312 INFO [http-nio-8080-exec-9] org.hibernate.engine.jdbc.connections.internal.DriverManagerConnectionProviderImpl.buildCreator HHH10001001: Connection properties: {password=****, user=root}
06-Sep-2026 00:59:48.312 INFO [http-nio-8080-exec-9] org.hibernate.engine.jdbc.connections.internal.DriverManagerConnectionProviderImpl.buildCreator HHH10001003: Autocommit mode: false
06-Sep-2026 00:59:48.312 INFO [http-nio-8080-exec-9] org.hibernate.engine.jdbc.connections.internal.DriverManagerConnectionProviderImpl$PooledConnections.<init> HHH10001115: Connection pool size: 20 (min=1)
06-Sep-2026 00:59:48.321 WARN [http-nio-8080-exec-9] org.hibernate.engine.jdbc.dialect.internal.DialectFactoryImpl.constructDialect HHH90000025: MySQLDialect does not need to be specified explicitly using 'hibernate.dialect' (remove the property setting and it will be selected by default)
06-Sep-2026 00:59:48.378 INFO [http-nio-8080-exec-9] org.hibernate.engine.transaction.jta.platform.internal.JtaPlatformInitiator.initiateService HHH000489: No JTA platform available (set 'hibernate.transaction.jta.platform' to enable JTA platform integration)
06-Sep-2026 00:59:48.380 INFO [http-nio-8080-exec-9] org.hibernate.resource.transaction.backend.jdbc.internal.DdlTransactionIsolatorNonJtaImpl.getIsolatedConnection HHH10001501: Connection obtained from JdbcConnectionAccess [org.hibernate.engine.jdbc.env.internal.JdbcEnvironmentInitiator$ConnectionProviderJdbcConnectionAccess@46012666] for (non-JTA) DDL execution was not in auto-commit mode; the Connection 'local transaction' will be committed and the Connection will be set into auto-commit mode.
06-Sep-2026 01:00:15.252 INFO [http-nio-8080-exec-5] org.hibernate.jpa.internal.util.LogHelper.logPersistenceUnitInformation HHH000204: Processing PersistenceUnitInfo [name: jpa-hibernate-mysql]
06-Sep-2026 01:00:15.258 INFO [http-nio-8080-exec-5] org.hibernate.cache.internal.RegionFactoryInitiator.initiateService HHH000026: Second-level cache disabled
06-Sep-2026 01:00:15.288 WARN [http-nio-8080-exec-5] org.hibernate.engine.jdbc.connections.internal.DriverManagerConnectionProviderImpl.configure HHH10001002: Using built-in connection pool (not intended for production use)
06-Sep-2026 01:00:15.288 INFO [http-nio-8080-exec-5] org.hibernate.engine.jdbc.connections.internal.DriverManagerConnectionProviderImpl.buildCreator HHH10001005: Loaded JDBC driver class: com.mysql.cj.jdbc.Driver
06-Sep-2026 01:00:15.288 INFO [http-nio-8080-exec-5] org.hibernate.engine.jdbc.connections.internal.DriverManagerConnectionProviderImpl.buildCreator HHH10001012: Connecting with JDBC URL [jdbc:mysql://localhost:3306/webst2?useSSL=false&allowPublicKeyRetrieval=true&serverTimezone=UTC]
06-Sep-2026 01:00:15.289 INFO [http-nio-8080-exec-5] org.hibernate.engine.jdbc.connections.internal.DriverManagerConnectionProviderImpl.buildCreator HHH10001001: Connection properties: {password=****, user=root}
06-Sep-2026 01:00:15.289 INFO [http-nio-8080-exec-5] org.hibernate.engine.jdbc.connections.internal.DriverManagerConnectionProviderImpl.buildCreator HHH10001003: Autocommit mode: false
06-Sep-2026 01:00:15.289 INFO [http-nio-8080-exec-5] org.hibernate.engine.jdbc.connections.internal.DriverManagerConnectionProviderImpl$PooledConnections.<init> HHH10001115: Connection pool size: 20 (min=1)
06-Sep-2026 01:00:15.294 WARN [http-nio-8080-exec-5] org.hibernate.engine.jdbc.dialect.internal.DialectFactoryImpl.constructDialect HHH90000025: MySQLDialect does not need to be specified explicitly using 'hibernate.dialect' (remove the property setting and it will be selected by default)
06-Sep-2026 01:00:15.347 INFO [http-nio-8080-exec-5] org.hibernate.engine.transaction.jta.platform.internal.JtaPlatformInitiator.initiateService HHH000489: No JTA platform available (set 'hibernate.transaction.jta.platform' to enable JTA platform integration)
06-Sep-2026 01:00:15.348 INFO [http-nio-8080-exec-5] org.hibernate.resource.transaction.backend.jdbc.internal.DdlTransactionIsolatorNonJtaImpl.getIsolatedConnection HHH10001501: Connection obtained from JdbcConnectionAccess [org.hibernate.engine.jdbc.env.internal.JdbcEnvironmentInitiator$ConnectionProviderJdbcConnectionAccess@4988927b] for (non-JTA) DDL execution was not in auto-commit mode; the Connection 'local transaction' will be committed and the Connection will be set into auto-commit mode.
06-Sep-2026 01:02:35.819 INFO [main] org.apache.catalina.core.StandardServer.await A valid shutdown command was received via the shutdown port. Stopping the Server instance.
06-Sep-2026 01:02:35.820 INFO [main] org.apache.coyote.AbstractProtocol.pause Pausing ProtocolHandler ["http-nio-8080"]
06-Sep-2026 01:02:35.831 INFO [main] org.apache.catalina.core.StandardService.stopInternal Stopping service [Catalina]
06-Sep-2026 01:02:35.850 WARNING [main] org.apache.catalina.loader.WebappClassLoaderBase.clearReferencesJdbc The web application [jpa02] registered the JDBC driver [com.mysql.cj.jdbc.Driver] but failed to unregister it when the web application was stopped. To prevent a memory leak, the JDBC Driver has been forcibly unregistered.
06-Sep-2026 01:02:35.851 WARNING [main] org.apache.catalina.loader.WebappClassLoaderBase.clearReferencesThreads The web application [jpa02] appears to have started a thread named [mysql-cj-abandoned-connection-cleanup] but has failed to stop it. This is very likely to create a memory leak. Stack trace of thread:
 java.base/jdk.internal.misc.Unsafe.park(Native Method)
 java.base/java.util.concurrent.locks.LockSupport.parkNanos(LockSupport.java:269)
 java.base/java.util.concurrent.locks.AbstractQueuedSynchronizer$ConditionObject.await(AbstractQueuedSynchronizer.java:1847)
 java.base/java.lang.ref.ReferenceQueue.await(ReferenceQueue.java:71)
 java.base/java.lang.ref.ReferenceQueue.remove0(ReferenceQueue.java:143)
 java.base/java.lang.ref.ReferenceQueue.remove(ReferenceQueue.java:218)
 com.mysql.cj.jdbc.AbandonedConnectionCleanupThread.run(AbandonedConnectionCleanupThread.java:93)
 java.base/java.util.concurrent.ThreadPoolExecutor.runWorker(ThreadPoolExecutor.java:1144)
 java.base/java.util.concurrent.ThreadPoolExecutor$Worker.run(ThreadPoolExecutor.java:642)
 java.base/java.lang.Thread.run(Thread.java:1583)
06-Sep-2026 01:02:35.851 WARNING [main] org.apache.catalina.loader.WebappClassLoaderBase.clearReferencesThreads The web application [jpa02] appears to have started a thread named [Hibernate Connection Pool Validation Thread] but has failed to stop it. This is very likely to create a memory leak. Stack trace of thread:
 java.base/jdk.internal.misc.Unsafe.park(Native Method)
 java.base/java.util.concurrent.locks.LockSupport.parkNanos(LockSupport.java:269)
 java.base/java.util.concurrent.locks.AbstractQueuedSynchronizer$ConditionObject.awaitNanos(AbstractQueuedSynchronizer.java:1758)
 java.base/java.util.concurrent.ScheduledThreadPoolExecutor$DelayedWorkQueue.take(ScheduledThreadPoolExecutor.java:1182)
 java.base/java.util.concurrent.ScheduledThreadPoolExecutor$DelayedWorkQueue.take(ScheduledThreadPoolExecutor.java:899)
 java.base/java.util.concurrent.ThreadPoolExecutor.getTask(ThreadPoolExecutor.java:1070)
 java.base/java.util.concurrent.ThreadPoolExecutor.runWorker(ThreadPoolExecutor.java:1130)
 java.base/java.util.concurrent.ThreadPoolExecutor$Worker.run(ThreadPoolExecutor.java:642)
 java.base/java.lang.Thread.run(Thread.java:1583)
06-Sep-2026 01:02:35.851 WARNING [main] org.apache.catalina.loader.WebappClassLoaderBase.clearReferencesThreads The web application [jpa02] appears to have started a thread named [Hibernate Connection Pool Validation Thread] but has failed to stop it. This is very likely to create a memory leak. Stack trace of thread:
 java.base/jdk.internal.misc.Unsafe.park(Native Method)
 java.base/java.util.concurrent.locks.LockSupport.parkNanos(LockSupport.java:269)
 java.base/java.util.concurrent.locks.AbstractQueuedSynchronizer$ConditionObject.awaitNanos(AbstractQueuedSynchronizer.java:1758)
 java.base/java.util.concurrent.ScheduledThreadPoolExecutor$DelayedWorkQueue.take(ScheduledThreadPoolExecutor.java:1182)
 java.base/java.util.concurrent.ScheduledThreadPoolExecutor$DelayedWorkQueue.take(ScheduledThreadPoolExecutor.java:899)
 java.base/java.util.concurrent.ThreadPoolExecutor.getTask(ThreadPoolExecutor.java:1070)
 java.base/java.util.concurrent.ThreadPoolExecutor.runWorker(ThreadPoolExecutor.java:1130)
 java.base/java.util.concurrent.ThreadPoolExecutor$Worker.run(ThreadPoolExecutor.java:642)
 java.base/java.lang.Thread.run(Thread.java:1583)
06-Sep-2026 01:02:35.852 WARNING [main] org.apache.catalina.loader.WebappClassLoaderBase.clearReferencesThreads The web application [jpa02] appears to have started a thread named [Hibernate Connection Pool Validation Thread] but has failed to stop it. This is very likely to create a memory leak. Stack trace of thread:
 java.base/jdk.internal.misc.Unsafe.park(Native Method)
 java.base/java.util.concurrent.locks.LockSupport.parkNanos(LockSupport.java:269)
 java.base/java.util.concurrent.locks.AbstractQueuedSynchronizer$ConditionObject.awaitNanos(AbstractQueuedSynchronizer.java:1758)
 java.base/java.util.concurrent.ScheduledThreadPoolExecutor$DelayedWorkQueue.take(ScheduledThreadPoolExecutor.java:1182)
 java.base/java.util.concurrent.ScheduledThreadPoolExecutor$DelayedWorkQueue.take(ScheduledThreadPoolExecutor.java:899)
 java.base/java.util.concurrent.ThreadPoolExecutor.getTask(ThreadPoolExecutor.java:1070)
 java.base/java.util.concurrent.ThreadPoolExecutor.runWorker(ThreadPoolExecutor.java:1130)
 java.base/java.util.concurrent.ThreadPoolExecutor$Worker.run(ThreadPoolExecutor.java:642)
 java.base/java.lang.Thread.run(Thread.java:1583)
06-Sep-2026 01:02:35.852 WARNING [main] org.apache.catalina.loader.WebappClassLoaderBase.clearReferencesThreads The web application [jpa02] appears to have started a thread named [Hibernate Connection Pool Validation Thread] but has failed to stop it. This is very likely to create a memory leak. Stack trace of thread:
 java.base/jdk.internal.misc.Unsafe.park(Native Method)
 java.base/java.util.concurrent.locks.LockSupport.parkNanos(LockSupport.java:269)
 java.base/java.util.concurrent.locks.AbstractQueuedSynchronizer$ConditionObject.awaitNanos(AbstractQueuedSynchronizer.java:1758)
 java.base/java.util.concurrent.ScheduledThreadPoolExecutor$DelayedWorkQueue.take(ScheduledThreadPoolExecutor.java:1182)
 java.base/java.util.concurrent.ScheduledThreadPoolExecutor$DelayedWorkQueue.take(ScheduledThreadPoolExecutor.java:899)
 java.base/java.util.concurrent.ThreadPoolExecutor.getTask(ThreadPoolExecutor.java:1070)
 java.base/java.util.concurrent.ThreadPoolExecutor.runWorker(ThreadPoolExecutor.java:1130)
 java.base/java.util.concurrent.ThreadPoolExecutor$Worker.run(ThreadPoolExecutor.java:642)
 java.base/java.lang.Thread.run(Thread.java:1583)
06-Sep-2026 01:02:35.852 WARNING [main] org.apache.catalina.loader.WebappClassLoaderBase.clearReferencesThreads The web application [jpa02] appears to have started a thread named [Hibernate Connection Pool Validation Thread] but has failed to stop it. This is very likely to create a memory leak. Stack trace of thread:
 java.base/jdk.internal.misc.Unsafe.park(Native Method)
 java.base/java.util.concurrent.locks.LockSupport.parkNanos(LockSupport.java:269)
 java.base/java.util.concurrent.locks.AbstractQueuedSynchronizer$ConditionObject.awaitNanos(AbstractQueuedSynchronizer.java:1758)
 java.base/java.util.concurrent.ScheduledThreadPoolExecutor$DelayedWorkQueue.take(ScheduledThreadPoolExecutor.java:1182)
 java.base/java.util.concurrent.ScheduledThreadPoolExecutor$DelayedWorkQueue.take(ScheduledThreadPoolExecutor.java:899)
 java.base/java.util.concurrent.ThreadPoolExecutor.getTask(ThreadPoolExecutor.java:1070)
 java.base/java.util.concurrent.ThreadPoolExecutor.runWorker(ThreadPoolExecutor.java:1130)
 java.base/java.util.concurrent.ThreadPoolExecutor$Worker.run(ThreadPoolExecutor.java:642)
 java.base/java.lang.Thread.run(Thread.java:1583)
06-Sep-2026 01:02:35.853 WARNING [main] org.apache.catalina.loader.WebappClassLoaderBase.clearReferencesThreads The web application [jpa02] appears to have started a thread named [Hibernate Connection Pool Validation Thread] but has failed to stop it. This is very likely to create a memory leak. Stack trace of thread:
 java.base/jdk.internal.misc.Unsafe.park(Native Method)
 java.base/java.util.concurrent.locks.LockSupport.parkNanos(LockSupport.java:269)
 java.base/java.util.concurrent.locks.AbstractQueuedSynchronizer$ConditionObject.awaitNanos(AbstractQueuedSynchronizer.java:1758)
 java.base/java.util.concurrent.ScheduledThreadPoolExecutor$DelayedWorkQueue.take(ScheduledThreadPoolExecutor.java:1182)
 java.base/java.util.concurrent.ScheduledThreadPoolExecutor$DelayedWorkQueue.take(ScheduledThreadPoolExecutor.java:899)
 java.base/java.util.concurrent.ThreadPoolExecutor.getTask(ThreadPoolExecutor.java:1070)
 java.base/java.util.concurrent.ThreadPoolExecutor.runWorker(ThreadPoolExecutor.java:1130)
 java.base/java.util.concurrent.ThreadPoolExecutor$Worker.run(ThreadPoolExecutor.java:642)
 java.base/java.lang.Thread.run(Thread.java:1583)
06-Sep-2026 01:02:35.853 WARNING [main] org.apache.catalina.loader.WebappClassLoaderBase.clearReferencesThreads The web application [jpa02] appears to have started a thread named [Hibernate Connection Pool Validation Thread] but has failed to stop it. This is very likely to create a memory leak. Stack trace of thread:
 java.base/jdk.internal.misc.Unsafe.park(Native Method)
 java.base/java.util.concurrent.locks.LockSupport.parkNanos(LockSupport.java:269)
 java.base/java.util.concurrent.locks.AbstractQueuedSynchronizer$ConditionObject.awaitNanos(AbstractQueuedSynchronizer.java:1758)
 java.base/java.util.concurrent.ScheduledThreadPoolExecutor$DelayedWorkQueue.take(ScheduledThreadPoolExecutor.java:1182)
 java.base/java.util.concurrent.ScheduledThreadPoolExecutor$DelayedWorkQueue.take(ScheduledThreadPoolExecutor.java:899)
 java.base/java.util.concurrent.ThreadPoolExecutor.getTask(ThreadPoolExecutor.java:1070)
 java.base/java.util.concurrent.ThreadPoolExecutor.runWorker(ThreadPoolExecutor.java:1130)
 java.base/java.util.concurrent.ThreadPoolExecutor$Worker.run(ThreadPoolExecutor.java:642)
 java.base/java.lang.Thread.run(Thread.java:1583)
06-Sep-2026 01:02:35.853 WARNING [main] org.apache.catalina.loader.WebappClassLoaderBase.clearReferencesThreads The web application [jpa02] appears to have started a thread named [Hibernate Connection Pool Validation Thread] but has failed to stop it. This is very likely to create a memory leak. Stack trace of thread:
 java.base/jdk.internal.misc.Unsafe.park(Native Method)
 java.base/java.util.concurrent.locks.LockSupport.parkNanos(LockSupport.java:269)
 java.base/java.util.concurrent.locks.AbstractQueuedSynchronizer$ConditionObject.awaitNanos(AbstractQueuedSynchronizer.java:1758)
 java.base/java.util.concurrent.ScheduledThreadPoolExecutor$DelayedWorkQueue.take(ScheduledThreadPoolExecutor.java:1182)
 java.base/java.util.concurrent.ScheduledThreadPoolExecutor$DelayedWorkQueue.take(ScheduledThreadPoolExecutor.java:899)
 java.base/java.util.concurrent.ThreadPoolExecutor.getTask(ThreadPoolExecutor.java:1070)
 java.base/java.util.concurrent.ThreadPoolExecutor.runWorker(ThreadPoolExecutor.java:1130)
 java.base/java.util.concurrent.ThreadPoolExecutor$Worker.run(ThreadPoolExecutor.java:642)
 java.base/java.lang.Thread.run(Thread.java:1583)
06-Sep-2026 01:02:35.854 WARNING [main] org.apache.catalina.loader.WebappClassLoaderBase.clearReferencesThreads The web application [jpa02] appears to have started a thread named [Hibernate Connection Pool Validation Thread] but has failed to stop it. This is very likely to create a memory leak. Stack trace of thread:
 java.base/jdk.internal.misc.Unsafe.park(Native Method)
 java.base/java.util.concurrent.locks.LockSupport.parkNanos(LockSupport.java:269)
 java.base/java.util.concurrent.locks.AbstractQueuedSynchronizer$ConditionObject.awaitNanos(AbstractQueuedSynchronizer.java:1758)
 java.base/java.util.concurrent.ScheduledThreadPoolExecutor$DelayedWorkQueue.take(ScheduledThreadPoolExecutor.java:1182)
 java.base/java.util.concurrent.ScheduledThreadPoolExecutor$DelayedWorkQueue.take(ScheduledThreadPoolExecutor.java:899)
 java.base/java.util.concurrent.ThreadPoolExecutor.getTask(ThreadPoolExecutor.java:1070)
 java.base/java.util.concurrent.ThreadPoolExecutor.runWorker(ThreadPoolExecutor.java:1130)
 java.base/java.util.concurrent.ThreadPoolExecutor$Worker.run(ThreadPoolExecutor.java:642)
 java.base/java.lang.Thread.run(Thread.java:1583)
06-Sep-2026 01:02:35.854 WARNING [main] org.apache.catalina.loader.WebappClassLoaderBase.clearReferencesThreads The web application [jpa02] appears to have started a thread named [Hibernate Connection Pool Validation Thread] but has failed to stop it. This is very likely to create a memory leak. Stack trace of thread:
 java.base/jdk.internal.misc.Unsafe.park(Native Method)
 java.base/java.util.concurrent.locks.LockSupport.parkNanos(LockSupport.java:269)
 java.base/java.util.concurrent.locks.AbstractQueuedSynchronizer$ConditionObject.awaitNanos(AbstractQueuedSynchronizer.java:1758)
 java.base/java.util.concurrent.ScheduledThreadPoolExecutor$DelayedWorkQueue.take(ScheduledThreadPoolExecutor.java:1182)
 java.base/java.util.concurrent.ScheduledThreadPoolExecutor$DelayedWorkQueue.take(ScheduledThreadPoolExecutor.java:899)
 java.base/java.util.concurrent.ThreadPoolExecutor.getTask(ThreadPoolExecutor.java:1070)
 java.base/java.util.concurrent.ThreadPoolExecutor.runWorker(ThreadPoolExecutor.java:1130)
 java.base/java.util.concurrent.ThreadPoolExecutor$Worker.run(ThreadPoolExecutor.java:642)
 java.base/java.lang.Thread.run(Thread.java:1583)
06-Sep-2026 01:02:35.854 WARNING [main] org.apache.catalina.loader.WebappClassLoaderBase.clearReferencesThreads The web application [jpa02] appears to have started a thread named [Hibernate Connection Pool Validation Thread] but has failed to stop it. This is very likely to create a memory leak. Stack trace of thread:
 java.base/jdk.internal.misc.Unsafe.park(Native Method)
 java.base/java.util.concurrent.locks.LockSupport.parkNanos(LockSupport.java:269)
 java.base/java.util.concurrent.locks.AbstractQueuedSynchronizer$ConditionObject.awaitNanos(AbstractQueuedSynchronizer.java:1758)
 java.base/java.util.concurrent.ScheduledThreadPoolExecutor$DelayedWorkQueue.take(ScheduledThreadPoolExecutor.java:1182)
 java.base/java.util.concurrent.ScheduledThreadPoolExecutor$DelayedWorkQueue.take(ScheduledThreadPoolExecutor.java:899)
 java.base/java.util.concurrent.ThreadPoolExecutor.getTask(ThreadPoolExecutor.java:1070)
 java.base/java.util.concurrent.ThreadPoolExecutor.runWorker(ThreadPoolExecutor.java:1130)
 java.base/java.util.concurrent.ThreadPoolExecutor$Worker.run(ThreadPoolExecutor.java:642)
 java.base/java.lang.Thread.run(Thread.java:1583)
06-Sep-2026 01:02:35.854 WARNING [main] org.apache.catalina.loader.WebappClassLoaderBase.clearReferencesThreads The web application [jpa02] appears to have started a thread named [Hibernate Connection Pool Validation Thread] but has failed to stop it. This is very likely to create a memory leak. Stack trace of thread:
 java.base/jdk.internal.misc.Unsafe.park(Native Method)
 java.base/java.util.concurrent.locks.LockSupport.parkNanos(LockSupport.java:269)
 java.base/java.util.concurrent.locks.AbstractQueuedSynchronizer$ConditionObject.awaitNanos(AbstractQueuedSynchronizer.java:1758)
 java.base/java.util.concurrent.ScheduledThreadPoolExecutor$DelayedWorkQueue.take(ScheduledThreadPoolExecutor.java:1182)
 java.base/java.util.concurrent.ScheduledThreadPoolExecutor$DelayedWorkQueue.take(ScheduledThreadPoolExecutor.java:899)
 java.base/java.util.concurrent.ThreadPoolExecutor.getTask(ThreadPoolExecutor.java:1070)
 java.base/java.util.concurrent.ThreadPoolExecutor.runWorker(ThreadPoolExecutor.java:1130)
 java.base/java.util.concurrent.ThreadPoolExecutor$Worker.run(ThreadPoolExecutor.java:642)
 java.base/java.lang.Thread.run(Thread.java:1583)
06-Sep-2026 01:02:35.855 WARNING [main] org.apache.catalina.loader.WebappClassLoaderBase.clearReferencesThreads The web application [jpa02] appears to have started a thread named [Hibernate Connection Pool Validation Thread] but has failed to stop it. This is very likely to create a memory leak. Stack trace of thread:
 java.base/jdk.internal.misc.Unsafe.park(Native Method)
 java.base/java.util.concurrent.locks.LockSupport.parkNanos(LockSupport.java:269)
 java.base/java.util.concurrent.locks.AbstractQueuedSynchronizer$ConditionObject.awaitNanos(AbstractQueuedSynchronizer.java:1758)
 java.base/java.util.concurrent.ScheduledThreadPoolExecutor$DelayedWorkQueue.take(ScheduledThreadPoolExecutor.java:1182)
 java.base/java.util.concurrent.ScheduledThreadPoolExecutor$DelayedWorkQueue.take(ScheduledThreadPoolExecutor.java:899)
 java.base/java.util.concurrent.ThreadPoolExecutor.getTask(ThreadPoolExecutor.java:1070)
 java.base/java.util.concurrent.ThreadPoolExecutor.runWorker(ThreadPoolExecutor.java:1130)
 java.base/java.util.concurrent.ThreadPoolExecutor$Worker.run(ThreadPoolExecutor.java:642)
 java.base/java.lang.Thread.run(Thread.java:1583)
06-Sep-2026 01:02:35.855 WARNING [main] org.apache.catalina.loader.WebappClassLoaderBase.clearReferencesThreads The web application [jpa02] appears to have started a thread named [Hibernate Connection Pool Validation Thread] but has failed to stop it. This is very likely to create a memory leak. Stack trace of thread:
 java.base/jdk.internal.misc.Unsafe.park(Native Method)
 java.base/java.util.concurrent.locks.LockSupport.parkNanos(LockSupport.java:269)
 java.base/java.util.concurrent.locks.AbstractQueuedSynchronizer$ConditionObject.awaitNanos(AbstractQueuedSynchronizer.java:1758)
 java.base/java.util.concurrent.ScheduledThreadPoolExecutor$DelayedWorkQueue.take(ScheduledThreadPoolExecutor.java:1182)
 java.base/java.util.concurrent.ScheduledThreadPoolExecutor$DelayedWorkQueue.take(ScheduledThreadPoolExecutor.java:899)
 java.base/java.util.concurrent.ThreadPoolExecutor.getTask(ThreadPoolExecutor.java:1070)
 java.base/java.util.concurrent.ThreadPoolExecutor.runWorker(ThreadPoolExecutor.java:1130)
 java.base/java.util.concurrent.ThreadPoolExecutor$Worker.run(ThreadPoolExecutor.java:642)
 java.base/java.lang.Thread.run(Thread.java:1583)
06-Sep-2026 01:02:35.855 WARNING [main] org.apache.catalina.loader.WebappClassLoaderBase.clearReferencesThreads The web application [jpa02] appears to have started a thread named [Hibernate Connection Pool Validation Thread] but has failed to stop it. This is very likely to create a memory leak. Stack trace of thread:
 java.base/jdk.internal.misc.Unsafe.park(Native Method)
 java.base/java.util.concurrent.locks.LockSupport.parkNanos(LockSupport.java:269)
 java.base/java.util.concurrent.locks.AbstractQueuedSynchronizer$ConditionObject.awaitNanos(AbstractQueuedSynchronizer.java:1758)
 java.base/java.util.concurrent.ScheduledThreadPoolExecutor$DelayedWorkQueue.take(ScheduledThreadPoolExecutor.java:1182)
 java.base/java.util.concurrent.ScheduledThreadPoolExecutor$DelayedWorkQueue.take(ScheduledThreadPoolExecutor.java:899)
 java.base/java.util.concurrent.ThreadPoolExecutor.getTask(ThreadPoolExecutor.java:1070)
 java.base/java.util.concurrent.ThreadPoolExecutor.runWorker(ThreadPoolExecutor.java:1130)
 java.base/java.util.concurrent.ThreadPoolExecutor$Worker.run(ThreadPoolExecutor.java:642)
 java.base/java.lang.Thread.run(Thread.java:1583)
06-Sep-2026 01:02:35.856 WARNING [main] org.apache.catalina.loader.WebappClassLoaderBase.clearReferencesThreads The web application [jpa02] appears to have started a thread named [Hibernate Connection Pool Validation Thread] but has failed to stop it. This is very likely to create a memory leak. Stack trace of thread:
 java.base/jdk.internal.misc.Unsafe.park(Native Method)
 java.base/java.util.concurrent.locks.LockSupport.parkNanos(LockSupport.java:269)
 java.base/java.util.concurrent.locks.AbstractQueuedSynchronizer$ConditionObject.awaitNanos(AbstractQueuedSynchronizer.java:1758)
 java.base/java.util.concurrent.ScheduledThreadPoolExecutor$DelayedWorkQueue.take(ScheduledThreadPoolExecutor.java:1182)
 java.base/java.util.concurrent.ScheduledThreadPoolExecutor$DelayedWorkQueue.take(ScheduledThreadPoolExecutor.java:899)
 java.base/java.util.concurrent.ThreadPoolExecutor.getTask(ThreadPoolExecutor.java:1070)
 java.base/java.util.concurrent.ThreadPoolExecutor.runWorker(ThreadPoolExecutor.java:1130)
 java.base/java.util.concurrent.ThreadPoolExecutor$Worker.run(ThreadPoolExecutor.java:642)
 java.base/java.lang.Thread.run(Thread.java:1583)
06-Sep-2026 01:02:35.856 WARNING [main] org.apache.catalina.loader.WebappClassLoaderBase.clearReferencesThreads The web application [jpa02] appears to have started a thread named [Hibernate Connection Pool Validation Thread] but has failed to stop it. This is very likely to create a memory leak. Stack trace of thread:
 java.base/jdk.internal.misc.Unsafe.park(Native Method)
 java.base/java.util.concurrent.locks.LockSupport.parkNanos(LockSupport.java:269)
 java.base/java.util.concurrent.locks.AbstractQueuedSynchronizer$ConditionObject.awaitNanos(AbstractQueuedSynchronizer.java:1758)
 java.base/java.util.concurrent.ScheduledThreadPoolExecutor$DelayedWorkQueue.take(ScheduledThreadPoolExecutor.java:1182)
 java.base/java.util.concurrent.ScheduledThreadPoolExecutor$DelayedWorkQueue.take(ScheduledThreadPoolExecutor.java:899)
 java.base/java.util.concurrent.ThreadPoolExecutor.getTask(ThreadPoolExecutor.java:1070)
 java.base/java.util.concurrent.ThreadPoolExecutor.runWorker(ThreadPoolExecutor.java:1130)
 java.base/java.util.concurrent.ThreadPoolExecutor$Worker.run(ThreadPoolExecutor.java:642)
 java.base/java.lang.Thread.run(Thread.java:1583)
06-Sep-2026 01:02:35.856 WARNING [main] org.apache.catalina.loader.WebappClassLoaderBase.clearReferencesThreads The web application [jpa02] appears to have started a thread named [Hibernate Connection Pool Validation Thread] but has failed to stop it. This is very likely to create a memory leak. Stack trace of thread:
 java.base/jdk.internal.misc.Unsafe.park(Native Method)
 java.base/java.util.concurrent.locks.LockSupport.parkNanos(LockSupport.java:269)
 java.base/java.util.concurrent.locks.AbstractQueuedSynchronizer$ConditionObject.awaitNanos(AbstractQueuedSynchronizer.java:1758)
 java.base/java.util.concurrent.ScheduledThreadPoolExecutor$DelayedWorkQueue.take(ScheduledThreadPoolExecutor.java:1182)
 java.base/java.util.concurrent.ScheduledThreadPoolExecutor$DelayedWorkQueue.take(ScheduledThreadPoolExecutor.java:899)
 java.base/java.util.concurrent.ThreadPoolExecutor.getTask(ThreadPoolExecutor.java:1070)
 java.base/java.util.concurrent.ThreadPoolExecutor.runWorker(ThreadPoolExecutor.java:1130)
 java.base/java.util.concurrent.ThreadPoolExecutor$Worker.run(ThreadPoolExecutor.java:642)
 java.base/java.lang.Thread.run(Thread.java:1583)
06-Sep-2026 01:02:35.856 WARNING [main] org.apache.catalina.loader.WebappClassLoaderBase.clearReferencesThreads The web application [jpa02] appears to have started a thread named [Hibernate Connection Pool Validation Thread] but has failed to stop it. This is very likely to create a memory leak. Stack trace of thread:
 java.base/jdk.internal.misc.Unsafe.park(Native Method)
 java.base/java.util.concurrent.locks.LockSupport.parkNanos(LockSupport.java:269)
 java.base/java.util.concurrent.locks.AbstractQueuedSynchronizer$ConditionObject.awaitNanos(AbstractQueuedSynchronizer.java:1758)
 java.base/java.util.concurrent.ScheduledThreadPoolExecutor$DelayedWorkQueue.take(ScheduledThreadPoolExecutor.java:1182)
 java.base/java.util.concurrent.ScheduledThreadPoolExecutor$DelayedWorkQueue.take(ScheduledThreadPoolExecutor.java:899)
 java.base/java.util.concurrent.ThreadPoolExecutor.getTask(ThreadPoolExecutor.java:1070)
 java.base/java.util.concurrent.ThreadPoolExecutor.runWorker(ThreadPoolExecutor.java:1130)
 java.base/java.util.concurrent.ThreadPoolExecutor$Worker.run(ThreadPoolExecutor.java:642)
 java.base/java.lang.Thread.run(Thread.java:1583)
06-Sep-2026 01:02:35.856 WARNING [main] org.apache.catalina.loader.WebappClassLoaderBase.clearReferencesThreads The web application [jpa02] appears to have started a thread named [Hibernate Connection Pool Validation Thread] but has failed to stop it. This is very likely to create a memory leak. Stack trace of thread:
 java.base/jdk.internal.misc.Unsafe.park(Native Method)
 java.base/java.util.concurrent.locks.LockSupport.parkNanos(LockSupport.java:269)
 java.base/java.util.concurrent.locks.AbstractQueuedSynchronizer$ConditionObject.awaitNanos(AbstractQueuedSynchronizer.java:1758)
 java.base/java.util.concurrent.ScheduledThreadPoolExecutor$DelayedWorkQueue.take(ScheduledThreadPoolExecutor.java:1182)
 java.base/java.util.concurrent.ScheduledThreadPoolExecutor$DelayedWorkQueue.take(ScheduledThreadPoolExecutor.java:899)
 java.base/java.util.concurrent.ThreadPoolExecutor.getTask(ThreadPoolExecutor.java:1070)
 java.base/java.util.concurrent.ThreadPoolExecutor.runWorker(ThreadPoolExecutor.java:1130)
 java.base/java.util.concurrent.ThreadPoolExecutor$Worker.run(ThreadPoolExecutor.java:642)
 java.base/java.lang.Thread.run(Thread.java:1583)
06-Sep-2026 01:02:35.856 WARNING [main] org.apache.catalina.loader.WebappClassLoaderBase.clearReferencesThreads The web application [jpa02] appears to have started a thread named [Hibernate Connection Pool Validation Thread] but has failed to stop it. This is very likely to create a memory leak. Stack trace of thread:
 java.base/jdk.internal.misc.Unsafe.park(Native Method)
 java.base/java.util.concurrent.locks.LockSupport.parkNanos(LockSupport.java:269)
 java.base/java.util.concurrent.locks.AbstractQueuedSynchronizer$ConditionObject.awaitNanos(AbstractQueuedSynchronizer.java:1758)
 java.base/java.util.concurrent.ScheduledThreadPoolExecutor$DelayedWorkQueue.take(ScheduledThreadPoolExecutor.java:1182)
 java.base/java.util.concurrent.ScheduledThreadPoolExecutor$DelayedWorkQueue.take(ScheduledThreadPoolExecutor.java:899)
 java.base/java.util.concurrent.ThreadPoolExecutor.getTask(ThreadPoolExecutor.java:1070)
 java.base/java.util.concurrent.ThreadPoolExecutor.runWorker(ThreadPoolExecutor.java:1130)
 java.base/java.util.concurrent.ThreadPoolExecutor$Worker.run(ThreadPoolExecutor.java:642)
 java.base/java.lang.Thread.run(Thread.java:1583)
06-Sep-2026 01:02:35.857 WARNING [main] org.apache.catalina.loader.WebappClassLoaderBase.clearReferencesThreads The web application [jpa02] appears to have started a thread named [Hibernate Connection Pool Validation Thread] but has failed to stop it. This is very likely to create a memory leak. Stack trace of thread:
 java.base/jdk.internal.misc.Unsafe.park(Native Method)
 java.base/java.util.concurrent.locks.LockSupport.parkNanos(LockSupport.java:269)
 java.base/java.util.concurrent.locks.AbstractQueuedSynchronizer$ConditionObject.awaitNanos(AbstractQueuedSynchronizer.java:1758)
 java.base/java.util.concurrent.ScheduledThreadPoolExecutor$DelayedWorkQueue.take(ScheduledThreadPoolExecutor.java:1182)
 java.base/java.util.concurrent.ScheduledThreadPoolExecutor$DelayedWorkQueue.take(ScheduledThreadPoolExecutor.java:899)
 java.base/java.util.concurrent.ThreadPoolExecutor.getTask(ThreadPoolExecutor.java:1070)
 java.base/java.util.concurrent.ThreadPoolExecutor.runWorker(ThreadPoolExecutor.java:1130)
 java.base/java.util.concurrent.ThreadPoolExecutor$Worker.run(ThreadPoolExecutor.java:642)
 java.base/java.lang.Thread.run(Thread.java:1583)
06-Sep-2026 01:02:35.857 WARNING [main] org.apache.catalina.loader.WebappClassLoaderBase.clearReferencesThreads The web application [jpa02] appears to have started a thread named [Hibernate Connection Pool Validation Thread] but has failed to stop it. This is very likely to create a memory leak. Stack trace of thread:
 java.base/jdk.internal.misc.Unsafe.park(Native Method)
 java.base/java.util.concurrent.locks.LockSupport.parkNanos(LockSupport.java:269)
 java.base/java.util.concurrent.locks.AbstractQueuedSynchronizer$ConditionObject.awaitNanos(AbstractQueuedSynchronizer.java:1758)
 java.base/java.util.concurrent.ScheduledThreadPoolExecutor$DelayedWorkQueue.take(ScheduledThreadPoolExecutor.java:1182)
 java.base/java.util.concurrent.ScheduledThreadPoolExecutor$DelayedWorkQueue.take(ScheduledThreadPoolExecutor.java:899)
 java.base/java.util.concurrent.ThreadPoolExecutor.getTask(ThreadPoolExecutor.java:1070)
 java.base/java.util.concurrent.ThreadPoolExecutor.runWorker(ThreadPoolExecutor.java:1130)
 java.base/java.util.concurrent.ThreadPoolExecutor$Worker.run(ThreadPoolExecutor.java:642)
 java.base/java.lang.Thread.run(Thread.java:1583)
06-Sep-2026 01:02:35.857 WARNING [main] org.apache.catalina.loader.WebappClassLoaderBase.clearReferencesThreads The web application [jpa02] appears to have started a thread named [Hibernate Connection Pool Validation Thread] but has failed to stop it. This is very likely to create a memory leak. Stack trace of thread:
 java.base/jdk.internal.misc.Unsafe.park(Native Method)
 java.base/java.util.concurrent.locks.LockSupport.parkNanos(LockSupport.java:269)
 java.base/java.util.concurrent.locks.AbstractQueuedSynchronizer$ConditionObject.awaitNanos(AbstractQueuedSynchronizer.java:1758)
 java.base/java.util.concurrent.ScheduledThreadPoolExecutor$DelayedWorkQueue.take(ScheduledThreadPoolExecutor.java:1182)
 java.base/java.util.concurrent.ScheduledThreadPoolExecutor$DelayedWorkQueue.take(ScheduledThreadPoolExecutor.java:899)
 java.base/java.util.concurrent.ThreadPoolExecutor.getTask(ThreadPoolExecutor.java:1070)
 java.base/java.util.concurrent.ThreadPoolExecutor.runWorker(ThreadPoolExecutor.java:1130)
 java.base/java.util.concurrent.ThreadPoolExecutor$Worker.run(ThreadPoolExecutor.java:642)
 java.base/java.lang.Thread.run(Thread.java:1583)
06-Sep-2026 01:02:35.857 WARNING [main] org.apache.catalina.loader.WebappClassLoaderBase.clearReferencesThreads The web application [jpa02] appears to have started a thread named [Hibernate Connection Pool Validation Thread] but has failed to stop it. This is very likely to create a memory leak. Stack trace of thread:
 java.base/jdk.internal.misc.Unsafe.park(Native Method)
 java.base/java.util.concurrent.locks.LockSupport.parkNanos(LockSupport.java:269)
 java.base/java.util.concurrent.locks.AbstractQueuedSynchronizer$ConditionObject.awaitNanos(AbstractQueuedSynchronizer.java:1758)
 java.base/java.util.concurrent.ScheduledThreadPoolExecutor$DelayedWorkQueue.take(ScheduledThreadPoolExecutor.java:1182)
 java.base/java.util.concurrent.ScheduledThreadPoolExecutor$DelayedWorkQueue.take(ScheduledThreadPoolExecutor.java:899)
 java.base/java.util.concurrent.ThreadPoolExecutor.getTask(ThreadPoolExecutor.java:1070)
 java.base/java.util.concurrent.ThreadPoolExecutor.runWorker(ThreadPoolExecutor.java:1130)
 java.base/java.util.concurrent.ThreadPoolExecutor$Worker.run(ThreadPoolExecutor.java:642)
 java.base/java.lang.Thread.run(Thread.java:1583)
06-Sep-2026 01:02:35.857 WARNING [main] org.apache.catalina.loader.WebappClassLoaderBase.clearReferencesThreads The web application [jpa02] appears to have started a thread named [Hibernate Connection Pool Validation Thread] but has failed to stop it. This is very likely to create a memory leak. Stack trace of thread:
 java.base/jdk.internal.misc.Unsafe.park(Native Method)
 java.base/java.util.concurrent.locks.LockSupport.parkNanos(LockSupport.java:269)
 java.base/java.util.concurrent.locks.AbstractQueuedSynchronizer$ConditionObject.awaitNanos(AbstractQueuedSynchronizer.java:1758)
 java.base/java.util.concurrent.ScheduledThreadPoolExecutor$DelayedWorkQueue.take(ScheduledThreadPoolExecutor.java:1182)
 java.base/java.util.concurrent.ScheduledThreadPoolExecutor$DelayedWorkQueue.take(ScheduledThreadPoolExecutor.java:899)
 java.base/java.util.concurrent.ThreadPoolExecutor.getTask(ThreadPoolExecutor.java:1070)
 java.base/java.util.concurrent.ThreadPoolExecutor.runWorker(ThreadPoolExecutor.java:1130)
 java.base/java.util.concurrent.ThreadPoolExecutor$Worker.run(ThreadPoolExecutor.java:642)
 java.base/java.lang.Thread.run(Thread.java:1583)
06-Sep-2026 01:02:35.858 WARNING [main] org.apache.catalina.loader.WebappClassLoaderBase.clearReferencesThreads The web application [jpa02] appears to have started a thread named [Hibernate Connection Pool Validation Thread] but has failed to stop it. This is very likely to create a memory leak. Stack trace of thread:
 java.base/jdk.internal.misc.Unsafe.park(Native Method)
 java.base/java.util.concurrent.locks.LockSupport.parkNanos(LockSupport.java:269)
 java.base/java.util.concurrent.locks.AbstractQueuedSynchronizer$ConditionObject.awaitNanos(AbstractQueuedSynchronizer.java:1758)
 java.base/java.util.concurrent.ScheduledThreadPoolExecutor$DelayedWorkQueue.take(ScheduledThreadPoolExecutor.java:1182)
 java.base/java.util.concurrent.ScheduledThreadPoolExecutor$DelayedWorkQueue.take(ScheduledThreadPoolExecutor.java:899)
 java.base/java.util.concurrent.ThreadPoolExecutor.getTask(ThreadPoolExecutor.java:1070)
 java.base/java.util.concurrent.ThreadPoolExecutor.runWorker(ThreadPoolExecutor.java:1130)
 java.base/java.util.concurrent.ThreadPoolExecutor$Worker.run(ThreadPoolExecutor.java:642)
 java.base/java.lang.Thread.run(Thread.java:1583)
06-Sep-2026 01:02:35.858 WARNING [main] org.apache.catalina.loader.WebappClassLoaderBase.clearReferencesThreads The web application [jpa02] appears to have started a thread named [Hibernate Connection Pool Validation Thread] but has failed to stop it. This is very likely to create a memory leak. Stack trace of thread:
 java.base/jdk.internal.misc.Unsafe.park(Native Method)
 java.base/java.util.concurrent.locks.LockSupport.parkNanos(LockSupport.java:269)
 java.base/java.util.concurrent.locks.AbstractQueuedSynchronizer$ConditionObject.awaitNanos(AbstractQueuedSynchronizer.java:1758)
 java.base/java.util.concurrent.ScheduledThreadPoolExecutor$DelayedWorkQueue.take(ScheduledThreadPoolExecutor.java:1182)
 java.base/java.util.concurrent.ScheduledThreadPoolExecutor$DelayedWorkQueue.take(ScheduledThreadPoolExecutor.java:899)
 java.base/java.util.concurrent.ThreadPoolExecutor.getTask(ThreadPoolExecutor.java:1070)
 java.base/java.util.concurrent.ThreadPoolExecutor.runWorker(ThreadPoolExecutor.java:1130)
 java.base/java.util.concurrent.ThreadPoolExecutor$Worker.run(ThreadPoolExecutor.java:642)
 java.base/java.lang.Thread.run(Thread.java:1583)
06-Sep-2026 01:02:35.858 WARNING [main] org.apache.catalina.loader.WebappClassLoaderBase.clearReferencesThreads The web application [jpa02] appears to have started a thread named [Hibernate Connection Pool Validation Thread] but has failed to stop it. This is very likely to create a memory leak. Stack trace of thread:
 java.base/jdk.internal.misc.Unsafe.park(Native Method)
 java.base/java.util.concurrent.locks.LockSupport.parkNanos(LockSupport.java:269)
 java.base/java.util.concurrent.locks.AbstractQueuedSynchronizer$ConditionObject.awaitNanos(AbstractQueuedSynchronizer.java:1758)
 java.base/java.util.concurrent.ScheduledThreadPoolExecutor$DelayedWorkQueue.take(ScheduledThreadPoolExecutor.java:1182)
 java.base/java.util.concurrent.ScheduledThreadPoolExecutor$DelayedWorkQueue.take(ScheduledThreadPoolExecutor.java:899)
 java.base/java.util.concurrent.ThreadPoolExecutor.getTask(ThreadPoolExecutor.java:1070)
 java.base/java.util.concurrent.ThreadPoolExecutor.runWorker(ThreadPoolExecutor.java:1130)
 java.base/java.util.concurrent.ThreadPoolExecutor$Worker.run(ThreadPoolExecutor.java:642)
 java.base/java.lang.Thread.run(Thread.java:1583)
06-Sep-2026 01:02:35.858 WARNING [main] org.apache.catalina.loader.WebappClassLoaderBase.clearReferencesThreads The web application [jpa02] appears to have started a thread named [Hibernate Connection Pool Validation Thread] but has failed to stop it. This is very likely to create a memory leak. Stack trace of thread:
 java.base/jdk.internal.misc.Unsafe.park(Native Method)
 java.base/java.util.concurrent.locks.LockSupport.parkNanos(LockSupport.java:269)
 java.base/java.util.concurrent.locks.AbstractQueuedSynchronizer$ConditionObject.awaitNanos(AbstractQueuedSynchronizer.java:1758)
 java.base/java.util.concurrent.ScheduledThreadPoolExecutor$DelayedWorkQueue.take(ScheduledThreadPoolExecutor.java:1182)
 java.base/java.util.concurrent.ScheduledThreadPoolExecutor$DelayedWorkQueue.take(ScheduledThreadPoolExecutor.java:899)
 java.base/java.util.concurrent.ThreadPoolExecutor.getTask(ThreadPoolExecutor.java:1070)
 java.base/java.util.concurrent.ThreadPoolExecutor.runWorker(ThreadPoolExecutor.java:1130)
 java.base/java.util.concurrent.ThreadPoolExecutor$Worker.run(ThreadPoolExecutor.java:642)
 java.base/java.lang.Thread.run(Thread.java:1583)
06-Sep-2026 01:02:35.858 WARNING [main] org.apache.catalina.loader.WebappClassLoaderBase.clearReferencesThreads The web application [jpa02] appears to have started a thread named [Hibernate Connection Pool Validation Thread] but has failed to stop it. This is very likely to create a memory leak. Stack trace of thread:
 java.base/jdk.internal.misc.Unsafe.park(Native Method)
 java.base/java.util.concurrent.locks.LockSupport.parkNanos(LockSupport.java:269)
 java.base/java.util.concurrent.locks.AbstractQueuedSynchronizer$ConditionObject.awaitNanos(AbstractQueuedSynchronizer.java:1758)
 java.base/java.util.concurrent.ScheduledThreadPoolExecutor$DelayedWorkQueue.take(ScheduledThreadPoolExecutor.java:1182)
 java.base/java.util.concurrent.ScheduledThreadPoolExecutor$DelayedWorkQueue.take(ScheduledThreadPoolExecutor.java:899)
 java.base/java.util.concurrent.ThreadPoolExecutor.getTask(ThreadPoolExecutor.java:1070)
 java.base/java.util.concurrent.ThreadPoolExecutor.runWorker(ThreadPoolExecutor.java:1130)
 java.base/java.util.concurrent.ThreadPoolExecutor$Worker.run(ThreadPoolExecutor.java:642)
 java.base/java.lang.Thread.run(Thread.java:1583)
06-Sep-2026 01:02:35.859 WARNING [main] org.apache.catalina.loader.WebappClassLoaderBase.clearReferencesThreads The web application [jpa02] appears to have started a thread named [Hibernate Connection Pool Validation Thread] but has failed to stop it. This is very likely to create a memory leak. Stack trace of thread:
 java.base/jdk.internal.misc.Unsafe.park(Native Method)
 java.base/java.util.concurrent.locks.LockSupport.parkNanos(LockSupport.java:269)
 java.base/java.util.concurrent.locks.AbstractQueuedSynchronizer$ConditionObject.awaitNanos(AbstractQueuedSynchronizer.java:1758)
 java.base/java.util.concurrent.ScheduledThreadPoolExecutor$DelayedWorkQueue.take(ScheduledThreadPoolExecutor.java:1182)
 java.base/java.util.concurrent.ScheduledThreadPoolExecutor$DelayedWorkQueue.take(ScheduledThreadPoolExecutor.java:899)
 java.base/java.util.concurrent.ThreadPoolExecutor.getTask(ThreadPoolExecutor.java:1070)
 java.base/java.util.concurrent.ThreadPoolExecutor.runWorker(ThreadPoolExecutor.java:1130)
 java.base/java.util.concurrent.ThreadPoolExecutor$Worker.run(ThreadPoolExecutor.java:642)
 java.base/java.lang.Thread.run(Thread.java:1583)
06-Sep-2026 01:02:35.859 WARNING [main] org.apache.catalina.loader.WebappClassLoaderBase.clearReferencesThreads The web application [jpa02] appears to have started a thread named [Hibernate Connection Pool Validation Thread] but has failed to stop it. This is very likely to create a memory leak. Stack trace of thread:
 java.base/jdk.internal.misc.Unsafe.park(Native Method)
 java.base/java.util.concurrent.locks.LockSupport.parkNanos(LockSupport.java:269)
 java.base/java.util.concurrent.locks.AbstractQueuedSynchronizer$ConditionObject.awaitNanos(AbstractQueuedSynchronizer.java:1758)
 java.base/java.util.concurrent.ScheduledThreadPoolExecutor$DelayedWorkQueue.take(ScheduledThreadPoolExecutor.java:1182)
 java.base/java.util.concurrent.ScheduledThreadPoolExecutor$DelayedWorkQueue.take(ScheduledThreadPoolExecutor.java:899)
 java.base/java.util.concurrent.ThreadPoolExecutor.getTask(ThreadPoolExecutor.java:1070)
 java.base/java.util.concurrent.ThreadPoolExecutor.runWorker(ThreadPoolExecutor.java:1130)
 java.base/java.util.concurrent.ThreadPoolExecutor$Worker.run(ThreadPoolExecutor.java:642)
 java.base/java.lang.Thread.run(Thread.java:1583)
06-Sep-2026 01:02:35.859 WARNING [main] org.apache.catalina.loader.WebappClassLoaderBase.clearReferencesThreads The web application [jpa02] appears to have started a thread named [Hibernate Connection Pool Validation Thread] but has failed to stop it. This is very likely to create a memory leak. Stack trace of thread:
 java.base/jdk.internal.misc.Unsafe.park(Native Method)
 java.base/java.util.concurrent.locks.LockSupport.parkNanos(LockSupport.java:269)
 java.base/java.util.concurrent.locks.AbstractQueuedSynchronizer$ConditionObject.awaitNanos(AbstractQueuedSynchronizer.java:1758)
 java.base/java.util.concurrent.ScheduledThreadPoolExecutor$DelayedWorkQueue.take(ScheduledThreadPoolExecutor.java:1182)
 java.base/java.util.concurrent.ScheduledThreadPoolExecutor$DelayedWorkQueue.take(ScheduledThreadPoolExecutor.java:899)
 java.base/java.util.concurrent.ThreadPoolExecutor.getTask(ThreadPoolExecutor.java:1070)
 java.base/java.util.concurrent.ThreadPoolExecutor.runWorker(ThreadPoolExecutor.java:1130)
 java.base/java.util.concurrent.ThreadPoolExecutor$Worker.run(ThreadPoolExecutor.java:642)
 java.base/java.lang.Thread.run(Thread.java:1583)
06-Sep-2026 01:02:35.860 WARNING [main] org.apache.catalina.loader.WebappClassLoaderBase.clearReferencesThreads The web application [jpa02] appears to have started a thread named [Hibernate Connection Pool Validation Thread] but has failed to stop it. This is very likely to create a memory leak. Stack trace of thread:
 java.base/jdk.internal.misc.Unsafe.park(Native Method)
 java.base/java.util.concurrent.locks.LockSupport.parkNanos(LockSupport.java:269)
 java.base/java.util.concurrent.locks.AbstractQueuedSynchronizer$ConditionObject.awaitNanos(AbstractQueuedSynchronizer.java:1758)
 java.base/java.util.concurrent.ScheduledThreadPoolExecutor$DelayedWorkQueue.take(ScheduledThreadPoolExecutor.java:1182)
 java.base/java.util.concurrent.ScheduledThreadPoolExecutor$DelayedWorkQueue.take(ScheduledThreadPoolExecutor.java:899)
 java.base/java.util.concurrent.ThreadPoolExecutor.getTask(ThreadPoolExecutor.java:1070)
 java.base/java.util.concurrent.ThreadPoolExecutor.runWorker(ThreadPoolExecutor.java:1130)
 java.base/java.util.concurrent.ThreadPoolExecutor$Worker.run(ThreadPoolExecutor.java:642)
 java.base/java.lang.Thread.run(Thread.java:1583)
06-Sep-2026 01:02:35.860 WARNING [main] org.apache.catalina.loader.WebappClassLoaderBase.clearReferencesThreads The web application [jpa02] appears to have started a thread named [Hibernate Connection Pool Validation Thread] but has failed to stop it. This is very likely to create a memory leak. Stack trace of thread:
 java.base/jdk.internal.misc.Unsafe.park(Native Method)
 java.base/java.util.concurrent.locks.LockSupport.parkNanos(LockSupport.java:269)
 java.base/java.util.concurrent.locks.AbstractQueuedSynchronizer$ConditionObject.awaitNanos(AbstractQueuedSynchronizer.java:1758)
 java.base/java.util.concurrent.ScheduledThreadPoolExecutor$DelayedWorkQueue.take(ScheduledThreadPoolExecutor.java:1182)
 java.base/java.util.concurrent.ScheduledThreadPoolExecutor$DelayedWorkQueue.take(ScheduledThreadPoolExecutor.java:899)
 java.base/java.util.concurrent.ThreadPoolExecutor.getTask(ThreadPoolExecutor.java:1070)
 java.base/java.util.concurrent.ThreadPoolExecutor.runWorker(ThreadPoolExecutor.java:1130)
 java.base/java.util.concurrent.ThreadPoolExecutor$Worker.run(ThreadPoolExecutor.java:642)
 java.base/java.lang.Thread.run(Thread.java:1583)
06-Sep-2026 01:02:35.860 WARNING [main] org.apache.catalina.loader.WebappClassLoaderBase.clearReferencesThreads The web application [jpa02] appears to have started a thread named [Hibernate Connection Pool Validation Thread] but has failed to stop it. This is very likely to create a memory leak. Stack trace of thread:
 java.base/jdk.internal.misc.Unsafe.park(Native Method)
 java.base/java.util.concurrent.locks.LockSupport.parkNanos(LockSupport.java:269)
 java.base/java.util.concurrent.locks.AbstractQueuedSynchronizer$ConditionObject.awaitNanos(AbstractQueuedSynchronizer.java:1758)
 java.base/java.util.concurrent.ScheduledThreadPoolExecutor$DelayedWorkQueue.take(ScheduledThreadPoolExecutor.java:1182)
 java.base/java.util.concurrent.ScheduledThreadPoolExecutor$DelayedWorkQueue.take(ScheduledThreadPoolExecutor.java:899)
 java.base/java.util.concurrent.ThreadPoolExecutor.getTask(ThreadPoolExecutor.java:1070)
 java.base/java.util.concurrent.ThreadPoolExecutor.runWorker(ThreadPoolExecutor.java:1130)
 java.base/java.util.concurrent.ThreadPoolExecutor$Worker.run(ThreadPoolExecutor.java:642)
 java.base/java.lang.Thread.run(Thread.java:1583)
06-Sep-2026 01:02:35.860 WARNING [main] org.apache.catalina.loader.WebappClassLoaderBase.clearReferencesThreads The web application [jpa02] appears to have started a thread named [Hibernate Connection Pool Validation Thread] but has failed to stop it. This is very likely to create a memory leak. Stack trace of thread:
 java.base/jdk.internal.misc.Unsafe.park(Native Method)
 java.base/java.util.concurrent.locks.LockSupport.parkNanos(LockSupport.java:269)
 java.base/java.util.concurrent.locks.AbstractQueuedSynchronizer$ConditionObject.awaitNanos(AbstractQueuedSynchronizer.java:1758)
 java.base/java.util.concurrent.ScheduledThreadPoolExecutor$DelayedWorkQueue.take(ScheduledThreadPoolExecutor.java:1182)
 java.base/java.util.concurrent.ScheduledThreadPoolExecutor$DelayedWorkQueue.take(ScheduledThreadPoolExecutor.java:899)
 java.base/java.util.concurrent.ThreadPoolExecutor.getTask(ThreadPoolExecutor.java:1070)
 java.base/java.util.concurrent.ThreadPoolExecutor.runWorker(ThreadPoolExecutor.java:1130)
 java.base/java.util.concurrent.ThreadPoolExecutor$Worker.run(ThreadPoolExecutor.java:642)
 java.base/java.lang.Thread.run(Thread.java:1583)
06-Sep-2026 01:02:35.860 WARNING [main] org.apache.catalina.loader.WebappClassLoaderBase.clearReferencesThreads The web application [jpa02] appears to have started a thread named [Hibernate Connection Pool Validation Thread] but has failed to stop it. This is very likely to create a memory leak. Stack trace of thread:
 java.base/jdk.internal.misc.Unsafe.park(Native Method)
 java.base/java.util.concurrent.locks.LockSupport.parkNanos(LockSupport.java:269)
 java.base/java.util.concurrent.locks.AbstractQueuedSynchronizer$ConditionObject.awaitNanos(AbstractQueuedSynchronizer.java:1758)
 java.base/java.util.concurrent.ScheduledThreadPoolExecutor$DelayedWorkQueue.take(ScheduledThreadPoolExecutor.java:1182)
 java.base/java.util.concurrent.ScheduledThreadPoolExecutor$DelayedWorkQueue.take(ScheduledThreadPoolExecutor.java:899)
 java.base/java.util.concurrent.ThreadPoolExecutor.getTask(ThreadPoolExecutor.java:1070)
 java.base/java.util.concurrent.ThreadPoolExecutor.runWorker(ThreadPoolExecutor.java:1130)
 java.base/java.util.concurrent.ThreadPoolExecutor$Worker.run(ThreadPoolExecutor.java:642)
 java.base/java.lang.Thread.run(Thread.java:1583)
06-Sep-2026 01:02:35.861 WARNING [main] org.apache.catalina.loader.WebappClassLoaderBase.clearReferencesThreads The web application [jpa02] appears to have started a thread named [Hibernate Connection Pool Validation Thread] but has failed to stop it. This is very likely to create a memory leak. Stack trace of thread:
 java.base/jdk.internal.misc.Unsafe.park(Native Method)
 java.base/java.util.concurrent.locks.LockSupport.parkNanos(LockSupport.java:269)
 java.base/java.util.concurrent.locks.AbstractQueuedSynchronizer$ConditionObject.awaitNanos(AbstractQueuedSynchronizer.java:1758)
 java.base/java.util.concurrent.ScheduledThreadPoolExecutor$DelayedWorkQueue.take(ScheduledThreadPoolExecutor.java:1182)
 java.base/java.util.concurrent.ScheduledThreadPoolExecutor$DelayedWorkQueue.take(ScheduledThreadPoolExecutor.java:899)
 java.base/java.util.concurrent.ThreadPoolExecutor.getTask(ThreadPoolExecutor.java:1070)
 java.base/java.util.concurrent.ThreadPoolExecutor.runWorker(ThreadPoolExecutor.java:1130)
 java.base/java.util.concurrent.ThreadPoolExecutor$Worker.run(ThreadPoolExecutor.java:642)
 java.base/java.lang.Thread.run(Thread.java:1583)
06-Sep-2026 01:02:35.861 WARNING [main] org.apache.catalina.loader.WebappClassLoaderBase.clearReferencesThreads The web application [jpa02] appears to have started a thread named [Hibernate Connection Pool Validation Thread] but has failed to stop it. This is very likely to create a memory leak. Stack trace of thread:
 java.base/jdk.internal.misc.Unsafe.park(Native Method)
 java.base/java.util.concurrent.locks.LockSupport.parkNanos(LockSupport.java:269)
 java.base/java.util.concurrent.locks.AbstractQueuedSynchronizer$ConditionObject.awaitNanos(AbstractQueuedSynchronizer.java:1758)
 java.base/java.util.concurrent.ScheduledThreadPoolExecutor$DelayedWorkQueue.take(ScheduledThreadPoolExecutor.java:1182)
 java.base/java.util.concurrent.ScheduledThreadPoolExecutor$DelayedWorkQueue.take(ScheduledThreadPoolExecutor.java:899)
 java.base/java.util.concurrent.ThreadPoolExecutor.getTask(ThreadPoolExecutor.java:1070)
 java.base/java.util.concurrent.ThreadPoolExecutor.runWorker(ThreadPoolExecutor.java:1130)
 java.base/java.util.concurrent.ThreadPoolExecutor$Worker.run(ThreadPoolExecutor.java:642)
 java.base/java.lang.Thread.run(Thread.java:1583)
06-Sep-2026 01:02:35.861 WARNING [main] org.apache.catalina.loader.WebappClassLoaderBase.clearReferencesThreads The web application [jpa02] appears to have started a thread named [Hibernate Connection Pool Validation Thread] but has failed to stop it. This is very likely to create a memory leak. Stack trace of thread:
 java.base/jdk.internal.misc.Unsafe.park(Native Method)
 java.base/java.util.concurrent.locks.LockSupport.parkNanos(LockSupport.java:269)
 java.base/java.util.concurrent.locks.AbstractQueuedSynchronizer$ConditionObject.awaitNanos(AbstractQueuedSynchronizer.java:1758)
 java.base/java.util.concurrent.ScheduledThreadPoolExecutor$DelayedWorkQueue.take(ScheduledThreadPoolExecutor.java:1182)
 java.base/java.util.concurrent.ScheduledThreadPoolExecutor$DelayedWorkQueue.take(ScheduledThreadPoolExecutor.java:899)
 java.base/java.util.concurrent.ThreadPoolExecutor.getTask(ThreadPoolExecutor.java:1070)
 java.base/java.util.concurrent.ThreadPoolExecutor.runWorker(ThreadPoolExecutor.java:1130)
 java.base/java.util.concurrent.ThreadPoolExecutor$Worker.run(ThreadPoolExecutor.java:642)
 java.base/java.lang.Thread.run(Thread.java:1583)
06-Sep-2026 01:02:35.861 WARNING [main] org.apache.catalina.loader.WebappClassLoaderBase.clearReferencesThreads The web application [jpa02] appears to have started a thread named [Hibernate Connection Pool Validation Thread] but has failed to stop it. This is very likely to create a memory leak. Stack trace of thread:
 java.base/jdk.internal.misc.Unsafe.park(Native Method)
 java.base/java.util.concurrent.locks.LockSupport.parkNanos(LockSupport.java:269)
 java.base/java.util.concurrent.locks.AbstractQueuedSynchronizer$ConditionObject.awaitNanos(AbstractQueuedSynchronizer.java:1758)
 java.base/java.util.concurrent.ScheduledThreadPoolExecutor$DelayedWorkQueue.take(ScheduledThreadPoolExecutor.java:1182)
 java.base/java.util.concurrent.ScheduledThreadPoolExecutor$DelayedWorkQueue.take(ScheduledThreadPoolExecutor.java:899)
 java.base/java.util.concurrent.ThreadPoolExecutor.getTask(ThreadPoolExecutor.java:1070)
 java.base/java.util.concurrent.ThreadPoolExecutor.runWorker(ThreadPoolExecutor.java:1130)
 java.base/java.util.concurrent.ThreadPoolExecutor$Worker.run(ThreadPoolExecutor.java:642)
 java.base/java.lang.Thread.run(Thread.java:1583)
06-Sep-2026 01:02:35.861 WARNING [main] org.apache.catalina.loader.WebappClassLoaderBase.clearReferencesThreads The web application [jpa02] appears to have started a thread named [Hibernate Connection Pool Validation Thread] but has failed to stop it. This is very likely to create a memory leak. Stack trace of thread:
 java.base/jdk.internal.misc.Unsafe.park(Native Method)
 java.base/java.util.concurrent.locks.LockSupport.parkNanos(LockSupport.java:269)
 java.base/java.util.concurrent.locks.AbstractQueuedSynchronizer$ConditionObject.awaitNanos(AbstractQueuedSynchronizer.java:1758)
 java.base/java.util.concurrent.ScheduledThreadPoolExecutor$DelayedWorkQueue.take(ScheduledThreadPoolExecutor.java:1182)
 java.base/java.util.concurrent.ScheduledThreadPoolExecutor$DelayedWorkQueue.take(ScheduledThreadPoolExecutor.java:899)
 java.base/java.util.concurrent.ThreadPoolExecutor.getTask(ThreadPoolExecutor.java:1070)
 java.base/java.util.concurrent.ThreadPoolExecutor.runWorker(ThreadPoolExecutor.java:1130)
 java.base/java.util.concurrent.ThreadPoolExecutor$Worker.run(ThreadPoolExecutor.java:642)
 java.base/java.lang.Thread.run(Thread.java:1583)
06-Sep-2026 01:02:35.862 WARNING [main] org.apache.catalina.loader.WebappClassLoaderBase.clearReferencesThreads The web application [jpa02] appears to have started a thread named [Hibernate Connection Pool Validation Thread] but has failed to stop it. This is very likely to create a memory leak. Stack trace of thread:
 java.base/jdk.internal.misc.Unsafe.park(Native Method)
 java.base/java.util.concurrent.locks.LockSupport.parkNanos(LockSupport.java:269)
 java.base/java.util.concurrent.locks.AbstractQueuedSynchronizer$ConditionObject.awaitNanos(AbstractQueuedSynchronizer.java:1758)
 java.base/java.util.concurrent.ScheduledThreadPoolExecutor$DelayedWorkQueue.take(ScheduledThreadPoolExecutor.java:1182)
 java.base/java.util.concurrent.ScheduledThreadPoolExecutor$DelayedWorkQueue.take(ScheduledThreadPoolExecutor.java:899)
 java.base/java.util.concurrent.ThreadPoolExecutor.getTask(ThreadPoolExecutor.java:1070)
 java.base/java.util.concurrent.ThreadPoolExecutor.runWorker(ThreadPoolExecutor.java:1130)
 java.base/java.util.concurrent.ThreadPoolExecutor$Worker.run(ThreadPoolExecutor.java:642)
 java.base/java.lang.Thread.run(Thread.java:1583)
06-Sep-2026 01:02:35.862 WARNING [main] org.apache.catalina.loader.WebappClassLoaderBase.clearReferencesThreads The web application [jpa02] appears to have started a thread named [Hibernate Connection Pool Validation Thread] but has failed to stop it. This is very likely to create a memory leak. Stack trace of thread:
 java.base/jdk.internal.misc.Unsafe.park(Native Method)
 java.base/java.util.concurrent.locks.LockSupport.parkNanos(LockSupport.java:269)
 java.base/java.util.concurrent.locks.AbstractQueuedSynchronizer$ConditionObject.awaitNanos(AbstractQueuedSynchronizer.java:1758)
 java.base/java.util.concurrent.ScheduledThreadPoolExecutor$DelayedWorkQueue.take(ScheduledThreadPoolExecutor.java:1182)
 java.base/java.util.concurrent.ScheduledThreadPoolExecutor$DelayedWorkQueue.take(ScheduledThreadPoolExecutor.java:899)
 java.base/java.util.concurrent.ThreadPoolExecutor.getTask(ThreadPoolExecutor.java:1070)
 java.base/java.util.concurrent.ThreadPoolExecutor.runWorker(ThreadPoolExecutor.java:1130)
 java.base/java.util.concurrent.ThreadPoolExecutor$Worker.run(ThreadPoolExecutor.java:642)
 java.base/java.lang.Thread.run(Thread.java:1583)
06-Sep-2026 01:02:35.862 WARNING [main] org.apache.catalina.loader.WebappClassLoaderBase.clearReferencesThreads The web application [jpa02] appears to have started a thread named [Hibernate Connection Pool Validation Thread] but has failed to stop it. This is very likely to create a memory leak. Stack trace of thread:
 java.base/jdk.internal.misc.Unsafe.park(Native Method)
 java.base/java.util.concurrent.locks.LockSupport.parkNanos(LockSupport.java:269)
 java.base/java.util.concurrent.locks.AbstractQueuedSynchronizer$ConditionObject.awaitNanos(AbstractQueuedSynchronizer.java:1758)
 java.base/java.util.concurrent.ScheduledThreadPoolExecutor$DelayedWorkQueue.take(ScheduledThreadPoolExecutor.java:1182)
 java.base/java.util.concurrent.ScheduledThreadPoolExecutor$DelayedWorkQueue.take(ScheduledThreadPoolExecutor.java:899)
 java.base/java.util.concurrent.ThreadPoolExecutor.getTask(ThreadPoolExecutor.java:1070)
 java.base/java.util.concurrent.ThreadPoolExecutor.runWorker(ThreadPoolExecutor.java:1130)
 java.base/java.util.concurrent.ThreadPoolExecutor$Worker.run(ThreadPoolExecutor.java:642)
 java.base/java.lang.Thread.run(Thread.java:1583)
06-Sep-2026 01:02:35.862 WARNING [main] org.apache.catalina.loader.WebappClassLoaderBase.clearReferencesThreads The web application [jpa02] appears to have started a thread named [Hibernate Connection Pool Validation Thread] but has failed to stop it. This is very likely to create a memory leak. Stack trace of thread:
 java.base/jdk.internal.misc.Unsafe.park(Native Method)
 java.base/java.util.concurrent.locks.LockSupport.parkNanos(LockSupport.java:269)
 java.base/java.util.concurrent.locks.AbstractQueuedSynchronizer$ConditionObject.awaitNanos(AbstractQueuedSynchronizer.java:1758)
 java.base/java.util.concurrent.ScheduledThreadPoolExecutor$DelayedWorkQueue.take(ScheduledThreadPoolExecutor.java:1182)
 java.base/java.util.concurrent.ScheduledThreadPoolExecutor$DelayedWorkQueue.take(ScheduledThreadPoolExecutor.java:899)
 java.base/java.util.concurrent.ThreadPoolExecutor.getTask(ThreadPoolExecutor.java:1070)
 java.base/java.util.concurrent.ThreadPoolExecutor.runWorker(ThreadPoolExecutor.java:1130)
 java.base/java.util.concurrent.ThreadPoolExecutor$Worker.run(ThreadPoolExecutor.java:642)
 java.base/java.lang.Thread.run(Thread.java:1583)
06-Sep-2026 01:02:35.862 WARNING [main] org.apache.catalina.loader.WebappClassLoaderBase.clearReferencesThreads The web application [jpa02] appears to have started a thread named [Hibernate Connection Pool Validation Thread] but has failed to stop it. This is very likely to create a memory leak. Stack trace of thread:
 java.base/jdk.internal.misc.Unsafe.park(Native Method)
 java.base/java.util.concurrent.locks.LockSupport.parkNanos(LockSupport.java:269)
 java.base/java.util.concurrent.locks.AbstractQueuedSynchronizer$ConditionObject.awaitNanos(AbstractQueuedSynchronizer.java:1758)
 java.base/java.util.concurrent.ScheduledThreadPoolExecutor$DelayedWorkQueue.take(ScheduledThreadPoolExecutor.java:1182)
 java.base/java.util.concurrent.ScheduledThreadPoolExecutor$DelayedWorkQueue.take(ScheduledThreadPoolExecutor.java:899)
 java.base/java.util.concurrent.ThreadPoolExecutor.getTask(ThreadPoolExecutor.java:1070)
 java.base/java.util.concurrent.ThreadPoolExecutor.runWorker(ThreadPoolExecutor.java:1130)
 java.base/java.util.concurrent.ThreadPoolExecutor$Worker.run(ThreadPoolExecutor.java:642)
 java.base/java.lang.Thread.run(Thread.java:1583)
06-Sep-2026 01:02:35.862 WARNING [main] org.apache.catalina.loader.WebappClassLoaderBase.clearReferencesThreads The web application [jpa02] appears to have started a thread named [Hibernate Connection Pool Validation Thread] but has failed to stop it. This is very likely to create a memory leak. Stack trace of thread:
 java.base/jdk.internal.misc.Unsafe.park(Native Method)
 java.base/java.util.concurrent.locks.LockSupport.parkNanos(LockSupport.java:269)
 java.base/java.util.concurrent.locks.AbstractQueuedSynchronizer$ConditionObject.awaitNanos(AbstractQueuedSynchronizer.java:1758)
 java.base/java.util.concurrent.ScheduledThreadPoolExecutor$DelayedWorkQueue.take(ScheduledThreadPoolExecutor.java:1182)
 java.base/java.util.concurrent.ScheduledThreadPoolExecutor$DelayedWorkQueue.take(ScheduledThreadPoolExecutor.java:899)
 java.base/java.util.concurrent.ThreadPoolExecutor.getTask(ThreadPoolExecutor.java:1070)
 java.base/java.util.concurrent.ThreadPoolExecutor.runWorker(ThreadPoolExecutor.java:1130)
 java.base/java.util.concurrent.ThreadPoolExecutor$Worker.run(ThreadPoolExecutor.java:642)
 java.base/java.lang.Thread.run(Thread.java:1583)
06-Sep-2026 01:02:35.864 WARNING [main] org.apache.catalina.loader.WebappClassLoaderBase.clearReferencesThreads The web application [jpa02] appears to have started a thread named [Hibernate Connection Pool Validation Thread] but has failed to stop it. This is very likely to create a memory leak. Stack trace of thread:
 java.base/jdk.internal.misc.Unsafe.park(Native Method)
 java.base/java.util.concurrent.locks.LockSupport.parkNanos(LockSupport.java:269)
 java.base/java.util.concurrent.locks.AbstractQueuedSynchronizer$ConditionObject.awaitNanos(AbstractQueuedSynchronizer.java:1758)
 java.base/java.util.concurrent.ScheduledThreadPoolExecutor$DelayedWorkQueue.take(ScheduledThreadPoolExecutor.java:1182)
 java.base/java.util.concurrent.ScheduledThreadPoolExecutor$DelayedWorkQueue.take(ScheduledThreadPoolExecutor.java:899)
 java.base/java.util.concurrent.ThreadPoolExecutor.getTask(ThreadPoolExecutor.java:1070)
 java.base/java.util.concurrent.ThreadPoolExecutor.runWorker(ThreadPoolExecutor.java:1130)
 java.base/java.util.concurrent.ThreadPoolExecutor$Worker.run(ThreadPoolExecutor.java:642)
 java.base/java.lang.Thread.run(Thread.java:1583)
06-Sep-2026 01:02:35.864 WARNING [main] org.apache.catalina.loader.WebappClassLoaderBase.clearReferencesThreads The web application [jpa02] appears to have started a thread named [Hibernate Connection Pool Validation Thread] but has failed to stop it. This is very likely to create a memory leak. Stack trace of thread:
 java.base/jdk.internal.misc.Unsafe.park(Native Method)
 java.base/java.util.concurrent.locks.LockSupport.parkNanos(LockSupport.java:269)
 java.base/java.util.concurrent.locks.AbstractQueuedSynchronizer$ConditionObject.awaitNanos(AbstractQueuedSynchronizer.java:1758)
 java.base/java.util.concurrent.ScheduledThreadPoolExecutor$DelayedWorkQueue.take(ScheduledThreadPoolExecutor.java:1182)
 java.base/java.util.concurrent.ScheduledThreadPoolExecutor$DelayedWorkQueue.take(ScheduledThreadPoolExecutor.java:899)
 java.base/java.util.concurrent.ThreadPoolExecutor.getTask(ThreadPoolExecutor.java:1070)
 java.base/java.util.concurrent.ThreadPoolExecutor.runWorker(ThreadPoolExecutor.java:1130)
 java.base/java.util.concurrent.ThreadPoolExecutor$Worker.run(ThreadPoolExecutor.java:642)
 java.base/java.lang.Thread.run(Thread.java:1583)
06-Sep-2026 01:02:35.864 WARNING [main] org.apache.catalina.loader.WebappClassLoaderBase.clearReferencesThreads The web application [jpa02] appears to have started a thread named [Hibernate Connection Pool Validation Thread] but has failed to stop it. This is very likely to create a memory leak. Stack trace of thread:
 java.base/jdk.internal.misc.Unsafe.park(Native Method)
 java.base/java.util.concurrent.locks.LockSupport.parkNanos(LockSupport.java:269)
 java.base/java.util.concurrent.locks.AbstractQueuedSynchronizer$ConditionObject.awaitNanos(AbstractQueuedSynchronizer.java:1758)
 java.base/java.util.concurrent.ScheduledThreadPoolExecutor$DelayedWorkQueue.take(ScheduledThreadPoolExecutor.java:1182)
 java.base/java.util.concurrent.ScheduledThreadPoolExecutor$DelayedWorkQueue.take(ScheduledThreadPoolExecutor.java:899)
 java.base/java.util.concurrent.ThreadPoolExecutor.getTask(ThreadPoolExecutor.java:1070)
 java.base/java.util.concurrent.ThreadPoolExecutor.runWorker(ThreadPoolExecutor.java:1130)
 java.base/java.util.concurrent.ThreadPoolExecutor$Worker.run(ThreadPoolExecutor.java:642)
 java.base/java.lang.Thread.run(Thread.java:1583)
06-Sep-2026 01:02:35.864 WARNING [main] org.apache.catalina.loader.WebappClassLoaderBase.clearReferencesThreads The web application [jpa02] appears to have started a thread named [Hibernate Connection Pool Validation Thread] but has failed to stop it. This is very likely to create a memory leak. Stack trace of thread:
 java.base/jdk.internal.misc.Unsafe.park(Native Method)
 java.base/java.util.concurrent.locks.LockSupport.parkNanos(LockSupport.java:269)
 java.base/java.util.concurrent.locks.AbstractQueuedSynchronizer$ConditionObject.awaitNanos(AbstractQueuedSynchronizer.java:1758)
 java.base/java.util.concurrent.ScheduledThreadPoolExecutor$DelayedWorkQueue.take(ScheduledThreadPoolExecutor.java:1182)
 java.base/java.util.concurrent.ScheduledThreadPoolExecutor$DelayedWorkQueue.take(ScheduledThreadPoolExecutor.java:899)
 java.base/java.util.concurrent.ThreadPoolExecutor.getTask(ThreadPoolExecutor.java:1070)
 java.base/java.util.concurrent.ThreadPoolExecutor.runWorker(ThreadPoolExecutor.java:1130)
 java.base/java.util.concurrent.ThreadPoolExecutor$Worker.run(ThreadPoolExecutor.java:642)
 java.base/java.lang.Thread.run(Thread.java:1583)
06-Sep-2026 01:02:35.864 WARNING [main] org.apache.catalina.loader.WebappClassLoaderBase.clearReferencesThreads The web application [jpa02] appears to have started a thread named [Hibernate Connection Pool Validation Thread] but has failed to stop it. This is very likely to create a memory leak. Stack trace of thread:
 java.base/jdk.internal.misc.Unsafe.park(Native Method)
 java.base/java.util.concurrent.locks.LockSupport.parkNanos(LockSupport.java:269)
 java.base/java.util.concurrent.locks.AbstractQueuedSynchronizer$ConditionObject.awaitNanos(AbstractQueuedSynchronizer.java:1758)
 java.base/java.util.concurrent.ScheduledThreadPoolExecutor$DelayedWorkQueue.take(ScheduledThreadPoolExecutor.java:1182)
 java.base/java.util.concurrent.ScheduledThreadPoolExecutor$DelayedWorkQueue.take(ScheduledThreadPoolExecutor.java:899)
 java.base/java.util.concurrent.ThreadPoolExecutor.getTask(ThreadPoolExecutor.java:1070)
 java.base/java.util.concurrent.ThreadPoolExecutor.runWorker(ThreadPoolExecutor.java:1130)
 java.base/java.util.concurrent.ThreadPoolExecutor$Worker.run(ThreadPoolExecutor.java:642)
 java.base/java.lang.Thread.run(Thread.java:1583)
06-Sep-2026 01:02:35.864 WARNING [main] org.apache.catalina.loader.WebappClassLoaderBase.clearReferencesThreads The web application [jpa02] appears to have started a thread named [Hibernate Connection Pool Validation Thread] but has failed to stop it. This is very likely to create a memory leak. Stack trace of thread:
 java.base/jdk.internal.misc.Unsafe.park(Native Method)
 java.base/java.util.concurrent.locks.LockSupport.parkNanos(LockSupport.java:269)
 java.base/java.util.concurrent.locks.AbstractQueuedSynchronizer$ConditionObject.awaitNanos(AbstractQueuedSynchronizer.java:1758)
 java.base/java.util.concurrent.ScheduledThreadPoolExecutor$DelayedWorkQueue.take(ScheduledThreadPoolExecutor.java:1182)
 java.base/java.util.concurrent.ScheduledThreadPoolExecutor$DelayedWorkQueue.take(ScheduledThreadPoolExecutor.java:899)
 java.base/java.util.concurrent.ThreadPoolExecutor.getTask(ThreadPoolExecutor.java:1070)
 java.base/java.util.concurrent.ThreadPoolExecutor.runWorker(ThreadPoolExecutor.java:1130)
 java.base/java.util.concurrent.ThreadPoolExecutor$Worker.run(ThreadPoolExecutor.java:642)
 java.base/java.lang.Thread.run(Thread.java:1583)
06-Sep-2026 01:02:35.880 INFO [main] org.apache.coyote.AbstractProtocol.stop Stopping ProtocolHandler ["http-nio-8080"]
06-Sep-2026 01:02:35.895 INFO [main] org.apache.coyote.AbstractProtocol.destroy Destroying ProtocolHandler ["http-nio-8080"]
06-Sep-2026 01:02:43.606 INFO [main] org.apache.catalina.startup.VersionLoggerListener.log Server version name:   Apache Tomcat/10.1.44
06-Sep-2026 01:02:43.614 INFO [main] org.apache.catalina.startup.VersionLoggerListener.log Server built:          Aug 4 2025 13:14:17 UTC
06-Sep-2026 01:02:43.614 INFO [main] org.apache.catalina.startup.VersionLoggerListener.log Server version number: 10.1.44.0
06-Sep-2026 01:02:43.614 INFO [main] org.apache.catalina.startup.VersionLoggerListener.log OS Name:               Windows 11
06-Sep-2026 01:02:43.615 INFO [main] org.apache.catalina.startup.VersionLoggerListener.log OS Version:            10.0
06-Sep-2026 01:02:43.615 INFO [main] org.apache.catalina.startup.VersionLoggerListener.log Architecture:          amd64
06-Sep-2026 01:02:43.615 INFO [main] org.apache.catalina.startup.VersionLoggerListener.log Java Home:             C:\Program Files\Java\jdk-21
06-Sep-2026 01:02:43.615 INFO [main] org.apache.catalina.startup.VersionLoggerListener.log JVM Version:           21.0.2+13-LTS-58
06-Sep-2026 01:02:43.615 INFO [main] org.apache.catalina.startup.VersionLoggerListener.log JVM Vendor:            Oracle Corporation
06-Sep-2026 01:02:43.616 INFO [main] org.apache.catalina.startup.VersionLoggerListener.log CATALINA_BASE:         D:\web\apache-tomcat-10.1.44\apache-tomcat-10.1.44
06-Sep-2026 01:02:43.616 INFO [main] org.apache.catalina.startup.VersionLoggerListener.log CATALINA_HOME:         D:\web\apache-tomcat-10.1.44\apache-tomcat-10.1.44
06-Sep-2026 01:02:43.625 INFO [main] org.apache.catalina.startup.VersionLoggerListener.log Command line argument: -Djava.util.logging.config.file=D:\web\apache-tomcat-10.1.44\apache-tomcat-10.1.44\conf\logging.properties
06-Sep-2026 01:02:43.625 INFO [main] org.apache.catalina.startup.VersionLoggerListener.log Command line argument: -Djava.util.logging.manager=org.apache.juli.ClassLoaderLogManager
06-Sep-2026 01:02:43.625 INFO [main] org.apache.catalina.startup.VersionLoggerListener.log Command line argument: -Djdk.tls.ephemeralDHKeySize=2048
06-Sep-2026 01:02:43.625 INFO [main] org.apache.catalina.startup.VersionLoggerListener.log Command line argument: -Djava.protocol.handler.pkgs=org.apache.catalina.webresources
06-Sep-2026 01:02:43.626 INFO [main] org.apache.catalina.startup.VersionLoggerListener.log Command line argument: -Dsun.io.useCanonCaches=false
06-Sep-2026 01:02:43.626 INFO [main] org.apache.catalina.startup.VersionLoggerListener.log Command line argument: --add-opens=java.base/java.lang=ALL-UNNAMED
06-Sep-2026 01:02:43.626 INFO [main] org.apache.catalina.startup.VersionLoggerListener.log Command line argument: --add-opens=java.base/java.lang.reflect=ALL-UNNAMED
06-Sep-2026 01:02:43.626 INFO [main] org.apache.catalina.startup.VersionLoggerListener.log Command line argument: --add-opens=java.base/java.io=ALL-UNNAMED
06-Sep-2026 01:02:43.626 INFO [main] org.apache.catalina.startup.VersionLoggerListener.log Command line argument: --add-opens=java.base/java.util=ALL-UNNAMED
06-Sep-2026 01:02:43.626 INFO [main] org.apache.catalina.startup.VersionLoggerListener.log Command line argument: --add-opens=java.base/java.util.concurrent=ALL-UNNAMED
06-Sep-2026 01:02:43.627 INFO [main] org.apache.catalina.startup.VersionLoggerListener.log Command line argument: --add-opens=java.rmi/sun.rmi.transport=ALL-UNNAMED
06-Sep-2026 01:02:43.627 INFO [main] org.apache.catalina.startup.VersionLoggerListener.log Command line argument: -Dcatalina.base=D:\web\apache-tomcat-10.1.44\apache-tomcat-10.1.44
06-Sep-2026 01:02:43.627 INFO [main] org.apache.catalina.startup.VersionLoggerListener.log Command line argument: -Dcatalina.home=D:\web\apache-tomcat-10.1.44\apache-tomcat-10.1.44
06-Sep-2026 01:02:43.627 INFO [main] org.apache.catalina.startup.VersionLoggerListener.log Command line argument: -Djava.io.tmpdir=D:\web\apache-tomcat-10.1.44\apache-tomcat-10.1.44\temp
06-Sep-2026 01:02:43.631 INFO [main] org.apache.catalina.core.AprLifecycleListener.lifecycleEvent The Apache Tomcat Native library which allows using OpenSSL was not found on the java.library.path: [C:\Program Files\Java\jdk-21\bin;C:\Windows\Sun\Java\bin;C:\Windows\system32;C:\Windows;C:\Users\ADMIN\bin;C:\Program Files\Git\mingw64\bin;C:\Program Files\Git\usr\local\bin;C:\Program Files\Git\usr\bin;C:\Program Files\Git\usr\bin;C:\Program Files\Git\mingw64\bin;C:\Program Files\Git\usr\bin;C:\Users\ADMIN\bin;C:\Program Files\Common Files\Oracle\Java\javapath;C:\Program Files (x86)\VMware\VMware Workstation\bin;C:\Windows\system32;C:\Windows;C:\Windows\System32\Wbem;C:\Windows\System32\WindowsPowerShell\v1.0;C:\Windows\System32\OpenSSH;C:\Program Files (x86)\NVIDIA Corporation\PhysX\Common;C:\Program Files\NVIDIA Corporation\NVIDIA NvDLISR;C:\Windows\system32;C:\Windows;C:\Windows\System32\Wbem;C:\Windows\System32\WindowsPowerShell\v1.0;C:\Windows\System32\OpenSSH;C:\Program Files\dotnet;;.]
06-Sep-2026 01:02:43.858 INFO [main] org.apache.coyote.AbstractProtocol.init Initializing ProtocolHandler ["http-nio-8080"]
06-Sep-2026 01:02:43.880 INFO [main] org.apache.catalina.startup.Catalina.load Server initialization in [419] milliseconds
06-Sep-2026 01:02:43.940 INFO [main] org.apache.catalina.core.StandardService.startInternal Starting service [Catalina]
06-Sep-2026 01:02:43.941 INFO [main] org.apache.catalina.core.StandardEngine.startInternal Starting Servlet engine: [Apache Tomcat/10.1.44]
06-Sep-2026 01:02:43.958 INFO [main] org.apache.catalina.startup.HostConfig.deployWAR Deploying web application archive [D:\web\apache-tomcat-10.1.44\apache-tomcat-10.1.44\webapps\jpa02.war]
06-Sep-2026 01:02:47.149 INFO [main] org.apache.jasper.servlet.TldScanner.scanJars At least one JAR was scanned for TLDs yet contained no TLDs. Enable debug logging for this logger for a complete list of JARs that were scanned but no TLDs were found in them. Skipping unneeded JARs during scanning can improve startup time and JSP compilation time.
06-Sep-2026 01:02:47.237 INFO [main] org.sitemesh.config.ConfigurableSiteMeshFilter.init SiteMesh 3.2.1 initialized with filter name 'sitemesh'
06-Sep-2026 01:02:47.249 INFO [main] org.apache.catalina.startup.HostConfig.deployWAR Deployment of web application archive [D:\web\apache-tomcat-10.1.44\apache-tomcat-10.1.44\webapps\jpa02.war] has finished in [3,290] ms
06-Sep-2026 01:02:47.249 INFO [main] org.apache.catalina.startup.HostConfig.deployDirectory Deploying web application directory [D:\web\apache-tomcat-10.1.44\apache-tomcat-10.1.44\webapps\docs]
06-Sep-2026 01:02:47.278 INFO [main] org.apache.catalina.startup.HostConfig.deployDirectory Deployment of web application directory [D:\web\apache-tomcat-10.1.44\apache-tomcat-10.1.44\webapps\docs] has finished in [29] ms
06-Sep-2026 01:02:47.279 INFO [main] org.apache.catalina.startup.HostConfig.deployDirectory Deploying web application directory [D:\web\apache-tomcat-10.1.44\apache-tomcat-10.1.44\webapps\examples]
06-Sep-2026 01:02:47.487 INFO [main] org.apache.catalina.startup.HostConfig.deployDirectory Deployment of web application directory [D:\web\apache-tomcat-10.1.44\apache-tomcat-10.1.44\webapps\examples] has finished in [208] ms
06-Sep-2026 01:02:47.487 INFO [main] org.apache.catalina.startup.HostConfig.deployDirectory Deploying web application directory [D:\web\apache-tomcat-10.1.44\apache-tomcat-10.1.44\webapps\host-manager]
06-Sep-2026 01:02:47.510 INFO [main] org.apache.catalina.startup.HostConfig.deployDirectory Deployment of web application directory [D:\web\apache-tomcat-10.1.44\apache-tomcat-10.1.44\webapps\host-manager] has finished in [23] ms
06-Sep-2026 01:02:47.510 INFO [main] org.apache.catalina.startup.HostConfig.deployDirectory Deploying web application directory [D:\web\apache-tomcat-10.1.44\apache-tomcat-10.1.44\webapps\manager]
06-Sep-2026 01:02:47.527 INFO [main] org.apache.catalina.startup.HostConfig.deployDirectory Deployment of web application directory [D:\web\apache-tomcat-10.1.44\apache-tomcat-10.1.44\webapps\manager] has finished in [17] ms
06-Sep-2026 01:02:47.528 INFO [main] org.apache.catalina.startup.HostConfig.deployDirectory Deploying web application directory [D:\web\apache-tomcat-10.1.44\apache-tomcat-10.1.44\webapps\ROOT]
06-Sep-2026 01:02:47.539 INFO [main] org.apache.catalina.startup.HostConfig.deployDirectory Deployment of web application directory [D:\web\apache-tomcat-10.1.44\apache-tomcat-10.1.44\webapps\ROOT] has finished in [11] ms
06-Sep-2026 01:02:47.544 INFO [main] org.apache.coyote.AbstractProtocol.start Starting ProtocolHandler ["http-nio-8080"]
06-Sep-2026 01:02:47.570 INFO [main] org.apache.catalina.startup.Catalina.start Server startup in [3688] milliseconds
06-Sep-2026 01:02:47.731 INFO [http-nio-8080-exec-1] org.hibernate.jpa.internal.util.LogHelper.logPersistenceUnitInformation HHH000204: Processing PersistenceUnitInfo [name: jpa-hibernate-mysql]
06-Sep-2026 01:02:47.806 INFO [http-nio-8080-exec-1] org.hibernate.Version.logVersion HHH000412: Hibernate ORM core version 6.4.4.Final
06-Sep-2026 01:02:47.852 INFO [http-nio-8080-exec-1] org.hibernate.cache.internal.RegionFactoryInitiator.initiateService HHH000026: Second-level cache disabled
06-Sep-2026 01:02:48.087 WARN [http-nio-8080-exec-1] org.hibernate.engine.jdbc.connections.internal.DriverManagerConnectionProviderImpl.configure HHH10001002: Using built-in connection pool (not intended for production use)
06-Sep-2026 01:02:48.091 INFO [http-nio-8080-exec-1] org.hibernate.engine.jdbc.connections.internal.DriverManagerConnectionProviderImpl.buildCreator HHH10001005: Loaded JDBC driver class: com.mysql.cj.jdbc.Driver
06-Sep-2026 01:02:48.091 INFO [http-nio-8080-exec-1] org.hibernate.engine.jdbc.connections.internal.DriverManagerConnectionProviderImpl.buildCreator HHH10001012: Connecting with JDBC URL [jdbc:mysql://localhost:3306/webst2?useSSL=false&allowPublicKeyRetrieval=true&serverTimezone=UTC]
06-Sep-2026 01:02:48.092 INFO [http-nio-8080-exec-1] org.hibernate.engine.jdbc.connections.internal.DriverManagerConnectionProviderImpl.buildCreator HHH10001001: Connection properties: {password=****, user=root}
06-Sep-2026 01:02:48.092 INFO [http-nio-8080-exec-1] org.hibernate.engine.jdbc.connections.internal.DriverManagerConnectionProviderImpl.buildCreator HHH10001003: Autocommit mode: false
06-Sep-2026 01:02:48.094 INFO [http-nio-8080-exec-1] org.hibernate.engine.jdbc.connections.internal.DriverManagerConnectionProviderImpl$PooledConnections.<init> HHH10001115: Connection pool size: 20 (min=1)
06-Sep-2026 01:02:48.326 WARN [http-nio-8080-exec-1] org.hibernate.engine.jdbc.dialect.internal.DialectFactoryImpl.constructDialect HHH90000025: MySQLDialect does not need to be specified explicitly using 'hibernate.dialect' (remove the property setting and it will be selected by default)
06-Sep-2026 01:02:48.899 INFO [http-nio-8080-exec-1] org.hibernate.validator.internal.util.Version.<clinit> HV000001: Hibernate Validator 8.0.1.Final
06-Sep-2026 01:02:49.810 INFO [http-nio-8080-exec-1] org.hibernate.engine.transaction.jta.platform.internal.JtaPlatformInitiator.initiateService HHH000489: No JTA platform available (set 'hibernate.transaction.jta.platform' to enable JTA platform integration)
06-Sep-2026 01:02:50.117 INFO [http-nio-8080-exec-1] org.hibernate.resource.transaction.backend.jdbc.internal.DdlTransactionIsolatorNonJtaImpl.getIsolatedConnection HHH10001501: Connection obtained from JdbcConnectionAccess [org.hibernate.engine.jdbc.env.internal.JdbcEnvironmentInitiator$ConnectionProviderJdbcConnectionAccess@1d5981c6] for (non-JTA) DDL execution was not in auto-commit mode; the Connection 'local transaction' will be committed and the Connection will be set into auto-commit mode.
06-Sep-2026 01:03:00.086 INFO [http-nio-8080-exec-2] org.hibernate.jpa.internal.util.LogHelper.logPersistenceUnitInformation HHH000204: Processing PersistenceUnitInfo [name: jpa-hibernate-mysql]
06-Sep-2026 01:03:00.090 INFO [http-nio-8080-exec-2] org.hibernate.cache.internal.RegionFactoryInitiator.initiateService HHH000026: Second-level cache disabled
06-Sep-2026 01:03:00.115 WARN [http-nio-8080-exec-2] org.hibernate.engine.jdbc.connections.internal.DriverManagerConnectionProviderImpl.configure HHH10001002: Using built-in connection pool (not intended for production use)
06-Sep-2026 01:03:00.115 INFO [http-nio-8080-exec-2] org.hibernate.engine.jdbc.connections.internal.DriverManagerConnectionProviderImpl.buildCreator HHH10001005: Loaded JDBC driver class: com.mysql.cj.jdbc.Driver
06-Sep-2026 01:03:00.115 INFO [http-nio-8080-exec-2] org.hibernate.engine.jdbc.connections.internal.DriverManagerConnectionProviderImpl.buildCreator HHH10001012: Connecting with JDBC URL [jdbc:mysql://localhost:3306/webst2?useSSL=false&allowPublicKeyRetrieval=true&serverTimezone=UTC]
06-Sep-2026 01:03:00.116 INFO [http-nio-8080-exec-2] org.hibernate.engine.jdbc.connections.internal.DriverManagerConnectionProviderImpl.buildCreator HHH10001001: Connection properties: {password=****, user=root}
06-Sep-2026 01:03:00.116 INFO [http-nio-8080-exec-2] org.hibernate.engine.jdbc.connections.internal.DriverManagerConnectionProviderImpl.buildCreator HHH10001003: Autocommit mode: false
06-Sep-2026 01:03:00.116 INFO [http-nio-8080-exec-2] org.hibernate.engine.jdbc.connections.internal.DriverManagerConnectionProviderImpl$PooledConnections.<init> HHH10001115: Connection pool size: 20 (min=1)
06-Sep-2026 01:03:00.123 WARN [http-nio-8080-exec-2] org.hibernate.engine.jdbc.dialect.internal.DialectFactoryImpl.constructDialect HHH90000025: MySQLDialect does not need to be specified explicitly using 'hibernate.dialect' (remove the property setting and it will be selected by default)
06-Sep-2026 01:03:00.192 INFO [http-nio-8080-exec-2] org.hibernate.engine.transaction.jta.platform.internal.JtaPlatformInitiator.initiateService HHH000489: No JTA platform available (set 'hibernate.transaction.jta.platform' to enable JTA platform integration)
06-Sep-2026 01:03:00.193 INFO [http-nio-8080-exec-2] org.hibernate.resource.transaction.backend.jdbc.internal.DdlTransactionIsolatorNonJtaImpl.getIsolatedConnection HHH10001501: Connection obtained from JdbcConnectionAccess [org.hibernate.engine.jdbc.env.internal.JdbcEnvironmentInitiator$ConnectionProviderJdbcConnectionAccess@c11abf1] for (non-JTA) DDL execution was not in auto-commit mode; the Connection 'local transaction' will be committed and the Connection will be set into auto-commit mode.
06-Sep-2026 01:03:00.539 INFO [http-nio-8080-exec-10] org.hibernate.jpa.internal.util.LogHelper.logPersistenceUnitInformation HHH000204: Processing PersistenceUnitInfo [name: jpa-hibernate-mysql]
06-Sep-2026 01:03:00.541 INFO [http-nio-8080-exec-10] org.hibernate.cache.internal.RegionFactoryInitiator.initiateService HHH000026: Second-level cache disabled
06-Sep-2026 01:03:00.573 WARN [http-nio-8080-exec-10] org.hibernate.engine.jdbc.connections.internal.DriverManagerConnectionProviderImpl.configure HHH10001002: Using built-in connection pool (not intended for production use)
06-Sep-2026 01:03:00.574 INFO [http-nio-8080-exec-10] org.hibernate.engine.jdbc.connections.internal.DriverManagerConnectionProviderImpl.buildCreator HHH10001005: Loaded JDBC driver class: com.mysql.cj.jdbc.Driver
06-Sep-2026 01:03:00.574 INFO [http-nio-8080-exec-10] org.hibernate.engine.jdbc.connections.internal.DriverManagerConnectionProviderImpl.buildCreator HHH10001012: Connecting with JDBC URL [jdbc:mysql://localhost:3306/webst2?useSSL=false&allowPublicKeyRetrieval=true&serverTimezone=UTC]
06-Sep-2026 01:03:00.575 INFO [http-nio-8080-exec-10] org.hibernate.engine.jdbc.connections.internal.DriverManagerConnectionProviderImpl.buildCreator HHH10001001: Connection properties: {password=****, user=root}
06-Sep-2026 01:03:00.575 INFO [http-nio-8080-exec-10] org.hibernate.engine.jdbc.connections.internal.DriverManagerConnectionProviderImpl.buildCreator HHH10001003: Autocommit mode: false
06-Sep-2026 01:03:00.575 INFO [http-nio-8080-exec-10] org.hibernate.engine.jdbc.connections.internal.DriverManagerConnectionProviderImpl$PooledConnections.<init> HHH10001115: Connection pool size: 20 (min=1)
06-Sep-2026 01:03:00.585 WARN [http-nio-8080-exec-10] org.hibernate.engine.jdbc.dialect.internal.DialectFactoryImpl.constructDialect HHH90000025: MySQLDialect does not need to be specified explicitly using 'hibernate.dialect' (remove the property setting and it will be selected by default)
06-Sep-2026 01:03:00.654 INFO [http-nio-8080-exec-10] org.hibernate.engine.transaction.jta.platform.internal.JtaPlatformInitiator.initiateService HHH000489: No JTA platform available (set 'hibernate.transaction.jta.platform' to enable JTA platform integration)
06-Sep-2026 01:03:00.656 INFO [http-nio-8080-exec-10] org.hibernate.resource.transaction.backend.jdbc.internal.DdlTransactionIsolatorNonJtaImpl.getIsolatedConnection HHH10001501: Connection obtained from JdbcConnectionAccess [org.hibernate.engine.jdbc.env.internal.JdbcEnvironmentInitiator$ConnectionProviderJdbcConnectionAccess@7a8fdcc] for (non-JTA) DDL execution was not in auto-commit mode; the Connection 'local transaction' will be committed and the Connection will be set into auto-commit mode.
06-Sep-2026 01:03:00.739 INFO [http-nio-8080-exec-4] org.hibernate.jpa.internal.util.LogHelper.logPersistenceUnitInformation HHH000204: Processing PersistenceUnitInfo [name: jpa-hibernate-mysql]
06-Sep-2026 01:03:00.743 INFO [http-nio-8080-exec-4] org.hibernate.cache.internal.RegionFactoryInitiator.initiateService HHH000026: Second-level cache disabled
06-Sep-2026 01:03:00.768 WARN [http-nio-8080-exec-4] org.hibernate.engine.jdbc.connections.internal.DriverManagerConnectionProviderImpl.configure HHH10001002: Using built-in connection pool (not intended for production use)
06-Sep-2026 01:03:00.769 INFO [http-nio-8080-exec-4] org.hibernate.engine.jdbc.connections.internal.DriverManagerConnectionProviderImpl.buildCreator HHH10001005: Loaded JDBC driver class: com.mysql.cj.jdbc.Driver
06-Sep-2026 01:03:00.769 INFO [http-nio-8080-exec-4] org.hibernate.engine.jdbc.connections.internal.DriverManagerConnectionProviderImpl.buildCreator HHH10001012: Connecting with JDBC URL [jdbc:mysql://localhost:3306/webst2?useSSL=false&allowPublicKeyRetrieval=true&serverTimezone=UTC]
06-Sep-2026 01:03:00.769 INFO [http-nio-8080-exec-4] org.hibernate.engine.jdbc.connections.internal.DriverManagerConnectionProviderImpl.buildCreator HHH10001001: Connection properties: {password=****, user=root}
06-Sep-2026 01:03:00.770 INFO [http-nio-8080-exec-4] org.hibernate.engine.jdbc.connections.internal.DriverManagerConnectionProviderImpl.buildCreator HHH10001003: Autocommit mode: false
06-Sep-2026 01:03:00.770 INFO [http-nio-8080-exec-4] org.hibernate.engine.jdbc.connections.internal.DriverManagerConnectionProviderImpl$PooledConnections.<init> HHH10001115: Connection pool size: 20 (min=1)
06-Sep-2026 01:03:00.777 WARN [http-nio-8080-exec-4] org.hibernate.engine.jdbc.dialect.internal.DialectFactoryImpl.constructDialect HHH90000025: MySQLDialect does not need to be specified explicitly using 'hibernate.dialect' (remove the property setting and it will be selected by default)
06-Sep-2026 01:03:00.843 INFO [http-nio-8080-exec-4] org.hibernate.engine.transaction.jta.platform.internal.JtaPlatformInitiator.initiateService HHH000489: No JTA platform available (set 'hibernate.transaction.jta.platform' to enable JTA platform integration)
06-Sep-2026 01:03:00.846 INFO [http-nio-8080-exec-4] org.hibernate.resource.transaction.backend.jdbc.internal.DdlTransactionIsolatorNonJtaImpl.getIsolatedConnection HHH10001501: Connection obtained from JdbcConnectionAccess [org.hibernate.engine.jdbc.env.internal.JdbcEnvironmentInitiator$ConnectionProviderJdbcConnectionAccess@48463d96] for (non-JTA) DDL execution was not in auto-commit mode; the Connection 'local transaction' will be committed and the Connection will be set into auto-commit mode.
06-Sep-2026 01:03:00.883 INFO [http-nio-8080-exec-4] org.hibernate.jpa.internal.util.LogHelper.logPersistenceUnitInformation HHH000204: Processing PersistenceUnitInfo [name: jpa-hibernate-mysql]
06-Sep-2026 01:03:00.885 INFO [http-nio-8080-exec-4] org.hibernate.cache.internal.RegionFactoryInitiator.initiateService HHH000026: Second-level cache disabled
06-Sep-2026 01:03:00.909 WARN [http-nio-8080-exec-4] org.hibernate.engine.jdbc.connections.internal.DriverManagerConnectionProviderImpl.configure HHH10001002: Using built-in connection pool (not intended for production use)
06-Sep-2026 01:03:00.909 INFO [http-nio-8080-exec-4] org.hibernate.engine.jdbc.connections.internal.DriverManagerConnectionProviderImpl.buildCreator HHH10001005: Loaded JDBC driver class: com.mysql.cj.jdbc.Driver
06-Sep-2026 01:03:00.909 INFO [http-nio-8080-exec-4] org.hibernate.engine.jdbc.connections.internal.DriverManagerConnectionProviderImpl.buildCreator HHH10001012: Connecting with JDBC URL [jdbc:mysql://localhost:3306/webst2?useSSL=false&allowPublicKeyRetrieval=true&serverTimezone=UTC]
06-Sep-2026 01:03:00.909 INFO [http-nio-8080-exec-4] org.hibernate.engine.jdbc.connections.internal.DriverManagerConnectionProviderImpl.buildCreator HHH10001001: Connection properties: {password=****, user=root}
06-Sep-2026 01:03:00.911 INFO [http-nio-8080-exec-4] org.hibernate.engine.jdbc.connections.internal.DriverManagerConnectionProviderImpl.buildCreator HHH10001003: Autocommit mode: false
06-Sep-2026 01:03:00.911 INFO [http-nio-8080-exec-4] org.hibernate.engine.jdbc.connections.internal.DriverManagerConnectionProviderImpl$PooledConnections.<init> HHH10001115: Connection pool size: 20 (min=1)
06-Sep-2026 01:03:00.921 WARN [http-nio-8080-exec-4] org.hibernate.engine.jdbc.dialect.internal.DialectFactoryImpl.constructDialect HHH90000025: MySQLDialect does not need to be specified explicitly using 'hibernate.dialect' (remove the property setting and it will be selected by default)
06-Sep-2026 01:03:00.982 INFO [http-nio-8080-exec-4] org.hibernate.engine.transaction.jta.platform.internal.JtaPlatformInitiator.initiateService HHH000489: No JTA platform available (set 'hibernate.transaction.jta.platform' to enable JTA platform integration)
06-Sep-2026 01:03:00.984 INFO [http-nio-8080-exec-4] org.hibernate.resource.transaction.backend.jdbc.internal.DdlTransactionIsolatorNonJtaImpl.getIsolatedConnection HHH10001501: Connection obtained from JdbcConnectionAccess [org.hibernate.engine.jdbc.env.internal.JdbcEnvironmentInitiator$ConnectionProviderJdbcConnectionAccess@32bd4a35] for (non-JTA) DDL execution was not in auto-commit mode; the Connection 'local transaction' will be committed and the Connection will be set into auto-commit mode.
06-Sep-2026 01:03:01.171 INFO [http-nio-8080-exec-5] org.hibernate.jpa.internal.util.LogHelper.logPersistenceUnitInformation HHH000204: Processing PersistenceUnitInfo [name: jpa-hibernate-mysql]
06-Sep-2026 01:03:01.173 INFO [http-nio-8080-exec-5] org.hibernate.cache.internal.RegionFactoryInitiator.initiateService HHH000026: Second-level cache disabled
06-Sep-2026 01:03:01.196 WARN [http-nio-8080-exec-5] org.hibernate.engine.jdbc.connections.internal.DriverManagerConnectionProviderImpl.configure HHH10001002: Using built-in connection pool (not intended for production use)
06-Sep-2026 01:03:01.197 INFO [http-nio-8080-exec-5] org.hibernate.engine.jdbc.connections.internal.DriverManagerConnectionProviderImpl.buildCreator HHH10001005: Loaded JDBC driver class: com.mysql.cj.jdbc.Driver
06-Sep-2026 01:03:01.197 INFO [http-nio-8080-exec-5] org.hibernate.engine.jdbc.connections.internal.DriverManagerConnectionProviderImpl.buildCreator HHH10001012: Connecting with JDBC URL [jdbc:mysql://localhost:3306/webst2?useSSL=false&allowPublicKeyRetrieval=true&serverTimezone=UTC]
06-Sep-2026 01:03:01.198 INFO [http-nio-8080-exec-5] org.hibernate.engine.jdbc.connections.internal.DriverManagerConnectionProviderImpl.buildCreator HHH10001001: Connection properties: {password=****, user=root}
06-Sep-2026 01:03:01.198 INFO [http-nio-8080-exec-5] org.hibernate.engine.jdbc.connections.internal.DriverManagerConnectionProviderImpl.buildCreator HHH10001003: Autocommit mode: false
06-Sep-2026 01:03:01.199 INFO [http-nio-8080-exec-5] org.hibernate.engine.jdbc.connections.internal.DriverManagerConnectionProviderImpl$PooledConnections.<init> HHH10001115: Connection pool size: 20 (min=1)
06-Sep-2026 01:03:01.204 WARN [http-nio-8080-exec-5] org.hibernate.engine.jdbc.dialect.internal.DialectFactoryImpl.constructDialect HHH90000025: MySQLDialect does not need to be specified explicitly using 'hibernate.dialect' (remove the property setting and it will be selected by default)
06-Sep-2026 01:03:01.256 INFO [http-nio-8080-exec-5] org.hibernate.engine.transaction.jta.platform.internal.JtaPlatformInitiator.initiateService HHH000489: No JTA platform available (set 'hibernate.transaction.jta.platform' to enable JTA platform integration)
06-Sep-2026 01:03:01.257 INFO [http-nio-8080-exec-5] org.hibernate.resource.transaction.backend.jdbc.internal.DdlTransactionIsolatorNonJtaImpl.getIsolatedConnection HHH10001501: Connection obtained from JdbcConnectionAccess [org.hibernate.engine.jdbc.env.internal.JdbcEnvironmentInitiator$ConnectionProviderJdbcConnectionAccess@6d9d7a4] for (non-JTA) DDL execution was not in auto-commit mode; the Connection 'local transaction' will be committed and the Connection will be set into auto-commit mode.
06-Sep-2026 01:03:11.555 INFO [http-nio-8080-exec-7] org.hibernate.jpa.internal.util.LogHelper.logPersistenceUnitInformation HHH000204: Processing PersistenceUnitInfo [name: jpa-hibernate-mysql]
06-Sep-2026 01:03:11.559 INFO [http-nio-8080-exec-7] org.hibernate.cache.internal.RegionFactoryInitiator.initiateService HHH000026: Second-level cache disabled
06-Sep-2026 01:03:11.579 WARN [http-nio-8080-exec-7] org.hibernate.engine.jdbc.connections.internal.DriverManagerConnectionProviderImpl.configure HHH10001002: Using built-in connection pool (not intended for production use)
06-Sep-2026 01:03:11.580 INFO [http-nio-8080-exec-7] org.hibernate.engine.jdbc.connections.internal.DriverManagerConnectionProviderImpl.buildCreator HHH10001005: Loaded JDBC driver class: com.mysql.cj.jdbc.Driver
06-Sep-2026 01:03:11.580 INFO [http-nio-8080-exec-7] org.hibernate.engine.jdbc.connections.internal.DriverManagerConnectionProviderImpl.buildCreator HHH10001012: Connecting with JDBC URL [jdbc:mysql://localhost:3306/webst2?useSSL=false&allowPublicKeyRetrieval=true&serverTimezone=UTC]
06-Sep-2026 01:03:11.580 INFO [http-nio-8080-exec-7] org.hibernate.engine.jdbc.connections.internal.DriverManagerConnectionProviderImpl.buildCreator HHH10001001: Connection properties: {password=****, user=root}
06-Sep-2026 01:03:11.580 INFO [http-nio-8080-exec-7] org.hibernate.engine.jdbc.connections.internal.DriverManagerConnectionProviderImpl.buildCreator HHH10001003: Autocommit mode: false
06-Sep-2026 01:03:11.581 INFO [http-nio-8080-exec-7] org.hibernate.engine.jdbc.connections.internal.DriverManagerConnectionProviderImpl$PooledConnections.<init> HHH10001115: Connection pool size: 20 (min=1)
06-Sep-2026 01:03:11.586 WARN [http-nio-8080-exec-7] org.hibernate.engine.jdbc.dialect.internal.DialectFactoryImpl.constructDialect HHH90000025: MySQLDialect does not need to be specified explicitly using 'hibernate.dialect' (remove the property setting and it will be selected by default)
06-Sep-2026 01:03:11.640 INFO [http-nio-8080-exec-7] org.hibernate.engine.transaction.jta.platform.internal.JtaPlatformInitiator.initiateService HHH000489: No JTA platform available (set 'hibernate.transaction.jta.platform' to enable JTA platform integration)
06-Sep-2026 01:03:11.642 INFO [http-nio-8080-exec-7] org.hibernate.resource.transaction.backend.jdbc.internal.DdlTransactionIsolatorNonJtaImpl.getIsolatedConnection HHH10001501: Connection obtained from JdbcConnectionAccess [org.hibernate.engine.jdbc.env.internal.JdbcEnvironmentInitiator$ConnectionProviderJdbcConnectionAccess@2e84e2c] for (non-JTA) DDL execution was not in auto-commit mode; the Connection 'local transaction' will be committed and the Connection will be set into auto-commit mode.
06-Sep-2026 01:03:11.721 INFO [http-nio-8080-exec-9] org.hibernate.jpa.internal.util.LogHelper.logPersistenceUnitInformation HHH000204: Processing PersistenceUnitInfo [name: jpa-hibernate-mysql]
06-Sep-2026 01:03:11.722 INFO [http-nio-8080-exec-9] org.hibernate.cache.internal.RegionFactoryInitiator.initiateService HHH000026: Second-level cache disabled
06-Sep-2026 01:03:11.739 WARN [http-nio-8080-exec-9] org.hibernate.engine.jdbc.connections.internal.DriverManagerConnectionProviderImpl.configure HHH10001002: Using built-in connection pool (not intended for production use)
06-Sep-2026 01:03:11.740 INFO [http-nio-8080-exec-9] org.hibernate.engine.jdbc.connections.internal.DriverManagerConnectionProviderImpl.buildCreator HHH10001005: Loaded JDBC driver class: com.mysql.cj.jdbc.Driver
06-Sep-2026 01:03:11.740 INFO [http-nio-8080-exec-9] org.hibernate.engine.jdbc.connections.internal.DriverManagerConnectionProviderImpl.buildCreator HHH10001012: Connecting with JDBC URL [jdbc:mysql://localhost:3306/webst2?useSSL=false&allowPublicKeyRetrieval=true&serverTimezone=UTC]
06-Sep-2026 01:03:11.740 INFO [http-nio-8080-exec-9] org.hibernate.engine.jdbc.connections.internal.DriverManagerConnectionProviderImpl.buildCreator HHH10001001: Connection properties: {password=****, user=root}
06-Sep-2026 01:03:11.740 INFO [http-nio-8080-exec-9] org.hibernate.engine.jdbc.connections.internal.DriverManagerConnectionProviderImpl.buildCreator HHH10001003: Autocommit mode: false
06-Sep-2026 01:03:11.741 INFO [http-nio-8080-exec-9] org.hibernate.engine.jdbc.connections.internal.DriverManagerConnectionProviderImpl$PooledConnections.<init> HHH10001115: Connection pool size: 20 (min=1)
06-Sep-2026 01:03:11.744 WARN [http-nio-8080-exec-9] org.hibernate.engine.jdbc.dialect.internal.DialectFactoryImpl.constructDialect HHH90000025: MySQLDialect does not need to be specified explicitly using 'hibernate.dialect' (remove the property setting and it will be selected by default)
06-Sep-2026 01:03:11.787 INFO [http-nio-8080-exec-9] org.hibernate.engine.transaction.jta.platform.internal.JtaPlatformInitiator.initiateService HHH000489: No JTA platform available (set 'hibernate.transaction.jta.platform' to enable JTA platform integration)
06-Sep-2026 01:03:11.789 INFO [http-nio-8080-exec-9] org.hibernate.resource.transaction.backend.jdbc.internal.DdlTransactionIsolatorNonJtaImpl.getIsolatedConnection HHH10001501: Connection obtained from JdbcConnectionAccess [org.hibernate.engine.jdbc.env.internal.JdbcEnvironmentInitiator$ConnectionProviderJdbcConnectionAccess@6875daa0] for (non-JTA) DDL execution was not in auto-commit mode; the Connection 'local transaction' will be committed and the Connection will be set into auto-commit mode.
06-Sep-2026 01:03:11.809 INFO [http-nio-8080-exec-9] org.hibernate.jpa.internal.util.LogHelper.logPersistenceUnitInformation HHH000204: Processing PersistenceUnitInfo [name: jpa-hibernate-mysql]
06-Sep-2026 01:03:11.809 INFO [http-nio-8080-exec-9] org.hibernate.cache.internal.RegionFactoryInitiator.initiateService HHH000026: Second-level cache disabled
06-Sep-2026 01:03:11.823 WARN [http-nio-8080-exec-9] org.hibernate.engine.jdbc.connections.internal.DriverManagerConnectionProviderImpl.configure HHH10001002: Using built-in connection pool (not intended for production use)
06-Sep-2026 01:03:11.823 INFO [http-nio-8080-exec-9] org.hibernate.engine.jdbc.connections.internal.DriverManagerConnectionProviderImpl.buildCreator HHH10001005: Loaded JDBC driver class: com.mysql.cj.jdbc.Driver
06-Sep-2026 01:03:11.823 INFO [http-nio-8080-exec-9] org.hibernate.engine.jdbc.connections.internal.DriverManagerConnectionProviderImpl.buildCreator HHH10001012: Connecting with JDBC URL [jdbc:mysql://localhost:3306/webst2?useSSL=false&allowPublicKeyRetrieval=true&serverTimezone=UTC]
06-Sep-2026 01:03:11.823 INFO [http-nio-8080-exec-9] org.hibernate.engine.jdbc.connections.internal.DriverManagerConnectionProviderImpl.buildCreator HHH10001001: Connection properties: {password=****, user=root}
06-Sep-2026 01:03:11.824 INFO [http-nio-8080-exec-9] org.hibernate.engine.jdbc.connections.internal.DriverManagerConnectionProviderImpl.buildCreator HHH10001003: Autocommit mode: false
06-Sep-2026 01:03:11.824 INFO [http-nio-8080-exec-9] org.hibernate.engine.jdbc.connections.internal.DriverManagerConnectionProviderImpl$PooledConnections.<init> HHH10001115: Connection pool size: 20 (min=1)
06-Sep-2026 01:03:11.831 WARN [http-nio-8080-exec-9] org.hibernate.engine.jdbc.dialect.internal.DialectFactoryImpl.constructDialect HHH90000025: MySQLDialect does not need to be specified explicitly using 'hibernate.dialect' (remove the property setting and it will be selected by default)
06-Sep-2026 01:03:11.872 INFO [http-nio-8080-exec-9] org.hibernate.engine.transaction.jta.platform.internal.JtaPlatformInitiator.initiateService HHH000489: No JTA platform available (set 'hibernate.transaction.jta.platform' to enable JTA platform integration)
06-Sep-2026 01:03:11.874 INFO [http-nio-8080-exec-9] org.hibernate.resource.transaction.backend.jdbc.internal.DdlTransactionIsolatorNonJtaImpl.getIsolatedConnection HHH10001501: Connection obtained from JdbcConnectionAccess [org.hibernate.engine.jdbc.env.internal.JdbcEnvironmentInitiator$ConnectionProviderJdbcConnectionAccess@7ce7ab31] for (non-JTA) DDL execution was not in auto-commit mode; the Connection 'local transaction' will be committed and the Connection will be set into auto-commit mode.
06-Sep-2026 01:03:11.977 INFO [http-nio-8080-exec-8] org.hibernate.jpa.internal.util.LogHelper.logPersistenceUnitInformation HHH000204: Processing PersistenceUnitInfo [name: jpa-hibernate-mysql]
06-Sep-2026 01:03:11.979 INFO [http-nio-8080-exec-8] org.hibernate.cache.internal.RegionFactoryInitiator.initiateService HHH000026: Second-level cache disabled
06-Sep-2026 01:03:12.006 WARN [http-nio-8080-exec-8] org.hibernate.engine.jdbc.connections.internal.DriverManagerConnectionProviderImpl.configure HHH10001002: Using built-in connection pool (not intended for production use)
06-Sep-2026 01:03:12.007 INFO [http-nio-8080-exec-8] org.hibernate.engine.jdbc.connections.internal.DriverManagerConnectionProviderImpl.buildCreator HHH10001005: Loaded JDBC driver class: com.mysql.cj.jdbc.Driver
06-Sep-2026 01:03:12.007 INFO [http-nio-8080-exec-8] org.hibernate.engine.jdbc.connections.internal.DriverManagerConnectionProviderImpl.buildCreator HHH10001012: Connecting with JDBC URL [jdbc:mysql://localhost:3306/webst2?useSSL=false&allowPublicKeyRetrieval=true&serverTimezone=UTC]
06-Sep-2026 01:03:12.007 INFO [http-nio-8080-exec-8] org.hibernate.engine.jdbc.connections.internal.DriverManagerConnectionProviderImpl.buildCreator HHH10001001: Connection properties: {password=****, user=root}
06-Sep-2026 01:03:12.007 INFO [http-nio-8080-exec-8] org.hibernate.engine.jdbc.connections.internal.DriverManagerConnectionProviderImpl.buildCreator HHH10001003: Autocommit mode: false
06-Sep-2026 01:03:12.007 INFO [http-nio-8080-exec-8] org.hibernate.engine.jdbc.connections.internal.DriverManagerConnectionProviderImpl$PooledConnections.<init> HHH10001115: Connection pool size: 20 (min=1)
06-Sep-2026 01:03:12.014 WARN [http-nio-8080-exec-8] org.hibernate.engine.jdbc.dialect.internal.DialectFactoryImpl.constructDialect HHH90000025: MySQLDialect does not need to be specified explicitly using 'hibernate.dialect' (remove the property setting and it will be selected by default)
06-Sep-2026 01:03:12.088 INFO [http-nio-8080-exec-8] org.hibernate.engine.transaction.jta.platform.internal.JtaPlatformInitiator.initiateService HHH000489: No JTA platform available (set 'hibernate.transaction.jta.platform' to enable JTA platform integration)
06-Sep-2026 01:03:12.092 INFO [http-nio-8080-exec-8] org.hibernate.resource.transaction.backend.jdbc.internal.DdlTransactionIsolatorNonJtaImpl.getIsolatedConnection HHH10001501: Connection obtained from JdbcConnectionAccess [org.hibernate.engine.jdbc.env.internal.JdbcEnvironmentInitiator$ConnectionProviderJdbcConnectionAccess@46ea7659] for (non-JTA) DDL execution was not in auto-commit mode; the Connection 'local transaction' will be committed and the Connection will be set into auto-commit mode.
06-Sep-2026 01:03:56.053 INFO [http-nio-8080-exec-3] org.hibernate.jpa.internal.util.LogHelper.logPersistenceUnitInformation HHH000204: Processing PersistenceUnitInfo [name: jpa-hibernate-mysql]
06-Sep-2026 01:03:56.060 INFO [http-nio-8080-exec-3] org.hibernate.cache.internal.RegionFactoryInitiator.initiateService HHH000026: Second-level cache disabled
06-Sep-2026 01:03:56.096 WARN [http-nio-8080-exec-3] org.hibernate.engine.jdbc.connections.internal.DriverManagerConnectionProviderImpl.configure HHH10001002: Using built-in connection pool (not intended for production use)
06-Sep-2026 01:03:56.096 INFO [http-nio-8080-exec-3] org.hibernate.engine.jdbc.connections.internal.DriverManagerConnectionProviderImpl.buildCreator HHH10001005: Loaded JDBC driver class: com.mysql.cj.jdbc.Driver
06-Sep-2026 01:03:56.096 INFO [http-nio-8080-exec-3] org.hibernate.engine.jdbc.connections.internal.DriverManagerConnectionProviderImpl.buildCreator HHH10001012: Connecting with JDBC URL [jdbc:mysql://localhost:3306/webst2?useSSL=false&allowPublicKeyRetrieval=true&serverTimezone=UTC]
06-Sep-2026 01:03:56.098 INFO [http-nio-8080-exec-3] org.hibernate.engine.jdbc.connections.internal.DriverManagerConnectionProviderImpl.buildCreator HHH10001001: Connection properties: {password=****, user=root}
06-Sep-2026 01:03:56.098 INFO [http-nio-8080-exec-3] org.hibernate.engine.jdbc.connections.internal.DriverManagerConnectionProviderImpl.buildCreator HHH10001003: Autocommit mode: false
06-Sep-2026 01:03:56.098 INFO [http-nio-8080-exec-3] org.hibernate.engine.jdbc.connections.internal.DriverManagerConnectionProviderImpl$PooledConnections.<init> HHH10001115: Connection pool size: 20 (min=1)
06-Sep-2026 01:03:56.105 WARN [http-nio-8080-exec-3] org.hibernate.engine.jdbc.dialect.internal.DialectFactoryImpl.constructDialect HHH90000025: MySQLDialect does not need to be specified explicitly using 'hibernate.dialect' (remove the property setting and it will be selected by default)
06-Sep-2026 01:03:56.191 INFO [http-nio-8080-exec-3] org.hibernate.engine.transaction.jta.platform.internal.JtaPlatformInitiator.initiateService HHH000489: No JTA platform available (set 'hibernate.transaction.jta.platform' to enable JTA platform integration)
06-Sep-2026 01:03:56.192 INFO [http-nio-8080-exec-3] org.hibernate.resource.transaction.backend.jdbc.internal.DdlTransactionIsolatorNonJtaImpl.getIsolatedConnection HHH10001501: Connection obtained from JdbcConnectionAccess [org.hibernate.engine.jdbc.env.internal.JdbcEnvironmentInitiator$ConnectionProviderJdbcConnectionAccess@25f33c1b] for (non-JTA) DDL execution was not in auto-commit mode; the Connection 'local transaction' will be committed and the Connection will be set into auto-commit mode.
06-Sep-2026 01:03:56.216 INFO [http-nio-8080-exec-3] org.hibernate.jpa.internal.util.LogHelper.logPersistenceUnitInformation HHH000204: Processing PersistenceUnitInfo [name: jpa-hibernate-mysql]
06-Sep-2026 01:03:56.219 INFO [http-nio-8080-exec-3] org.hibernate.cache.internal.RegionFactoryInitiator.initiateService HHH000026: Second-level cache disabled
06-Sep-2026 01:03:56.242 WARN [http-nio-8080-exec-3] org.hibernate.engine.jdbc.connections.internal.DriverManagerConnectionProviderImpl.configure HHH10001002: Using built-in connection pool (not intended for production use)
06-Sep-2026 01:03:56.243 INFO [http-nio-8080-exec-3] org.hibernate.engine.jdbc.connections.internal.DriverManagerConnectionProviderImpl.buildCreator HHH10001005: Loaded JDBC driver class: com.mysql.cj.jdbc.Driver
06-Sep-2026 01:03:56.243 INFO [http-nio-8080-exec-3] org.hibernate.engine.jdbc.connections.internal.DriverManagerConnectionProviderImpl.buildCreator HHH10001012: Connecting with JDBC URL [jdbc:mysql://localhost:3306/webst2?useSSL=false&allowPublicKeyRetrieval=true&serverTimezone=UTC]
06-Sep-2026 01:03:56.243 INFO [http-nio-8080-exec-3] org.hibernate.engine.jdbc.connections.internal.DriverManagerConnectionProviderImpl.buildCreator HHH10001001: Connection properties: {password=****, user=root}
06-Sep-2026 01:03:56.243 INFO [http-nio-8080-exec-3] org.hibernate.engine.jdbc.connections.internal.DriverManagerConnectionProviderImpl.buildCreator HHH10001003: Autocommit mode: false
06-Sep-2026 01:03:56.243 INFO [http-nio-8080-exec-3] org.hibernate.engine.jdbc.connections.internal.DriverManagerConnectionProviderImpl$PooledConnections.<init> HHH10001115: Connection pool size: 20 (min=1)
06-Sep-2026 01:03:56.251 WARN [http-nio-8080-exec-3] org.hibernate.engine.jdbc.dialect.internal.DialectFactoryImpl.constructDialect HHH90000025: MySQLDialect does not need to be specified explicitly using 'hibernate.dialect' (remove the property setting and it will be selected by default)
06-Sep-2026 01:03:56.317 INFO [http-nio-8080-exec-3] org.hibernate.engine.transaction.jta.platform.internal.JtaPlatformInitiator.initiateService HHH000489: No JTA platform available (set 'hibernate.transaction.jta.platform' to enable JTA platform integration)
06-Sep-2026 01:03:56.319 INFO [http-nio-8080-exec-3] org.hibernate.resource.transaction.backend.jdbc.internal.DdlTransactionIsolatorNonJtaImpl.getIsolatedConnection HHH10001501: Connection obtained from JdbcConnectionAccess [org.hibernate.engine.jdbc.env.internal.JdbcEnvironmentInitiator$ConnectionProviderJdbcConnectionAccess@1ac2e4f6] for (non-JTA) DDL execution was not in auto-commit mode; the Connection 'local transaction' will be committed and the Connection will be set into auto-commit mode.
06-Sep-2026 01:04:09.718 INFO [http-nio-8080-exec-7] org.hibernate.jpa.internal.util.LogHelper.logPersistenceUnitInformation HHH000204: Processing PersistenceUnitInfo [name: jpa-hibernate-mysql]
06-Sep-2026 01:04:09.726 INFO [http-nio-8080-exec-7] org.hibernate.cache.internal.RegionFactoryInitiator.initiateService HHH000026: Second-level cache disabled
06-Sep-2026 01:04:09.763 WARN [http-nio-8080-exec-7] org.hibernate.engine.jdbc.connections.internal.DriverManagerConnectionProviderImpl.configure HHH10001002: Using built-in connection pool (not intended for production use)
06-Sep-2026 01:04:09.764 INFO [http-nio-8080-exec-7] org.hibernate.engine.jdbc.connections.internal.DriverManagerConnectionProviderImpl.buildCreator HHH10001005: Loaded JDBC driver class: com.mysql.cj.jdbc.Driver
06-Sep-2026 01:04:09.764 INFO [http-nio-8080-exec-7] org.hibernate.engine.jdbc.connections.internal.DriverManagerConnectionProviderImpl.buildCreator HHH10001012: Connecting with JDBC URL [jdbc:mysql://localhost:3306/webst2?useSSL=false&allowPublicKeyRetrieval=true&serverTimezone=UTC]
06-Sep-2026 01:04:09.764 INFO [http-nio-8080-exec-7] org.hibernate.engine.jdbc.connections.internal.DriverManagerConnectionProviderImpl.buildCreator HHH10001001: Connection properties: {password=****, user=root}
06-Sep-2026 01:04:09.764 INFO [http-nio-8080-exec-7] org.hibernate.engine.jdbc.connections.internal.DriverManagerConnectionProviderImpl.buildCreator HHH10001003: Autocommit mode: false
06-Sep-2026 01:04:09.764 INFO [http-nio-8080-exec-7] org.hibernate.engine.jdbc.connections.internal.DriverManagerConnectionProviderImpl$PooledConnections.<init> HHH10001115: Connection pool size: 20 (min=1)
06-Sep-2026 01:04:09.771 WARN [http-nio-8080-exec-7] org.hibernate.engine.jdbc.dialect.internal.DialectFactoryImpl.constructDialect HHH90000025: MySQLDialect does not need to be specified explicitly using 'hibernate.dialect' (remove the property setting and it will be selected by default)
06-Sep-2026 01:04:09.844 INFO [http-nio-8080-exec-7] org.hibernate.engine.transaction.jta.platform.internal.JtaPlatformInitiator.initiateService HHH000489: No JTA platform available (set 'hibernate.transaction.jta.platform' to enable JTA platform integration)
06-Sep-2026 01:04:09.847 INFO [http-nio-8080-exec-7] org.hibernate.resource.transaction.backend.jdbc.internal.DdlTransactionIsolatorNonJtaImpl.getIsolatedConnection HHH10001501: Connection obtained from JdbcConnectionAccess [org.hibernate.engine.jdbc.env.internal.JdbcEnvironmentInitiator$ConnectionProviderJdbcConnectionAccess@1381eb50] for (non-JTA) DDL execution was not in auto-commit mode; the Connection 'local transaction' will be committed and the Connection will be set into auto-commit mode.
06-Sep-2026 01:04:09.870 INFO [http-nio-8080-exec-7] org.hibernate.jpa.internal.util.LogHelper.logPersistenceUnitInformation HHH000204: Processing PersistenceUnitInfo [name: jpa-hibernate-mysql]
06-Sep-2026 01:04:09.871 INFO [http-nio-8080-exec-7] org.hibernate.cache.internal.RegionFactoryInitiator.initiateService HHH000026: Second-level cache disabled
06-Sep-2026 01:04:09.898 WARN [http-nio-8080-exec-7] org.hibernate.engine.jdbc.connections.internal.DriverManagerConnectionProviderImpl.configure HHH10001002: Using built-in connection pool (not intended for production use)
06-Sep-2026 01:04:09.899 INFO [http-nio-8080-exec-7] org.hibernate.engine.jdbc.connections.internal.DriverManagerConnectionProviderImpl.buildCreator HHH10001005: Loaded JDBC driver class: com.mysql.cj.jdbc.Driver
06-Sep-2026 01:04:09.899 INFO [http-nio-8080-exec-7] org.hibernate.engine.jdbc.connections.internal.DriverManagerConnectionProviderImpl.buildCreator HHH10001012: Connecting with JDBC URL [jdbc:mysql://localhost:3306/webst2?useSSL=false&allowPublicKeyRetrieval=true&serverTimezone=UTC]
06-Sep-2026 01:04:09.899 INFO [http-nio-8080-exec-7] org.hibernate.engine.jdbc.connections.internal.DriverManagerConnectionProviderImpl.buildCreator HHH10001001: Connection properties: {password=****, user=root}
06-Sep-2026 01:04:09.899 INFO [http-nio-8080-exec-7] org.hibernate.engine.jdbc.connections.internal.DriverManagerConnectionProviderImpl.buildCreator HHH10001003: Autocommit mode: false
06-Sep-2026 01:04:09.899 INFO [http-nio-8080-exec-7] org.hibernate.engine.jdbc.connections.internal.DriverManagerConnectionProviderImpl$PooledConnections.<init> HHH10001115: Connection pool size: 20 (min=1)
06-Sep-2026 01:04:09.904 WARN [http-nio-8080-exec-7] org.hibernate.engine.jdbc.dialect.internal.DialectFactoryImpl.constructDialect HHH90000025: MySQLDialect does not need to be specified explicitly using 'hibernate.dialect' (remove the property setting and it will be selected by default)
06-Sep-2026 01:04:09.968 INFO [http-nio-8080-exec-7] org.hibernate.engine.transaction.jta.platform.internal.JtaPlatformInitiator.initiateService HHH000489: No JTA platform available (set 'hibernate.transaction.jta.platform' to enable JTA platform integration)
06-Sep-2026 01:04:09.970 INFO [http-nio-8080-exec-7] org.hibernate.resource.transaction.backend.jdbc.internal.DdlTransactionIsolatorNonJtaImpl.getIsolatedConnection HHH10001501: Connection obtained from JdbcConnectionAccess [org.hibernate.engine.jdbc.env.internal.JdbcEnvironmentInitiator$ConnectionProviderJdbcConnectionAccess@4dda2547] for (non-JTA) DDL execution was not in auto-commit mode; the Connection 'local transaction' will be committed and the Connection will be set into auto-commit mode.
06-Sep-2026 01:04:20.809 INFO [http-nio-8080-exec-4] org.hibernate.jpa.internal.util.LogHelper.logPersistenceUnitInformation HHH000204: Processing PersistenceUnitInfo [name: jpa-hibernate-mysql]
06-Sep-2026 01:04:20.817 INFO [http-nio-8080-exec-4] org.hibernate.cache.internal.RegionFactoryInitiator.initiateService HHH000026: Second-level cache disabled
06-Sep-2026 01:04:20.852 WARN [http-nio-8080-exec-4] org.hibernate.engine.jdbc.connections.internal.DriverManagerConnectionProviderImpl.configure HHH10001002: Using built-in connection pool (not intended for production use)
06-Sep-2026 01:04:20.853 INFO [http-nio-8080-exec-4] org.hibernate.engine.jdbc.connections.internal.DriverManagerConnectionProviderImpl.buildCreator HHH10001005: Loaded JDBC driver class: com.mysql.cj.jdbc.Driver
06-Sep-2026 01:04:20.853 INFO [http-nio-8080-exec-4] org.hibernate.engine.jdbc.connections.internal.DriverManagerConnectionProviderImpl.buildCreator HHH10001012: Connecting with JDBC URL [jdbc:mysql://localhost:3306/webst2?useSSL=false&allowPublicKeyRetrieval=true&serverTimezone=UTC]
06-Sep-2026 01:04:20.853 INFO [http-nio-8080-exec-4] org.hibernate.engine.jdbc.connections.internal.DriverManagerConnectionProviderImpl.buildCreator HHH10001001: Connection properties: {password=****, user=root}
06-Sep-2026 01:04:20.853 INFO [http-nio-8080-exec-4] org.hibernate.engine.jdbc.connections.internal.DriverManagerConnectionProviderImpl.buildCreator HHH10001003: Autocommit mode: false
06-Sep-2026 01:04:20.854 INFO [http-nio-8080-exec-4] org.hibernate.engine.jdbc.connections.internal.DriverManagerConnectionProviderImpl$PooledConnections.<init> HHH10001115: Connection pool size: 20 (min=1)
06-Sep-2026 01:04:20.859 WARN [http-nio-8080-exec-4] org.hibernate.engine.jdbc.dialect.internal.DialectFactoryImpl.constructDialect HHH90000025: MySQLDialect does not need to be specified explicitly using 'hibernate.dialect' (remove the property setting and it will be selected by default)
06-Sep-2026 01:04:20.943 INFO [http-nio-8080-exec-4] org.hibernate.engine.transaction.jta.platform.internal.JtaPlatformInitiator.initiateService HHH000489: No JTA platform available (set 'hibernate.transaction.jta.platform' to enable JTA platform integration)
06-Sep-2026 01:04:20.946 INFO [http-nio-8080-exec-4] org.hibernate.resource.transaction.backend.jdbc.internal.DdlTransactionIsolatorNonJtaImpl.getIsolatedConnection HHH10001501: Connection obtained from JdbcConnectionAccess [org.hibernate.engine.jdbc.env.internal.JdbcEnvironmentInitiator$ConnectionProviderJdbcConnectionAccess@2a57e91d] for (non-JTA) DDL execution was not in auto-commit mode; the Connection 'local transaction' will be committed and the Connection will be set into auto-commit mode.
06-Sep-2026 01:04:20.991 INFO [http-nio-8080-exec-5] org.hibernate.jpa.internal.util.LogHelper.logPersistenceUnitInformation HHH000204: Processing PersistenceUnitInfo [name: jpa-hibernate-mysql]
06-Sep-2026 01:04:20.992 INFO [http-nio-8080-exec-5] org.hibernate.cache.internal.RegionFactoryInitiator.initiateService HHH000026: Second-level cache disabled
06-Sep-2026 01:04:21.020 WARN [http-nio-8080-exec-5] org.hibernate.engine.jdbc.connections.internal.DriverManagerConnectionProviderImpl.configure HHH10001002: Using built-in connection pool (not intended for production use)
06-Sep-2026 01:04:21.020 INFO [http-nio-8080-exec-5] org.hibernate.engine.jdbc.connections.internal.DriverManagerConnectionProviderImpl.buildCreator HHH10001005: Loaded JDBC driver class: com.mysql.cj.jdbc.Driver
06-Sep-2026 01:04:21.021 INFO [http-nio-8080-exec-5] org.hibernate.engine.jdbc.connections.internal.DriverManagerConnectionProviderImpl.buildCreator HHH10001012: Connecting with JDBC URL [jdbc:mysql://localhost:3306/webst2?useSSL=false&allowPublicKeyRetrieval=true&serverTimezone=UTC]
06-Sep-2026 01:04:21.021 INFO [http-nio-8080-exec-5] org.hibernate.engine.jdbc.connections.internal.DriverManagerConnectionProviderImpl.buildCreator HHH10001001: Connection properties: {password=****, user=root}
06-Sep-2026 01:04:21.021 INFO [http-nio-8080-exec-5] org.hibernate.engine.jdbc.connections.internal.DriverManagerConnectionProviderImpl.buildCreator HHH10001003: Autocommit mode: false
06-Sep-2026 01:04:21.022 INFO [http-nio-8080-exec-5] org.hibernate.engine.jdbc.connections.internal.DriverManagerConnectionProviderImpl$PooledConnections.<init> HHH10001115: Connection pool size: 20 (min=1)
06-Sep-2026 01:04:21.028 WARN [http-nio-8080-exec-5] org.hibernate.engine.jdbc.dialect.internal.DialectFactoryImpl.constructDialect HHH90000025: MySQLDialect does not need to be specified explicitly using 'hibernate.dialect' (remove the property setting and it will be selected by default)
06-Sep-2026 01:04:21.094 INFO [http-nio-8080-exec-5] org.hibernate.engine.transaction.jta.platform.internal.JtaPlatformInitiator.initiateService HHH000489: No JTA platform available (set 'hibernate.transaction.jta.platform' to enable JTA platform integration)
06-Sep-2026 01:04:21.096 INFO [http-nio-8080-exec-5] org.hibernate.resource.transaction.backend.jdbc.internal.DdlTransactionIsolatorNonJtaImpl.getIsolatedConnection HHH10001501: Connection obtained from JdbcConnectionAccess [org.hibernate.engine.jdbc.env.internal.JdbcEnvironmentInitiator$ConnectionProviderJdbcConnectionAccess@7053764e] for (non-JTA) DDL execution was not in auto-commit mode; the Connection 'local transaction' will be committed and the Connection will be set into auto-commit mode.
06-Sep-2026 01:04:21.306 INFO [http-nio-8080-exec-7] org.apache.coyote.http11.Http11Processor.service Error parsing HTTP request header
 Note: further occurrences of HTTP request parsing errors will be logged at DEBUG level.
	java.lang.IllegalArgumentException: Invalid character found in the request target [/jpa02/image?fname=1788631128681_IMG_0117[1].JPG ]. The valid characters are defined in RFC 7230 and RFC 3986
		at org.apache.coyote.http11.Http11InputBuffer.parseRequestLine(Http11InputBuffer.java:478)
		at org.apache.coyote.http11.Http11Processor.service(Http11Processor.java:271)
		at org.apache.coyote.AbstractProcessorLight.process(AbstractProcessorLight.java:63)
		at org.apache.coyote.AbstractProtocol$ConnectionHandler.process(AbstractProtocol.java:903)
		at org.apache.tomcat.util.net.NioEndpoint$SocketProcessor.doRun(NioEndpoint.java:1769)
		at org.apache.tomcat.util.net.SocketProcessorBase.run(SocketProcessorBase.java:52)
		at org.apache.tomcat.util.threads.ThreadPoolExecutor.runWorker(ThreadPoolExecutor.java:1189)
		at org.apache.tomcat.util.threads.ThreadPoolExecutor$Worker.run(ThreadPoolExecutor.java:658)
		at org.apache.tomcat.util.threads.TaskThread$WrappingRunnable.run(TaskThread.java:63)
		at java.base/java.lang.Thread.run(Thread.java:1583)
06-Sep-2026 01:04:27.443 INFO [http-nio-8080-exec-9] org.hibernate.jpa.internal.util.LogHelper.logPersistenceUnitInformation HHH000204: Processing PersistenceUnitInfo [name: jpa-hibernate-mysql]
06-Sep-2026 01:04:27.452 INFO [http-nio-8080-exec-9] org.hibernate.cache.internal.RegionFactoryInitiator.initiateService HHH000026: Second-level cache disabled
06-Sep-2026 01:04:27.488 WARN [http-nio-8080-exec-9] org.hibernate.engine.jdbc.connections.internal.DriverManagerConnectionProviderImpl.configure HHH10001002: Using built-in connection pool (not intended for production use)
06-Sep-2026 01:04:27.488 INFO [http-nio-8080-exec-9] org.hibernate.engine.jdbc.connections.internal.DriverManagerConnectionProviderImpl.buildCreator HHH10001005: Loaded JDBC driver class: com.mysql.cj.jdbc.Driver
06-Sep-2026 01:04:27.488 INFO [http-nio-8080-exec-9] org.hibernate.engine.jdbc.connections.internal.DriverManagerConnectionProviderImpl.buildCreator HHH10001012: Connecting with JDBC URL [jdbc:mysql://localhost:3306/webst2?useSSL=false&allowPublicKeyRetrieval=true&serverTimezone=UTC]
06-Sep-2026 01:04:27.489 INFO [http-nio-8080-exec-9] org.hibernate.engine.jdbc.connections.internal.DriverManagerConnectionProviderImpl.buildCreator HHH10001001: Connection properties: {password=****, user=root}
06-Sep-2026 01:04:27.489 INFO [http-nio-8080-exec-9] org.hibernate.engine.jdbc.connections.internal.DriverManagerConnectionProviderImpl.buildCreator HHH10001003: Autocommit mode: false
06-Sep-2026 01:04:27.489 INFO [http-nio-8080-exec-9] org.hibernate.engine.jdbc.connections.internal.DriverManagerConnectionProviderImpl$PooledConnections.<init> HHH10001115: Connection pool size: 20 (min=1)
06-Sep-2026 01:04:27.496 WARN [http-nio-8080-exec-9] org.hibernate.engine.jdbc.dialect.internal.DialectFactoryImpl.constructDialect HHH90000025: MySQLDialect does not need to be specified explicitly using 'hibernate.dialect' (remove the property setting and it will be selected by default)
06-Sep-2026 01:04:27.584 INFO [http-nio-8080-exec-9] org.hibernate.engine.transaction.jta.platform.internal.JtaPlatformInitiator.initiateService HHH000489: No JTA platform available (set 'hibernate.transaction.jta.platform' to enable JTA platform integration)
06-Sep-2026 01:04:27.586 INFO [http-nio-8080-exec-9] org.hibernate.resource.transaction.backend.jdbc.internal.DdlTransactionIsolatorNonJtaImpl.getIsolatedConnection HHH10001501: Connection obtained from JdbcConnectionAccess [org.hibernate.engine.jdbc.env.internal.JdbcEnvironmentInitiator$ConnectionProviderJdbcConnectionAccess@53842223] for (non-JTA) DDL execution was not in auto-commit mode; the Connection 'local transaction' will be committed and the Connection will be set into auto-commit mode.
06-Sep-2026 01:04:27.608 INFO [http-nio-8080-exec-9] org.hibernate.jpa.internal.util.LogHelper.logPersistenceUnitInformation HHH000204: Processing PersistenceUnitInfo [name: jpa-hibernate-mysql]
06-Sep-2026 01:04:27.610 INFO [http-nio-8080-exec-9] org.hibernate.cache.internal.RegionFactoryInitiator.initiateService HHH000026: Second-level cache disabled
06-Sep-2026 01:04:27.636 WARN [http-nio-8080-exec-9] org.hibernate.engine.jdbc.connections.internal.DriverManagerConnectionProviderImpl.configure HHH10001002: Using built-in connection pool (not intended for production use)
06-Sep-2026 01:04:27.636 INFO [http-nio-8080-exec-9] org.hibernate.engine.jdbc.connections.internal.DriverManagerConnectionProviderImpl.buildCreator HHH10001005: Loaded JDBC driver class: com.mysql.cj.jdbc.Driver
06-Sep-2026 01:04:27.636 INFO [http-nio-8080-exec-9] org.hibernate.engine.jdbc.connections.internal.DriverManagerConnectionProviderImpl.buildCreator HHH10001012: Connecting with JDBC URL [jdbc:mysql://localhost:3306/webst2?useSSL=false&allowPublicKeyRetrieval=true&serverTimezone=UTC]
06-Sep-2026 01:04:27.637 INFO [http-nio-8080-exec-9] org.hibernate.engine.jdbc.connections.internal.DriverManagerConnectionProviderImpl.buildCreator HHH10001001: Connection properties: {password=****, user=root}
06-Sep-2026 01:04:27.637 INFO [http-nio-8080-exec-9] org.hibernate.engine.jdbc.connections.internal.DriverManagerConnectionProviderImpl.buildCreator HHH10001003: Autocommit mode: false
06-Sep-2026 01:04:27.637 INFO [http-nio-8080-exec-9] org.hibernate.engine.jdbc.connections.internal.DriverManagerConnectionProviderImpl$PooledConnections.<init> HHH10001115: Connection pool size: 20 (min=1)
06-Sep-2026 01:04:27.645 WARN [http-nio-8080-exec-9] org.hibernate.engine.jdbc.dialect.internal.DialectFactoryImpl.constructDialect HHH90000025: MySQLDialect does not need to be specified explicitly using 'hibernate.dialect' (remove the property setting and it will be selected by default)
06-Sep-2026 01:04:27.704 INFO [http-nio-8080-exec-9] org.hibernate.engine.transaction.jta.platform.internal.JtaPlatformInitiator.initiateService HHH000489: No JTA platform available (set 'hibernate.transaction.jta.platform' to enable JTA platform integration)
06-Sep-2026 01:04:27.706 INFO [http-nio-8080-exec-9] org.hibernate.resource.transaction.backend.jdbc.internal.DdlTransactionIsolatorNonJtaImpl.getIsolatedConnection HHH10001501: Connection obtained from JdbcConnectionAccess [org.hibernate.engine.jdbc.env.internal.JdbcEnvironmentInitiator$ConnectionProviderJdbcConnectionAccess@6a5ce25c] for (non-JTA) DDL execution was not in auto-commit mode; the Connection 'local transaction' will be committed and the Connection will be set into auto-commit mode.
06-Sep-2026 01:04:30.775 INFO [http-nio-8080-exec-4] org.hibernate.jpa.internal.util.LogHelper.logPersistenceUnitInformation HHH000204: Processing PersistenceUnitInfo [name: jpa-hibernate-mysql]
06-Sep-2026 01:04:30.777 INFO [http-nio-8080-exec-4] org.hibernate.cache.internal.RegionFactoryInitiator.initiateService HHH000026: Second-level cache disabled
06-Sep-2026 01:04:30.800 WARN [http-nio-8080-exec-4] org.hibernate.engine.jdbc.connections.internal.DriverManagerConnectionProviderImpl.configure HHH10001002: Using built-in connection pool (not intended for production use)
06-Sep-2026 01:04:30.801 INFO [http-nio-8080-exec-4] org.hibernate.engine.jdbc.connections.internal.DriverManagerConnectionProviderImpl.buildCreator HHH10001005: Loaded JDBC driver class: com.mysql.cj.jdbc.Driver
06-Sep-2026 01:04:30.801 INFO [http-nio-8080-exec-4] org.hibernate.engine.jdbc.connections.internal.DriverManagerConnectionProviderImpl.buildCreator HHH10001012: Connecting with JDBC URL [jdbc:mysql://localhost:3306/webst2?useSSL=false&allowPublicKeyRetrieval=true&serverTimezone=UTC]
06-Sep-2026 01:04:30.801 INFO [http-nio-8080-exec-4] org.hibernate.engine.jdbc.connections.internal.DriverManagerConnectionProviderImpl.buildCreator HHH10001001: Connection properties: {password=****, user=root}
06-Sep-2026 01:04:30.802 INFO [http-nio-8080-exec-4] org.hibernate.engine.jdbc.connections.internal.DriverManagerConnectionProviderImpl.buildCreator HHH10001003: Autocommit mode: false
06-Sep-2026 01:04:30.802 INFO [http-nio-8080-exec-4] org.hibernate.engine.jdbc.connections.internal.DriverManagerConnectionProviderImpl$PooledConnections.<init> HHH10001115: Connection pool size: 20 (min=1)
06-Sep-2026 01:04:30.808 WARN [http-nio-8080-exec-4] org.hibernate.engine.jdbc.dialect.internal.DialectFactoryImpl.constructDialect HHH90000025: MySQLDialect does not need to be specified explicitly using 'hibernate.dialect' (remove the property setting and it will be selected by default)
06-Sep-2026 01:04:30.867 INFO [http-nio-8080-exec-4] org.hibernate.engine.transaction.jta.platform.internal.JtaPlatformInitiator.initiateService HHH000489: No JTA platform available (set 'hibernate.transaction.jta.platform' to enable JTA platform integration)
06-Sep-2026 01:04:30.869 INFO [http-nio-8080-exec-4] org.hibernate.resource.transaction.backend.jdbc.internal.DdlTransactionIsolatorNonJtaImpl.getIsolatedConnection HHH10001501: Connection obtained from JdbcConnectionAccess [org.hibernate.engine.jdbc.env.internal.JdbcEnvironmentInitiator$ConnectionProviderJdbcConnectionAccess@34c22f16] for (non-JTA) DDL execution was not in auto-commit mode; the Connection 'local transaction' will be committed and the Connection will be set into auto-commit mode.
06-Sep-2026 01:04:53.203 INFO [main] org.apache.catalina.core.StandardServer.await A valid shutdown command was received via the shutdown port. Stopping the Server instance.
06-Sep-2026 01:04:53.207 INFO [main] org.apache.coyote.AbstractProtocol.pause Pausing ProtocolHandler ["http-nio-8080"]
06-Sep-2026 01:04:53.219 INFO [main] org.apache.catalina.core.StandardService.stopInternal Stopping service [Catalina]
06-Sep-2026 01:04:53.234 WARNING [main] org.apache.catalina.loader.WebappClassLoaderBase.clearReferencesJdbc The web application [jpa02] registered the JDBC driver [com.mysql.cj.jdbc.Driver] but failed to unregister it when the web application was stopped. To prevent a memory leak, the JDBC Driver has been forcibly unregistered.
06-Sep-2026 01:04:53.235 WARNING [main] org.apache.catalina.loader.WebappClassLoaderBase.clearReferencesThreads The web application [jpa02] appears to have started a thread named [mysql-cj-abandoned-connection-cleanup] but has failed to stop it. This is very likely to create a memory leak. Stack trace of thread:
 java.base/jdk.internal.misc.Unsafe.park(Native Method)
 java.base/java.util.concurrent.locks.LockSupport.parkNanos(LockSupport.java:269)
 java.base/java.util.concurrent.locks.AbstractQueuedSynchronizer$ConditionObject.await(AbstractQueuedSynchronizer.java:1847)
 java.base/java.lang.ref.ReferenceQueue.await(ReferenceQueue.java:71)
 java.base/java.lang.ref.ReferenceQueue.remove0(ReferenceQueue.java:143)
 java.base/java.lang.ref.ReferenceQueue.remove(ReferenceQueue.java:218)
 com.mysql.cj.jdbc.AbandonedConnectionCleanupThread.run(AbandonedConnectionCleanupThread.java:93)
 java.base/java.util.concurrent.ThreadPoolExecutor.runWorker(ThreadPoolExecutor.java:1144)
 java.base/java.util.concurrent.ThreadPoolExecutor$Worker.run(ThreadPoolExecutor.java:642)
 java.base/java.lang.Thread.run(Thread.java:1583)
06-Sep-2026 01:04:53.235 WARNING [main] org.apache.catalina.loader.WebappClassLoaderBase.clearReferencesThreads The web application [jpa02] appears to have started a thread named [Hibernate Connection Pool Validation Thread] but has failed to stop it. This is very likely to create a memory leak. Stack trace of thread:
 java.base/jdk.internal.misc.Unsafe.park(Native Method)
 java.base/java.util.concurrent.locks.LockSupport.parkNanos(LockSupport.java:269)
 java.base/java.util.concurrent.locks.AbstractQueuedSynchronizer$ConditionObject.awaitNanos(AbstractQueuedSynchronizer.java:1758)
 java.base/java.util.concurrent.ScheduledThreadPoolExecutor$DelayedWorkQueue.take(ScheduledThreadPoolExecutor.java:1182)
 java.base/java.util.concurrent.ScheduledThreadPoolExecutor$DelayedWorkQueue.take(ScheduledThreadPoolExecutor.java:899)
 java.base/java.util.concurrent.ThreadPoolExecutor.getTask(ThreadPoolExecutor.java:1070)
 java.base/java.util.concurrent.ThreadPoolExecutor.runWorker(ThreadPoolExecutor.java:1130)
 java.base/java.util.concurrent.ThreadPoolExecutor$Worker.run(ThreadPoolExecutor.java:642)
 java.base/java.lang.Thread.run(Thread.java:1583)
06-Sep-2026 01:04:53.235 WARNING [main] org.apache.catalina.loader.WebappClassLoaderBase.clearReferencesThreads The web application [jpa02] appears to have started a thread named [Hibernate Connection Pool Validation Thread] but has failed to stop it. This is very likely to create a memory leak. Stack trace of thread:
 java.base/jdk.internal.misc.Unsafe.park(Native Method)
 java.base/java.util.concurrent.locks.LockSupport.parkNanos(LockSupport.java:269)
 java.base/java.util.concurrent.locks.AbstractQueuedSynchronizer$ConditionObject.awaitNanos(AbstractQueuedSynchronizer.java:1758)
 java.base/java.util.concurrent.ScheduledThreadPoolExecutor$DelayedWorkQueue.take(ScheduledThreadPoolExecutor.java:1182)
 java.base/java.util.concurrent.ScheduledThreadPoolExecutor$DelayedWorkQueue.take(ScheduledThreadPoolExecutor.java:899)
 java.base/java.util.concurrent.ThreadPoolExecutor.getTask(ThreadPoolExecutor.java:1070)
 java.base/java.util.concurrent.ThreadPoolExecutor.runWorker(ThreadPoolExecutor.java:1130)
 java.base/java.util.concurrent.ThreadPoolExecutor$Worker.run(ThreadPoolExecutor.java:642)
 java.base/java.lang.Thread.run(Thread.java:1583)
06-Sep-2026 01:04:53.235 WARNING [main] org.apache.catalina.loader.WebappClassLoaderBase.clearReferencesThreads The web application [jpa02] appears to have started a thread named [Hibernate Connection Pool Validation Thread] but has failed to stop it. This is very likely to create a memory leak. Stack trace of thread:
 java.base/jdk.internal.misc.Unsafe.park(Native Method)
 java.base/java.util.concurrent.locks.LockSupport.parkNanos(LockSupport.java:269)
 java.base/java.util.concurrent.locks.AbstractQueuedSynchronizer$ConditionObject.awaitNanos(AbstractQueuedSynchronizer.java:1758)
 java.base/java.util.concurrent.ScheduledThreadPoolExecutor$DelayedWorkQueue.take(ScheduledThreadPoolExecutor.java:1182)
 java.base/java.util.concurrent.ScheduledThreadPoolExecutor$DelayedWorkQueue.take(ScheduledThreadPoolExecutor.java:899)
 java.base/java.util.concurrent.ThreadPoolExecutor.getTask(ThreadPoolExecutor.java:1070)
 java.base/java.util.concurrent.ThreadPoolExecutor.runWorker(ThreadPoolExecutor.java:1130)
 java.base/java.util.concurrent.ThreadPoolExecutor$Worker.run(ThreadPoolExecutor.java:642)
 java.base/java.lang.Thread.run(Thread.java:1583)
06-Sep-2026 01:04:53.236 WARNING [main] org.apache.catalina.loader.WebappClassLoaderBase.clearReferencesThreads The web application [jpa02] appears to have started a thread named [Hibernate Connection Pool Validation Thread] but has failed to stop it. This is very likely to create a memory leak. Stack trace of thread:
 java.base/jdk.internal.misc.Unsafe.park(Native Method)
 java.base/java.util.concurrent.locks.LockSupport.parkNanos(LockSupport.java:269)
 java.base/java.util.concurrent.locks.AbstractQueuedSynchronizer$ConditionObject.awaitNanos(AbstractQueuedSynchronizer.java:1758)
 java.base/java.util.concurrent.ScheduledThreadPoolExecutor$DelayedWorkQueue.take(ScheduledThreadPoolExecutor.java:1182)
 java.base/java.util.concurrent.ScheduledThreadPoolExecutor$DelayedWorkQueue.take(ScheduledThreadPoolExecutor.java:899)
 java.base/java.util.concurrent.ThreadPoolExecutor.getTask(ThreadPoolExecutor.java:1070)
 java.base/java.util.concurrent.ThreadPoolExecutor.runWorker(ThreadPoolExecutor.java:1130)
 java.base/java.util.concurrent.ThreadPoolExecutor$Worker.run(ThreadPoolExecutor.java:642)
 java.base/java.lang.Thread.run(Thread.java:1583)
06-Sep-2026 01:04:53.236 WARNING [main] org.apache.catalina.loader.WebappClassLoaderBase.clearReferencesThreads The web application [jpa02] appears to have started a thread named [Hibernate Connection Pool Validation Thread] but has failed to stop it. This is very likely to create a memory leak. Stack trace of thread:
 java.base/jdk.internal.misc.Unsafe.park(Native Method)
 java.base/java.util.concurrent.locks.LockSupport.parkNanos(LockSupport.java:269)
 java.base/java.util.concurrent.locks.AbstractQueuedSynchronizer$ConditionObject.awaitNanos(AbstractQueuedSynchronizer.java:1758)
 java.base/java.util.concurrent.ScheduledThreadPoolExecutor$DelayedWorkQueue.take(ScheduledThreadPoolExecutor.java:1182)
 java.base/java.util.concurrent.ScheduledThreadPoolExecutor$DelayedWorkQueue.take(ScheduledThreadPoolExecutor.java:899)
 java.base/java.util.concurrent.ThreadPoolExecutor.getTask(ThreadPoolExecutor.java:1070)
 java.base/java.util.concurrent.ThreadPoolExecutor.runWorker(ThreadPoolExecutor.java:1130)
 java.base/java.util.concurrent.ThreadPoolExecutor$Worker.run(ThreadPoolExecutor.java:642)
 java.base/java.lang.Thread.run(Thread.java:1583)
06-Sep-2026 01:04:53.236 WARNING [main] org.apache.catalina.loader.WebappClassLoaderBase.clearReferencesThreads The web application [jpa02] appears to have started a thread named [Hibernate Connection Pool Validation Thread] but has failed to stop it. This is very likely to create a memory leak. Stack trace of thread:
 java.base/jdk.internal.misc.Unsafe.park(Native Method)
 java.base/java.util.concurrent.locks.LockSupport.parkNanos(LockSupport.java:269)
 java.base/java.util.concurrent.locks.AbstractQueuedSynchronizer$ConditionObject.awaitNanos(AbstractQueuedSynchronizer.java:1758)
 java.base/java.util.concurrent.ScheduledThreadPoolExecutor$DelayedWorkQueue.take(ScheduledThreadPoolExecutor.java:1182)
 java.base/java.util.concurrent.ScheduledThreadPoolExecutor$DelayedWorkQueue.take(ScheduledThreadPoolExecutor.java:899)
 java.base/java.util.concurrent.ThreadPoolExecutor.getTask(ThreadPoolExecutor.java:1070)
 java.base/java.util.concurrent.ThreadPoolExecutor.runWorker(ThreadPoolExecutor.java:1130)
 java.base/java.util.concurrent.ThreadPoolExecutor$Worker.run(ThreadPoolExecutor.java:642)
 java.base/java.lang.Thread.run(Thread.java:1583)
06-Sep-2026 01:04:53.236 WARNING [main] org.apache.catalina.loader.WebappClassLoaderBase.clearReferencesThreads The web application [jpa02] appears to have started a thread named [Hibernate Connection Pool Validation Thread] but has failed to stop it. This is very likely to create a memory leak. Stack trace of thread:
 java.base/jdk.internal.misc.Unsafe.park(Native Method)
 java.base/java.util.concurrent.locks.LockSupport.parkNanos(LockSupport.java:269)
 java.base/java.util.concurrent.locks.AbstractQueuedSynchronizer$ConditionObject.awaitNanos(AbstractQueuedSynchronizer.java:1758)
 java.base/java.util.concurrent.ScheduledThreadPoolExecutor$DelayedWorkQueue.take(ScheduledThreadPoolExecutor.java:1182)
 java.base/java.util.concurrent.ScheduledThreadPoolExecutor$DelayedWorkQueue.take(ScheduledThreadPoolExecutor.java:899)
 java.base/java.util.concurrent.ThreadPoolExecutor.getTask(ThreadPoolExecutor.java:1070)
 java.base/java.util.concurrent.ThreadPoolExecutor.runWorker(ThreadPoolExecutor.java:1130)
 java.base/java.util.concurrent.ThreadPoolExecutor$Worker.run(ThreadPoolExecutor.java:642)
 java.base/java.lang.Thread.run(Thread.java:1583)
06-Sep-2026 01:04:53.236 WARNING [main] org.apache.catalina.loader.WebappClassLoaderBase.clearReferencesThreads The web application [jpa02] appears to have started a thread named [Hibernate Connection Pool Validation Thread] but has failed to stop it. This is very likely to create a memory leak. Stack trace of thread:
 java.base/jdk.internal.misc.Unsafe.park(Native Method)
 java.base/java.util.concurrent.locks.LockSupport.parkNanos(LockSupport.java:269)
 java.base/java.util.concurrent.locks.AbstractQueuedSynchronizer$ConditionObject.awaitNanos(AbstractQueuedSynchronizer.java:1758)
 java.base/java.util.concurrent.ScheduledThreadPoolExecutor$DelayedWorkQueue.take(ScheduledThreadPoolExecutor.java:1182)
 java.base/java.util.concurrent.ScheduledThreadPoolExecutor$DelayedWorkQueue.take(ScheduledThreadPoolExecutor.java:899)
 java.base/java.util.concurrent.ThreadPoolExecutor.getTask(ThreadPoolExecutor.java:1070)
 java.base/java.util.concurrent.ThreadPoolExecutor.runWorker(ThreadPoolExecutor.java:1130)
 java.base/java.util.concurrent.ThreadPoolExecutor$Worker.run(ThreadPoolExecutor.java:642)
 java.base/java.lang.Thread.run(Thread.java:1583)
06-Sep-2026 01:04:53.237 WARNING [main] org.apache.catalina.loader.WebappClassLoaderBase.clearReferencesThreads The web application [jpa02] appears to have started a thread named [Hibernate Connection Pool Validation Thread] but has failed to stop it. This is very likely to create a memory leak. Stack trace of thread:
 java.base/jdk.internal.misc.Unsafe.park(Native Method)
 java.base/java.util.concurrent.locks.LockSupport.parkNanos(LockSupport.java:269)
 java.base/java.util.concurrent.locks.AbstractQueuedSynchronizer$ConditionObject.awaitNanos(AbstractQueuedSynchronizer.java:1758)
 java.base/java.util.concurrent.ScheduledThreadPoolExecutor$DelayedWorkQueue.take(ScheduledThreadPoolExecutor.java:1182)
 java.base/java.util.concurrent.ScheduledThreadPoolExecutor$DelayedWorkQueue.take(ScheduledThreadPoolExecutor.java:899)
 java.base/java.util.concurrent.ThreadPoolExecutor.getTask(ThreadPoolExecutor.java:1070)
 java.base/java.util.concurrent.ThreadPoolExecutor.runWorker(ThreadPoolExecutor.java:1130)
 java.base/java.util.concurrent.ThreadPoolExecutor$Worker.run(ThreadPoolExecutor.java:642)
 java.base/java.lang.Thread.run(Thread.java:1583)
06-Sep-2026 01:04:53.237 WARNING [main] org.apache.catalina.loader.WebappClassLoaderBase.clearReferencesThreads The web application [jpa02] appears to have started a thread named [Hibernate Connection Pool Validation Thread] but has failed to stop it. This is very likely to create a memory leak. Stack trace of thread:
 java.base/jdk.internal.misc.Unsafe.park(Native Method)
 java.base/java.util.concurrent.locks.LockSupport.parkNanos(LockSupport.java:269)
 java.base/java.util.concurrent.locks.AbstractQueuedSynchronizer$ConditionObject.awaitNanos(AbstractQueuedSynchronizer.java:1758)
 java.base/java.util.concurrent.ScheduledThreadPoolExecutor$DelayedWorkQueue.take(ScheduledThreadPoolExecutor.java:1182)
 java.base/java.util.concurrent.ScheduledThreadPoolExecutor$DelayedWorkQueue.take(ScheduledThreadPoolExecutor.java:899)
 java.base/java.util.concurrent.ThreadPoolExecutor.getTask(ThreadPoolExecutor.java:1070)
 java.base/java.util.concurrent.ThreadPoolExecutor.runWorker(ThreadPoolExecutor.java:1130)
 java.base/java.util.concurrent.ThreadPoolExecutor$Worker.run(ThreadPoolExecutor.java:642)
 java.base/java.lang.Thread.run(Thread.java:1583)
06-Sep-2026 01:04:53.237 WARNING [main] org.apache.catalina.loader.WebappClassLoaderBase.clearReferencesThreads The web application [jpa02] appears to have started a thread named [Hibernate Connection Pool Validation Thread] but has failed to stop it. This is very likely to create a memory leak. Stack trace of thread:
 java.base/jdk.internal.misc.Unsafe.park(Native Method)
 java.base/java.util.concurrent.locks.LockSupport.parkNanos(LockSupport.java:269)
 java.base/java.util.concurrent.locks.AbstractQueuedSynchronizer$ConditionObject.awaitNanos(AbstractQueuedSynchronizer.java:1758)
 java.base/java.util.concurrent.ScheduledThreadPoolExecutor$DelayedWorkQueue.take(ScheduledThreadPoolExecutor.java:1182)
 java.base/java.util.concurrent.ScheduledThreadPoolExecutor$DelayedWorkQueue.take(ScheduledThreadPoolExecutor.java:899)
 java.base/java.util.concurrent.ThreadPoolExecutor.getTask(ThreadPoolExecutor.java:1070)
 java.base/java.util.concurrent.ThreadPoolExecutor.runWorker(ThreadPoolExecutor.java:1130)
 java.base/java.util.concurrent.ThreadPoolExecutor$Worker.run(ThreadPoolExecutor.java:642)
 java.base/java.lang.Thread.run(Thread.java:1583)
06-Sep-2026 01:04:53.237 WARNING [main] org.apache.catalina.loader.WebappClassLoaderBase.clearReferencesThreads The web application [jpa02] appears to have started a thread named [Hibernate Connection Pool Validation Thread] but has failed to stop it. This is very likely to create a memory leak. Stack trace of thread:
 java.base/jdk.internal.misc.Unsafe.park(Native Method)
 java.base/java.util.concurrent.locks.LockSupport.parkNanos(LockSupport.java:269)
 java.base/java.util.concurrent.locks.AbstractQueuedSynchronizer$ConditionObject.awaitNanos(AbstractQueuedSynchronizer.java:1758)
 java.base/java.util.concurrent.ScheduledThreadPoolExecutor$DelayedWorkQueue.take(ScheduledThreadPoolExecutor.java:1182)
 java.base/java.util.concurrent.ScheduledThreadPoolExecutor$DelayedWorkQueue.take(ScheduledThreadPoolExecutor.java:899)
 java.base/java.util.concurrent.ThreadPoolExecutor.getTask(ThreadPoolExecutor.java:1070)
 java.base/java.util.concurrent.ThreadPoolExecutor.runWorker(ThreadPoolExecutor.java:1130)
 java.base/java.util.concurrent.ThreadPoolExecutor$Worker.run(ThreadPoolExecutor.java:642)
 java.base/java.lang.Thread.run(Thread.java:1583)
06-Sep-2026 01:04:53.237 WARNING [main] org.apache.catalina.loader.WebappClassLoaderBase.clearReferencesThreads The web application [jpa02] appears to have started a thread named [Hibernate Connection Pool Validation Thread] but has failed to stop it. This is very likely to create a memory leak. Stack trace of thread:
 java.base/jdk.internal.misc.Unsafe.park(Native Method)
 java.base/java.util.concurrent.locks.LockSupport.parkNanos(LockSupport.java:269)
 java.base/java.util.concurrent.locks.AbstractQueuedSynchronizer$ConditionObject.awaitNanos(AbstractQueuedSynchronizer.java:1758)
 java.base/java.util.concurrent.ScheduledThreadPoolExecutor$DelayedWorkQueue.take(ScheduledThreadPoolExecutor.java:1182)
 java.base/java.util.concurrent.ScheduledThreadPoolExecutor$DelayedWorkQueue.take(ScheduledThreadPoolExecutor.java:899)
 java.base/java.util.concurrent.ThreadPoolExecutor.getTask(ThreadPoolExecutor.java:1070)
 java.base/java.util.concurrent.ThreadPoolExecutor.runWorker(ThreadPoolExecutor.java:1130)
 java.base/java.util.concurrent.ThreadPoolExecutor$Worker.run(ThreadPoolExecutor.java:642)
 java.base/java.lang.Thread.run(Thread.java:1583)
06-Sep-2026 01:04:53.238 WARNING [main] org.apache.catalina.loader.WebappClassLoaderBase.clearReferencesThreads The web application [jpa02] appears to have started a thread named [Hibernate Connection Pool Validation Thread] but has failed to stop it. This is very likely to create a memory leak. Stack trace of thread:
 java.base/jdk.internal.misc.Unsafe.park(Native Method)
 java.base/java.util.concurrent.locks.LockSupport.parkNanos(LockSupport.java:269)
 java.base/java.util.concurrent.locks.AbstractQueuedSynchronizer$ConditionObject.awaitNanos(AbstractQueuedSynchronizer.java:1758)
 java.base/java.util.concurrent.ScheduledThreadPoolExecutor$DelayedWorkQueue.take(ScheduledThreadPoolExecutor.java:1182)
 java.base/java.util.concurrent.ScheduledThreadPoolExecutor$DelayedWorkQueue.take(ScheduledThreadPoolExecutor.java:899)
 java.base/java.util.concurrent.ThreadPoolExecutor.getTask(ThreadPoolExecutor.java:1070)
 java.base/java.util.concurrent.ThreadPoolExecutor.runWorker(ThreadPoolExecutor.java:1130)
 java.base/java.util.concurrent.ThreadPoolExecutor$Worker.run(ThreadPoolExecutor.java:642)
 java.base/java.lang.Thread.run(Thread.java:1583)
06-Sep-2026 01:04:53.238 WARNING [main] org.apache.catalina.loader.WebappClassLoaderBase.clearReferencesThreads The web application [jpa02] appears to have started a thread named [Hibernate Connection Pool Validation Thread] but has failed to stop it. This is very likely to create a memory leak. Stack trace of thread:
 java.base/jdk.internal.misc.Unsafe.park(Native Method)
 java.base/java.util.concurrent.locks.LockSupport.parkNanos(LockSupport.java:269)
 java.base/java.util.concurrent.locks.AbstractQueuedSynchronizer$ConditionObject.awaitNanos(AbstractQueuedSynchronizer.java:1758)
 java.base/java.util.concurrent.ScheduledThreadPoolExecutor$DelayedWorkQueue.take(ScheduledThreadPoolExecutor.java:1182)
 java.base/java.util.concurrent.ScheduledThreadPoolExecutor$DelayedWorkQueue.take(ScheduledThreadPoolExecutor.java:899)
 java.base/java.util.concurrent.ThreadPoolExecutor.getTask(ThreadPoolExecutor.java:1070)
 java.base/java.util.concurrent.ThreadPoolExecutor.runWorker(ThreadPoolExecutor.java:1130)
 java.base/java.util.concurrent.ThreadPoolExecutor$Worker.run(ThreadPoolExecutor.java:642)
 java.base/java.lang.Thread.run(Thread.java:1583)
06-Sep-2026 01:04:53.238 WARNING [main] org.apache.catalina.loader.WebappClassLoaderBase.clearReferencesThreads The web application [jpa02] appears to have started a thread named [Hibernate Connection Pool Validation Thread] but has failed to stop it. This is very likely to create a memory leak. Stack trace of thread:
 java.base/jdk.internal.misc.Unsafe.park(Native Method)
 java.base/java.util.concurrent.locks.LockSupport.parkNanos(LockSupport.java:269)
 java.base/java.util.concurrent.locks.AbstractQueuedSynchronizer$ConditionObject.awaitNanos(AbstractQueuedSynchronizer.java:1758)
 java.base/java.util.concurrent.ScheduledThreadPoolExecutor$DelayedWorkQueue.take(ScheduledThreadPoolExecutor.java:1182)
 java.base/java.util.concurrent.ScheduledThreadPoolExecutor$DelayedWorkQueue.take(ScheduledThreadPoolExecutor.java:899)
 java.base/java.util.concurrent.ThreadPoolExecutor.getTask(ThreadPoolExecutor.java:1070)
 java.base/java.util.concurrent.ThreadPoolExecutor.runWorker(ThreadPoolExecutor.java:1130)
 java.base/java.util.concurrent.ThreadPoolExecutor$Worker.run(ThreadPoolExecutor.java:642)
 java.base/java.lang.Thread.run(Thread.java:1583)
06-Sep-2026 01:04:53.238 WARNING [main] org.apache.catalina.loader.WebappClassLoaderBase.clearReferencesThreads The web application [jpa02] appears to have started a thread named [Hibernate Connection Pool Validation Thread] but has failed to stop it. This is very likely to create a memory leak. Stack trace of thread:
 java.base/jdk.internal.misc.Unsafe.park(Native Method)
 java.base/java.util.concurrent.locks.LockSupport.parkNanos(LockSupport.java:269)
 java.base/java.util.concurrent.locks.AbstractQueuedSynchronizer$ConditionObject.awaitNanos(AbstractQueuedSynchronizer.java:1758)
 java.base/java.util.concurrent.ScheduledThreadPoolExecutor$DelayedWorkQueue.take(ScheduledThreadPoolExecutor.java:1182)
 java.base/java.util.concurrent.ScheduledThreadPoolExecutor$DelayedWorkQueue.take(ScheduledThreadPoolExecutor.java:899)
 java.base/java.util.concurrent.ThreadPoolExecutor.getTask(ThreadPoolExecutor.java:1070)
 java.base/java.util.concurrent.ThreadPoolExecutor.runWorker(ThreadPoolExecutor.java:1130)
 java.base/java.util.concurrent.ThreadPoolExecutor$Worker.run(ThreadPoolExecutor.java:642)
 java.base/java.lang.Thread.run(Thread.java:1583)
06-Sep-2026 01:04:53.238 WARNING [main] org.apache.catalina.loader.WebappClassLoaderBase.clearReferencesThreads The web application [jpa02] appears to have started a thread named [Hibernate Connection Pool Validation Thread] but has failed to stop it. This is very likely to create a memory leak. Stack trace of thread:
 java.base/jdk.internal.misc.Unsafe.park(Native Method)
 java.base/java.util.concurrent.locks.LockSupport.parkNanos(LockSupport.java:269)
 java.base/java.util.concurrent.locks.AbstractQueuedSynchronizer$ConditionObject.awaitNanos(AbstractQueuedSynchronizer.java:1758)
 java.base/java.util.concurrent.ScheduledThreadPoolExecutor$DelayedWorkQueue.take(ScheduledThreadPoolExecutor.java:1182)
 java.base/java.util.concurrent.ScheduledThreadPoolExecutor$DelayedWorkQueue.take(ScheduledThreadPoolExecutor.java:899)
 java.base/java.util.concurrent.ThreadPoolExecutor.getTask(ThreadPoolExecutor.java:1070)
 java.base/java.util.concurrent.ThreadPoolExecutor.runWorker(ThreadPoolExecutor.java:1130)
 java.base/java.util.concurrent.ThreadPoolExecutor$Worker.run(ThreadPoolExecutor.java:642)
 java.base/java.lang.Thread.run(Thread.java:1583)
06-Sep-2026 01:04:53.238 WARNING [main] org.apache.catalina.loader.WebappClassLoaderBase.clearReferencesThreads The web application [jpa02] appears to have started a thread named [Hibernate Connection Pool Validation Thread] but has failed to stop it. This is very likely to create a memory leak. Stack trace of thread:
 java.base/jdk.internal.misc.Unsafe.park(Native Method)
 java.base/java.util.concurrent.locks.LockSupport.parkNanos(LockSupport.java:269)
 java.base/java.util.concurrent.locks.AbstractQueuedSynchronizer$ConditionObject.awaitNanos(AbstractQueuedSynchronizer.java:1758)
 java.base/java.util.concurrent.ScheduledThreadPoolExecutor$DelayedWorkQueue.take(ScheduledThreadPoolExecutor.java:1182)
 java.base/java.util.concurrent.ScheduledThreadPoolExecutor$DelayedWorkQueue.take(ScheduledThreadPoolExecutor.java:899)
 java.base/java.util.concurrent.ThreadPoolExecutor.getTask(ThreadPoolExecutor.java:1070)
 java.base/java.util.concurrent.ThreadPoolExecutor.runWorker(ThreadPoolExecutor.java:1130)
 java.base/java.util.concurrent.ThreadPoolExecutor$Worker.run(ThreadPoolExecutor.java:642)
 java.base/java.lang.Thread.run(Thread.java:1583)
06-Sep-2026 01:04:53.255 INFO [main] org.apache.coyote.AbstractProtocol.stop Stopping ProtocolHandler ["http-nio-8080"]
06-Sep-2026 01:04:53.259 INFO [main] org.apache.coyote.AbstractProtocol.destroy Destroying ProtocolHandler ["http-nio-8080"]
06-Sep-2026 01:05:01.011 INFO [main] org.apache.catalina.startup.VersionLoggerListener.log Server version name:   Apache Tomcat/10.1.44
06-Sep-2026 01:05:01.016 INFO [main] org.apache.catalina.startup.VersionLoggerListener.log Server built:          Aug 4 2025 13:14:17 UTC
06-Sep-2026 01:05:01.017 INFO [main] org.apache.catalina.startup.VersionLoggerListener.log Server version number: 10.1.44.0
06-Sep-2026 01:05:01.018 INFO [main] org.apache.catalina.startup.VersionLoggerListener.log OS Name:               Windows 11
06-Sep-2026 01:05:01.018 INFO [main] org.apache.catalina.startup.VersionLoggerListener.log OS Version:            10.0
06-Sep-2026 01:05:01.018 INFO [main] org.apache.catalina.startup.VersionLoggerListener.log Architecture:          amd64
06-Sep-2026 01:05:01.018 INFO [main] org.apache.catalina.startup.VersionLoggerListener.log Java Home:             C:\Program Files\Java\jdk-21
06-Sep-2026 01:05:01.018 INFO [main] org.apache.catalina.startup.VersionLoggerListener.log JVM Version:           21.0.2+13-LTS-58
06-Sep-2026 01:05:01.018 INFO [main] org.apache.catalina.startup.VersionLoggerListener.log JVM Vendor:            Oracle Corporation
06-Sep-2026 01:05:01.019 INFO [main] org.apache.catalina.startup.VersionLoggerListener.log CATALINA_BASE:         D:\web\apache-tomcat-10.1.44\apache-tomcat-10.1.44
06-Sep-2026 01:05:01.019 INFO [main] org.apache.catalina.startup.VersionLoggerListener.log CATALINA_HOME:         D:\web\apache-tomcat-10.1.44\apache-tomcat-10.1.44
06-Sep-2026 01:05:01.029 INFO [main] org.apache.catalina.startup.VersionLoggerListener.log Command line argument: -Djava.util.logging.config.file=D:\web\apache-tomcat-10.1.44\apache-tomcat-10.1.44\conf\logging.properties
06-Sep-2026 01:05:01.029 INFO [main] org.apache.catalina.startup.VersionLoggerListener.log Command line argument: -Djava.util.logging.manager=org.apache.juli.ClassLoaderLogManager
06-Sep-2026 01:05:01.029 INFO [main] org.apache.catalina.startup.VersionLoggerListener.log Command line argument: -Djdk.tls.ephemeralDHKeySize=2048
06-Sep-2026 01:05:01.029 INFO [main] org.apache.catalina.startup.VersionLoggerListener.log Command line argument: -Djava.protocol.handler.pkgs=org.apache.catalina.webresources
06-Sep-2026 01:05:01.030 INFO [main] org.apache.catalina.startup.VersionLoggerListener.log Command line argument: -Dsun.io.useCanonCaches=false
06-Sep-2026 01:05:01.030 INFO [main] org.apache.catalina.startup.VersionLoggerListener.log Command line argument: --add-opens=java.base/java.lang=ALL-UNNAMED
06-Sep-2026 01:05:01.030 INFO [main] org.apache.catalina.startup.VersionLoggerListener.log Command line argument: --add-opens=java.base/java.lang.reflect=ALL-UNNAMED
06-Sep-2026 01:05:01.030 INFO [main] org.apache.catalina.startup.VersionLoggerListener.log Command line argument: --add-opens=java.base/java.io=ALL-UNNAMED
06-Sep-2026 01:05:01.031 INFO [main] org.apache.catalina.startup.VersionLoggerListener.log Command line argument: --add-opens=java.base/java.util=ALL-UNNAMED
06-Sep-2026 01:05:01.031 INFO [main] org.apache.catalina.startup.VersionLoggerListener.log Command line argument: --add-opens=java.base/java.util.concurrent=ALL-UNNAMED
06-Sep-2026 01:05:01.031 INFO [main] org.apache.catalina.startup.VersionLoggerListener.log Command line argument: --add-opens=java.rmi/sun.rmi.transport=ALL-UNNAMED
06-Sep-2026 01:05:01.032 INFO [main] org.apache.catalina.startup.VersionLoggerListener.log Command line argument: -Dcatalina.base=D:\web\apache-tomcat-10.1.44\apache-tomcat-10.1.44
06-Sep-2026 01:05:01.032 INFO [main] org.apache.catalina.startup.VersionLoggerListener.log Command line argument: -Dcatalina.home=D:\web\apache-tomcat-10.1.44\apache-tomcat-10.1.44
06-Sep-2026 01:05:01.032 INFO [main] org.apache.catalina.startup.VersionLoggerListener.log Command line argument: -Djava.io.tmpdir=D:\web\apache-tomcat-10.1.44\apache-tomcat-10.1.44\temp
06-Sep-2026 01:05:01.038 INFO [main] org.apache.catalina.core.AprLifecycleListener.lifecycleEvent The Apache Tomcat Native library which allows using OpenSSL was not found on the java.library.path: [C:\Program Files\Java\jdk-21\bin;C:\Windows\Sun\Java\bin;C:\Windows\system32;C:\Windows;C:\Users\ADMIN\bin;C:\Program Files\Git\mingw64\bin;C:\Program Files\Git\usr\local\bin;C:\Program Files\Git\usr\bin;C:\Program Files\Git\usr\bin;C:\Program Files\Git\mingw64\bin;C:\Program Files\Git\usr\bin;C:\Users\ADMIN\bin;C:\Program Files\Common Files\Oracle\Java\javapath;C:\Program Files (x86)\VMware\VMware Workstation\bin;C:\Windows\system32;C:\Windows;C:\Windows\System32\Wbem;C:\Windows\System32\WindowsPowerShell\v1.0;C:\Windows\System32\OpenSSH;C:\Program Files (x86)\NVIDIA Corporation\PhysX\Common;C:\Program Files\NVIDIA Corporation\NVIDIA NvDLISR;C:\Windows\system32;C:\Windows;C:\Windows\System32\Wbem;C:\Windows\System32\WindowsPowerShell\v1.0;C:\Windows\System32\OpenSSH;C:\Program Files\dotnet;;.]
06-Sep-2026 01:05:01.259 INFO [main] org.apache.coyote.AbstractProtocol.init Initializing ProtocolHandler ["http-nio-8080"]
06-Sep-2026 01:05:01.284 INFO [main] org.apache.catalina.startup.Catalina.load Server initialization in [421] milliseconds
06-Sep-2026 01:05:01.354 INFO [main] org.apache.catalina.core.StandardService.startInternal Starting service [Catalina]
06-Sep-2026 01:05:01.354 INFO [main] org.apache.catalina.core.StandardEngine.startInternal Starting Servlet engine: [Apache Tomcat/10.1.44]
06-Sep-2026 01:05:01.383 INFO [main] org.apache.catalina.startup.HostConfig.deployWAR Deploying web application archive [D:\web\apache-tomcat-10.1.44\apache-tomcat-10.1.44\webapps\jpa02.war]
06-Sep-2026 01:05:04.450 INFO [main] org.apache.jasper.servlet.TldScanner.scanJars At least one JAR was scanned for TLDs yet contained no TLDs. Enable debug logging for this logger for a complete list of JARs that were scanned but no TLDs were found in them. Skipping unneeded JARs during scanning can improve startup time and JSP compilation time.
06-Sep-2026 01:05:04.627 INFO [main] org.sitemesh.config.ConfigurableSiteMeshFilter.init SiteMesh 3.2.1 initialized with filter name 'sitemesh'
06-Sep-2026 01:05:04.648 INFO [main] org.apache.catalina.startup.HostConfig.deployWAR Deployment of web application archive [D:\web\apache-tomcat-10.1.44\apache-tomcat-10.1.44\webapps\jpa02.war] has finished in [3,265] ms
06-Sep-2026 01:05:04.649 INFO [main] org.apache.catalina.startup.HostConfig.deployDirectory Deploying web application directory [D:\web\apache-tomcat-10.1.44\apache-tomcat-10.1.44\webapps\docs]
06-Sep-2026 01:05:04.687 INFO [main] org.apache.catalina.startup.HostConfig.deployDirectory Deployment of web application directory [D:\web\apache-tomcat-10.1.44\apache-tomcat-10.1.44\webapps\docs] has finished in [38] ms
06-Sep-2026 01:05:04.688 INFO [main] org.apache.catalina.startup.HostConfig.deployDirectory Deploying web application directory [D:\web\apache-tomcat-10.1.44\apache-tomcat-10.1.44\webapps\examples]
06-Sep-2026 01:05:05.042 INFO [main] org.apache.catalina.startup.HostConfig.deployDirectory Deployment of web application directory [D:\web\apache-tomcat-10.1.44\apache-tomcat-10.1.44\webapps\examples] has finished in [354] ms
06-Sep-2026 01:05:05.042 INFO [main] org.apache.catalina.startup.HostConfig.deployDirectory Deploying web application directory [D:\web\apache-tomcat-10.1.44\apache-tomcat-10.1.44\webapps\host-manager]
06-Sep-2026 01:05:05.080 INFO [main] org.apache.catalina.startup.HostConfig.deployDirectory Deployment of web application directory [D:\web\apache-tomcat-10.1.44\apache-tomcat-10.1.44\webapps\host-manager] has finished in [38] ms
06-Sep-2026 01:05:05.081 INFO [main] org.apache.catalina.startup.HostConfig.deployDirectory Deploying web application directory [D:\web\apache-tomcat-10.1.44\apache-tomcat-10.1.44\webapps\manager]
06-Sep-2026 01:05:05.113 INFO [main] org.apache.catalina.startup.HostConfig.deployDirectory Deployment of web application directory [D:\web\apache-tomcat-10.1.44\apache-tomcat-10.1.44\webapps\manager] has finished in [33] ms
06-Sep-2026 01:05:05.113 INFO [main] org.apache.catalina.startup.HostConfig.deployDirectory Deploying web application directory [D:\web\apache-tomcat-10.1.44\apache-tomcat-10.1.44\webapps\ROOT]
06-Sep-2026 01:05:05.137 INFO [main] org.apache.catalina.startup.HostConfig.deployDirectory Deployment of web application directory [D:\web\apache-tomcat-10.1.44\apache-tomcat-10.1.44\webapps\ROOT] has finished in [24] ms
06-Sep-2026 01:05:05.142 INFO [main] org.apache.coyote.AbstractProtocol.start Starting ProtocolHandler ["http-nio-8080"]
06-Sep-2026 01:05:05.172 INFO [main] org.apache.catalina.startup.Catalina.start Server startup in [3886] milliseconds
06-Sep-2026 01:05:05.460 INFO [http-nio-8080-exec-1] org.hibernate.jpa.internal.util.LogHelper.logPersistenceUnitInformation HHH000204: Processing PersistenceUnitInfo [name: jpa-hibernate-mysql]
06-Sep-2026 01:05:05.586 INFO [http-nio-8080-exec-1] org.hibernate.Version.logVersion HHH000412: Hibernate ORM core version 6.4.4.Final
06-Sep-2026 01:05:05.658 INFO [http-nio-8080-exec-1] org.hibernate.cache.internal.RegionFactoryInitiator.initiateService HHH000026: Second-level cache disabled
06-Sep-2026 01:05:06.053 WARN [http-nio-8080-exec-1] org.hibernate.engine.jdbc.connections.internal.DriverManagerConnectionProviderImpl.configure HHH10001002: Using built-in connection pool (not intended for production use)
06-Sep-2026 01:05:06.059 INFO [http-nio-8080-exec-1] org.hibernate.engine.jdbc.connections.internal.DriverManagerConnectionProviderImpl.buildCreator HHH10001005: Loaded JDBC driver class: com.mysql.cj.jdbc.Driver
06-Sep-2026 01:05:06.059 INFO [http-nio-8080-exec-1] org.hibernate.engine.jdbc.connections.internal.DriverManagerConnectionProviderImpl.buildCreator HHH10001012: Connecting with JDBC URL [jdbc:mysql://localhost:3306/webst2?useSSL=false&allowPublicKeyRetrieval=true&serverTimezone=UTC]
06-Sep-2026 01:05:06.059 INFO [http-nio-8080-exec-1] org.hibernate.engine.jdbc.connections.internal.DriverManagerConnectionProviderImpl.buildCreator HHH10001001: Connection properties: {password=****, user=root}
06-Sep-2026 01:05:06.059 INFO [http-nio-8080-exec-1] org.hibernate.engine.jdbc.connections.internal.DriverManagerConnectionProviderImpl.buildCreator HHH10001003: Autocommit mode: false
06-Sep-2026 01:05:06.063 INFO [http-nio-8080-exec-1] org.hibernate.engine.jdbc.connections.internal.DriverManagerConnectionProviderImpl$PooledConnections.<init> HHH10001115: Connection pool size: 20 (min=1)
06-Sep-2026 01:05:06.449 WARN [http-nio-8080-exec-1] org.hibernate.engine.jdbc.dialect.internal.DialectFactoryImpl.constructDialect HHH90000025: MySQLDialect does not need to be specified explicitly using 'hibernate.dialect' (remove the property setting and it will be selected by default)
06-Sep-2026 01:05:07.208 INFO [http-nio-8080-exec-1] org.hibernate.validator.internal.util.Version.<clinit> HV000001: Hibernate Validator 8.0.1.Final
06-Sep-2026 01:05:08.247 INFO [http-nio-8080-exec-1] org.hibernate.engine.transaction.jta.platform.internal.JtaPlatformInitiator.initiateService HHH000489: No JTA platform available (set 'hibernate.transaction.jta.platform' to enable JTA platform integration)
06-Sep-2026 01:05:08.640 INFO [http-nio-8080-exec-1] org.hibernate.resource.transaction.backend.jdbc.internal.DdlTransactionIsolatorNonJtaImpl.getIsolatedConnection HHH10001501: Connection obtained from JdbcConnectionAccess [org.hibernate.engine.jdbc.env.internal.JdbcEnvironmentInitiator$ConnectionProviderJdbcConnectionAccess@b787665] for (non-JTA) DDL execution was not in auto-commit mode; the Connection 'local transaction' will be committed and the Connection will be set into auto-commit mode.
06-Sep-2026 01:05:18.389 INFO [http-nio-8080-exec-2] org.hibernate.jpa.internal.util.LogHelper.logPersistenceUnitInformation HHH000204: Processing PersistenceUnitInfo [name: jpa-hibernate-mysql]
06-Sep-2026 01:05:18.397 INFO [http-nio-8080-exec-2] org.hibernate.cache.internal.RegionFactoryInitiator.initiateService HHH000026: Second-level cache disabled
06-Sep-2026 01:05:18.438 WARN [http-nio-8080-exec-2] org.hibernate.engine.jdbc.connections.internal.DriverManagerConnectionProviderImpl.configure HHH10001002: Using built-in connection pool (not intended for production use)
06-Sep-2026 01:05:18.439 INFO [http-nio-8080-exec-2] org.hibernate.engine.jdbc.connections.internal.DriverManagerConnectionProviderImpl.buildCreator HHH10001005: Loaded JDBC driver class: com.mysql.cj.jdbc.Driver
06-Sep-2026 01:05:18.439 INFO [http-nio-8080-exec-2] org.hibernate.engine.jdbc.connections.internal.DriverManagerConnectionProviderImpl.buildCreator HHH10001012: Connecting with JDBC URL [jdbc:mysql://localhost:3306/webst2?useSSL=false&allowPublicKeyRetrieval=true&serverTimezone=UTC]
06-Sep-2026 01:05:18.439 INFO [http-nio-8080-exec-2] org.hibernate.engine.jdbc.connections.internal.DriverManagerConnectionProviderImpl.buildCreator HHH10001001: Connection properties: {password=****, user=root}
06-Sep-2026 01:05:18.439 INFO [http-nio-8080-exec-2] org.hibernate.engine.jdbc.connections.internal.DriverManagerConnectionProviderImpl.buildCreator HHH10001003: Autocommit mode: false
06-Sep-2026 01:05:18.439 INFO [http-nio-8080-exec-2] org.hibernate.engine.jdbc.connections.internal.DriverManagerConnectionProviderImpl$PooledConnections.<init> HHH10001115: Connection pool size: 20 (min=1)
06-Sep-2026 01:05:18.444 WARN [http-nio-8080-exec-2] org.hibernate.engine.jdbc.dialect.internal.DialectFactoryImpl.constructDialect HHH90000025: MySQLDialect does not need to be specified explicitly using 'hibernate.dialect' (remove the property setting and it will be selected by default)
06-Sep-2026 01:05:18.594 INFO [http-nio-8080-exec-2] org.hibernate.engine.transaction.jta.platform.internal.JtaPlatformInitiator.initiateService HHH000489: No JTA platform available (set 'hibernate.transaction.jta.platform' to enable JTA platform integration)
06-Sep-2026 01:05:18.597 INFO [http-nio-8080-exec-2] org.hibernate.resource.transaction.backend.jdbc.internal.DdlTransactionIsolatorNonJtaImpl.getIsolatedConnection HHH10001501: Connection obtained from JdbcConnectionAccess [org.hibernate.engine.jdbc.env.internal.JdbcEnvironmentInitiator$ConnectionProviderJdbcConnectionAccess@355d9c3c] for (non-JTA) DDL execution was not in auto-commit mode; the Connection 'local transaction' will be committed and the Connection will be set into auto-commit mode.
06-Sep-2026 01:05:18.739 INFO [http-nio-8080-exec-5] org.hibernate.jpa.internal.util.LogHelper.logPersistenceUnitInformation HHH000204: Processing PersistenceUnitInfo [name: jpa-hibernate-mysql]
06-Sep-2026 01:05:18.743 INFO [http-nio-8080-exec-5] org.hibernate.cache.internal.RegionFactoryInitiator.initiateService HHH000026: Second-level cache disabled
06-Sep-2026 01:05:18.796 WARN [http-nio-8080-exec-5] org.hibernate.engine.jdbc.connections.internal.DriverManagerConnectionProviderImpl.configure HHH10001002: Using built-in connection pool (not intended for production use)
06-Sep-2026 01:05:18.797 INFO [http-nio-8080-exec-5] org.hibernate.engine.jdbc.connections.internal.DriverManagerConnectionProviderImpl.buildCreator HHH10001005: Loaded JDBC driver class: com.mysql.cj.jdbc.Driver
06-Sep-2026 01:05:18.797 INFO [http-nio-8080-exec-5] org.hibernate.engine.jdbc.connections.internal.DriverManagerConnectionProviderImpl.buildCreator HHH10001012: Connecting with JDBC URL [jdbc:mysql://localhost:3306/webst2?useSSL=false&allowPublicKeyRetrieval=true&serverTimezone=UTC]
06-Sep-2026 01:05:18.798 INFO [http-nio-8080-exec-5] org.hibernate.engine.jdbc.connections.internal.DriverManagerConnectionProviderImpl.buildCreator HHH10001001: Connection properties: {password=****, user=root}
06-Sep-2026 01:05:18.798 INFO [http-nio-8080-exec-5] org.hibernate.engine.jdbc.connections.internal.DriverManagerConnectionProviderImpl.buildCreator HHH10001003: Autocommit mode: false
06-Sep-2026 01:05:18.799 INFO [http-nio-8080-exec-5] org.hibernate.engine.jdbc.connections.internal.DriverManagerConnectionProviderImpl$PooledConnections.<init> HHH10001115: Connection pool size: 20 (min=1)
06-Sep-2026 01:05:18.808 WARN [http-nio-8080-exec-5] org.hibernate.engine.jdbc.dialect.internal.DialectFactoryImpl.constructDialect HHH90000025: MySQLDialect does not need to be specified explicitly using 'hibernate.dialect' (remove the property setting and it will be selected by default)
06-Sep-2026 01:05:18.983 INFO [http-nio-8080-exec-5] org.hibernate.engine.transaction.jta.platform.internal.JtaPlatformInitiator.initiateService HHH000489: No JTA platform available (set 'hibernate.transaction.jta.platform' to enable JTA platform integration)
06-Sep-2026 01:05:18.987 INFO [http-nio-8080-exec-5] org.hibernate.resource.transaction.backend.jdbc.internal.DdlTransactionIsolatorNonJtaImpl.getIsolatedConnection HHH10001501: Connection obtained from JdbcConnectionAccess [org.hibernate.engine.jdbc.env.internal.JdbcEnvironmentInitiator$ConnectionProviderJdbcConnectionAccess@42663db4] for (non-JTA) DDL execution was not in auto-commit mode; the Connection 'local transaction' will be committed and the Connection will be set into auto-commit mode.
06-Sep-2026 01:05:19.230 INFO [http-nio-8080-exec-5] org.hibernate.jpa.internal.util.LogHelper.logPersistenceUnitInformation HHH000204: Processing PersistenceUnitInfo [name: jpa-hibernate-mysql]
06-Sep-2026 01:05:19.233 INFO [http-nio-8080-exec-5] org.hibernate.cache.internal.RegionFactoryInitiator.initiateService HHH000026: Second-level cache disabled
06-Sep-2026 01:05:19.277 WARN [http-nio-8080-exec-5] org.hibernate.engine.jdbc.connections.internal.DriverManagerConnectionProviderImpl.configure HHH10001002: Using built-in connection pool (not intended for production use)
06-Sep-2026 01:05:19.278 INFO [http-nio-8080-exec-5] org.hibernate.engine.jdbc.connections.internal.DriverManagerConnectionProviderImpl.buildCreator HHH10001005: Loaded JDBC driver class: com.mysql.cj.jdbc.Driver
06-Sep-2026 01:05:19.278 INFO [http-nio-8080-exec-5] org.hibernate.engine.jdbc.connections.internal.DriverManagerConnectionProviderImpl.buildCreator HHH10001012: Connecting with JDBC URL [jdbc:mysql://localhost:3306/webst2?useSSL=false&allowPublicKeyRetrieval=true&serverTimezone=UTC]
06-Sep-2026 01:05:19.278 INFO [http-nio-8080-exec-5] org.hibernate.engine.jdbc.connections.internal.DriverManagerConnectionProviderImpl.buildCreator HHH10001001: Connection properties: {password=****, user=root}
06-Sep-2026 01:05:19.278 INFO [http-nio-8080-exec-5] org.hibernate.engine.jdbc.connections.internal.DriverManagerConnectionProviderImpl.buildCreator HHH10001003: Autocommit mode: false
06-Sep-2026 01:05:19.278 INFO [http-nio-8080-exec-5] org.hibernate.engine.jdbc.connections.internal.DriverManagerConnectionProviderImpl$PooledConnections.<init> HHH10001115: Connection pool size: 20 (min=1)
06-Sep-2026 01:05:19.287 WARN [http-nio-8080-exec-5] org.hibernate.engine.jdbc.dialect.internal.DialectFactoryImpl.constructDialect HHH90000025: MySQLDialect does not need to be specified explicitly using 'hibernate.dialect' (remove the property setting and it will be selected by default)
06-Sep-2026 01:05:19.440 INFO [http-nio-8080-exec-5] org.hibernate.engine.transaction.jta.platform.internal.JtaPlatformInitiator.initiateService HHH000489: No JTA platform available (set 'hibernate.transaction.jta.platform' to enable JTA platform integration)
06-Sep-2026 01:05:19.446 INFO [http-nio-8080-exec-5] org.hibernate.resource.transaction.backend.jdbc.internal.DdlTransactionIsolatorNonJtaImpl.getIsolatedConnection HHH10001501: Connection obtained from JdbcConnectionAccess [org.hibernate.engine.jdbc.env.internal.JdbcEnvironmentInitiator$ConnectionProviderJdbcConnectionAccess@acda0e1] for (non-JTA) DDL execution was not in auto-commit mode; the Connection 'local transaction' will be committed and the Connection will be set into auto-commit mode.
06-Sep-2026 01:05:19.724 INFO [http-nio-8080-exec-4] org.hibernate.jpa.internal.util.LogHelper.logPersistenceUnitInformation HHH000204: Processing PersistenceUnitInfo [name: jpa-hibernate-mysql]
06-Sep-2026 01:05:19.727 INFO [http-nio-8080-exec-4] org.hibernate.cache.internal.RegionFactoryInitiator.initiateService HHH000026: Second-level cache disabled
06-Sep-2026 01:05:19.778 WARN [http-nio-8080-exec-4] org.hibernate.engine.jdbc.connections.internal.DriverManagerConnectionProviderImpl.configure HHH10001002: Using built-in connection pool (not intended for production use)
06-Sep-2026 01:05:19.779 INFO [http-nio-8080-exec-4] org.hibernate.engine.jdbc.connections.internal.DriverManagerConnectionProviderImpl.buildCreator HHH10001005: Loaded JDBC driver class: com.mysql.cj.jdbc.Driver
06-Sep-2026 01:05:19.780 INFO [http-nio-8080-exec-4] org.hibernate.engine.jdbc.connections.internal.DriverManagerConnectionProviderImpl.buildCreator HHH10001012: Connecting with JDBC URL [jdbc:mysql://localhost:3306/webst2?useSSL=false&allowPublicKeyRetrieval=true&serverTimezone=UTC]
06-Sep-2026 01:05:19.781 INFO [http-nio-8080-exec-4] org.hibernate.engine.jdbc.connections.internal.DriverManagerConnectionProviderImpl.buildCreator HHH10001001: Connection properties: {password=****, user=root}
06-Sep-2026 01:05:19.781 INFO [http-nio-8080-exec-4] org.hibernate.engine.jdbc.connections.internal.DriverManagerConnectionProviderImpl.buildCreator HHH10001003: Autocommit mode: false
06-Sep-2026 01:05:19.782 INFO [http-nio-8080-exec-4] org.hibernate.engine.jdbc.connections.internal.DriverManagerConnectionProviderImpl$PooledConnections.<init> HHH10001115: Connection pool size: 20 (min=1)
06-Sep-2026 01:05:19.790 WARN [http-nio-8080-exec-4] org.hibernate.engine.jdbc.dialect.internal.DialectFactoryImpl.constructDialect HHH90000025: MySQLDialect does not need to be specified explicitly using 'hibernate.dialect' (remove the property setting and it will be selected by default)
06-Sep-2026 01:05:19.899 INFO [http-nio-8080-exec-4] org.hibernate.engine.transaction.jta.platform.internal.JtaPlatformInitiator.initiateService HHH000489: No JTA platform available (set 'hibernate.transaction.jta.platform' to enable JTA platform integration)
06-Sep-2026 01:05:19.901 INFO [http-nio-8080-exec-4] org.hibernate.resource.transaction.backend.jdbc.internal.DdlTransactionIsolatorNonJtaImpl.getIsolatedConnection HHH10001501: Connection obtained from JdbcConnectionAccess [org.hibernate.engine.jdbc.env.internal.JdbcEnvironmentInitiator$ConnectionProviderJdbcConnectionAccess@634d86dc] for (non-JTA) DDL execution was not in auto-commit mode; the Connection 'local transaction' will be committed and the Connection will be set into auto-commit mode.
06-Sep-2026 01:05:20.136 INFO [http-nio-8080-exec-3] org.hibernate.jpa.internal.util.LogHelper.logPersistenceUnitInformation HHH000204: Processing PersistenceUnitInfo [name: jpa-hibernate-mysql]
06-Sep-2026 01:05:20.139 INFO [http-nio-8080-exec-3] org.hibernate.cache.internal.RegionFactoryInitiator.initiateService HHH000026: Second-level cache disabled
06-Sep-2026 01:05:20.175 WARN [http-nio-8080-exec-3] org.hibernate.engine.jdbc.connections.internal.DriverManagerConnectionProviderImpl.configure HHH10001002: Using built-in connection pool (not intended for production use)
06-Sep-2026 01:05:20.175 INFO [http-nio-8080-exec-3] org.hibernate.engine.jdbc.connections.internal.DriverManagerConnectionProviderImpl.buildCreator HHH10001005: Loaded JDBC driver class: com.mysql.cj.jdbc.Driver
06-Sep-2026 01:05:20.176 INFO [http-nio-8080-exec-3] org.hibernate.engine.jdbc.connections.internal.DriverManagerConnectionProviderImpl.buildCreator HHH10001012: Connecting with JDBC URL [jdbc:mysql://localhost:3306/webst2?useSSL=false&allowPublicKeyRetrieval=true&serverTimezone=UTC]
06-Sep-2026 01:05:20.176 INFO [http-nio-8080-exec-3] org.hibernate.engine.jdbc.connections.internal.DriverManagerConnectionProviderImpl.buildCreator HHH10001001: Connection properties: {password=****, user=root}
06-Sep-2026 01:05:20.177 INFO [http-nio-8080-exec-3] org.hibernate.engine.jdbc.connections.internal.DriverManagerConnectionProviderImpl.buildCreator HHH10001003: Autocommit mode: false
06-Sep-2026 01:05:20.177 INFO [http-nio-8080-exec-3] org.hibernate.engine.jdbc.connections.internal.DriverManagerConnectionProviderImpl$PooledConnections.<init> HHH10001115: Connection pool size: 20 (min=1)
06-Sep-2026 01:05:20.186 WARN [http-nio-8080-exec-3] org.hibernate.engine.jdbc.dialect.internal.DialectFactoryImpl.constructDialect HHH90000025: MySQLDialect does not need to be specified explicitly using 'hibernate.dialect' (remove the property setting and it will be selected by default)
06-Sep-2026 01:05:20.273 INFO [http-nio-8080-exec-3] org.hibernate.engine.transaction.jta.platform.internal.JtaPlatformInitiator.initiateService HHH000489: No JTA platform available (set 'hibernate.transaction.jta.platform' to enable JTA platform integration)
06-Sep-2026 01:05:20.276 INFO [http-nio-8080-exec-3] org.hibernate.resource.transaction.backend.jdbc.internal.DdlTransactionIsolatorNonJtaImpl.getIsolatedConnection HHH10001501: Connection obtained from JdbcConnectionAccess [org.hibernate.engine.jdbc.env.internal.JdbcEnvironmentInitiator$ConnectionProviderJdbcConnectionAccess@7e1c628c] for (non-JTA) DDL execution was not in auto-commit mode; the Connection 'local transaction' will be committed and the Connection will be set into auto-commit mode.
06-Sep-2026 01:05:20.643 INFO [http-nio-8080-exec-6] org.hibernate.jpa.internal.util.LogHelper.logPersistenceUnitInformation HHH000204: Processing PersistenceUnitInfo [name: jpa-hibernate-mysql]
06-Sep-2026 01:05:20.644 INFO [http-nio-8080-exec-6] org.hibernate.cache.internal.RegionFactoryInitiator.initiateService HHH000026: Second-level cache disabled
06-Sep-2026 01:05:20.680 WARN [http-nio-8080-exec-6] org.hibernate.engine.jdbc.connections.internal.DriverManagerConnectionProviderImpl.configure HHH10001002: Using built-in connection pool (not intended for production use)
06-Sep-2026 01:05:20.681 INFO [http-nio-8080-exec-6] org.hibernate.engine.jdbc.connections.internal.DriverManagerConnectionProviderImpl.buildCreator HHH10001005: Loaded JDBC driver class: com.mysql.cj.jdbc.Driver
06-Sep-2026 01:05:20.681 INFO [http-nio-8080-exec-6] org.hibernate.engine.jdbc.connections.internal.DriverManagerConnectionProviderImpl.buildCreator HHH10001012: Connecting with JDBC URL [jdbc:mysql://localhost:3306/webst2?useSSL=false&allowPublicKeyRetrieval=true&serverTimezone=UTC]
06-Sep-2026 01:05:20.681 INFO [http-nio-8080-exec-6] org.hibernate.engine.jdbc.connections.internal.DriverManagerConnectionProviderImpl.buildCreator HHH10001001: Connection properties: {password=****, user=root}
06-Sep-2026 01:05:20.682 INFO [http-nio-8080-exec-6] org.hibernate.engine.jdbc.connections.internal.DriverManagerConnectionProviderImpl.buildCreator HHH10001003: Autocommit mode: false
06-Sep-2026 01:05:20.682 INFO [http-nio-8080-exec-6] org.hibernate.engine.jdbc.connections.internal.DriverManagerConnectionProviderImpl$PooledConnections.<init> HHH10001115: Connection pool size: 20 (min=1)
06-Sep-2026 01:05:20.688 WARN [http-nio-8080-exec-6] org.hibernate.engine.jdbc.dialect.internal.DialectFactoryImpl.constructDialect HHH90000025: MySQLDialect does not need to be specified explicitly using 'hibernate.dialect' (remove the property setting and it will be selected by default)
06-Sep-2026 01:05:20.780 INFO [http-nio-8080-exec-6] org.hibernate.engine.transaction.jta.platform.internal.JtaPlatformInitiator.initiateService HHH000489: No JTA platform available (set 'hibernate.transaction.jta.platform' to enable JTA platform integration)
06-Sep-2026 01:05:20.783 INFO [http-nio-8080-exec-6] org.hibernate.resource.transaction.backend.jdbc.internal.DdlTransactionIsolatorNonJtaImpl.getIsolatedConnection HHH10001501: Connection obtained from JdbcConnectionAccess [org.hibernate.engine.jdbc.env.internal.JdbcEnvironmentInitiator$ConnectionProviderJdbcConnectionAccess@68dc2697] for (non-JTA) DDL execution was not in auto-commit mode; the Connection 'local transaction' will be committed and the Connection will be set into auto-commit mode.
06-Sep-2026 01:05:20.861 INFO [http-nio-8080-exec-7] org.hibernate.jpa.internal.util.LogHelper.logPersistenceUnitInformation HHH000204: Processing PersistenceUnitInfo [name: jpa-hibernate-mysql]
06-Sep-2026 01:05:20.866 INFO [http-nio-8080-exec-7] org.hibernate.cache.internal.RegionFactoryInitiator.initiateService HHH000026: Second-level cache disabled
06-Sep-2026 01:05:20.897 WARN [http-nio-8080-exec-7] org.hibernate.engine.jdbc.connections.internal.DriverManagerConnectionProviderImpl.configure HHH10001002: Using built-in connection pool (not intended for production use)
06-Sep-2026 01:05:20.898 INFO [http-nio-8080-exec-7] org.hibernate.engine.jdbc.connections.internal.DriverManagerConnectionProviderImpl.buildCreator HHH10001005: Loaded JDBC driver class: com.mysql.cj.jdbc.Driver
06-Sep-2026 01:05:20.899 INFO [http-nio-8080-exec-7] org.hibernate.engine.jdbc.connections.internal.DriverManagerConnectionProviderImpl.buildCreator HHH10001012: Connecting with JDBC URL [jdbc:mysql://localhost:3306/webst2?useSSL=false&allowPublicKeyRetrieval=true&serverTimezone=UTC]
06-Sep-2026 01:05:20.900 INFO [http-nio-8080-exec-7] org.hibernate.engine.jdbc.connections.internal.DriverManagerConnectionProviderImpl.buildCreator HHH10001001: Connection properties: {password=****, user=root}
06-Sep-2026 01:05:20.900 INFO [http-nio-8080-exec-7] org.hibernate.engine.jdbc.connections.internal.DriverManagerConnectionProviderImpl.buildCreator HHH10001003: Autocommit mode: false
06-Sep-2026 01:05:20.901 INFO [http-nio-8080-exec-7] org.hibernate.engine.jdbc.connections.internal.DriverManagerConnectionProviderImpl$PooledConnections.<init> HHH10001115: Connection pool size: 20 (min=1)
06-Sep-2026 01:05:20.908 WARN [http-nio-8080-exec-7] org.hibernate.engine.jdbc.dialect.internal.DialectFactoryImpl.constructDialect HHH90000025: MySQLDialect does not need to be specified explicitly using 'hibernate.dialect' (remove the property setting and it will be selected by default)
06-Sep-2026 01:05:21.012 INFO [http-nio-8080-exec-7] org.hibernate.engine.transaction.jta.platform.internal.JtaPlatformInitiator.initiateService HHH000489: No JTA platform available (set 'hibernate.transaction.jta.platform' to enable JTA platform integration)
06-Sep-2026 01:05:21.014 INFO [http-nio-8080-exec-7] org.hibernate.resource.transaction.backend.jdbc.internal.DdlTransactionIsolatorNonJtaImpl.getIsolatedConnection HHH10001501: Connection obtained from JdbcConnectionAccess [org.hibernate.engine.jdbc.env.internal.JdbcEnvironmentInitiator$ConnectionProviderJdbcConnectionAccess@1b98f57d] for (non-JTA) DDL execution was not in auto-commit mode; the Connection 'local transaction' will be committed and the Connection will be set into auto-commit mode.
06-Sep-2026 01:05:21.045 INFO [http-nio-8080-exec-7] org.hibernate.jpa.internal.util.LogHelper.logPersistenceUnitInformation HHH000204: Processing PersistenceUnitInfo [name: jpa-hibernate-mysql]
06-Sep-2026 01:05:21.046 INFO [http-nio-8080-exec-7] org.hibernate.cache.internal.RegionFactoryInitiator.initiateService HHH000026: Second-level cache disabled
06-Sep-2026 01:05:21.077 WARN [http-nio-8080-exec-7] org.hibernate.engine.jdbc.connections.internal.DriverManagerConnectionProviderImpl.configure HHH10001002: Using built-in connection pool (not intended for production use)
06-Sep-2026 01:05:21.077 INFO [http-nio-8080-exec-7] org.hibernate.engine.jdbc.connections.internal.DriverManagerConnectionProviderImpl.buildCreator HHH10001005: Loaded JDBC driver class: com.mysql.cj.jdbc.Driver
06-Sep-2026 01:05:21.077 INFO [http-nio-8080-exec-7] org.hibernate.engine.jdbc.connections.internal.DriverManagerConnectionProviderImpl.buildCreator HHH10001012: Connecting with JDBC URL [jdbc:mysql://localhost:3306/webst2?useSSL=false&allowPublicKeyRetrieval=true&serverTimezone=UTC]
06-Sep-2026 01:05:21.078 INFO [http-nio-8080-exec-7] org.hibernate.engine.jdbc.connections.internal.DriverManagerConnectionProviderImpl.buildCreator HHH10001001: Connection properties: {password=****, user=root}
06-Sep-2026 01:05:21.078 INFO [http-nio-8080-exec-7] org.hibernate.engine.jdbc.connections.internal.DriverManagerConnectionProviderImpl.buildCreator HHH10001003: Autocommit mode: false
06-Sep-2026 01:05:21.078 INFO [http-nio-8080-exec-7] org.hibernate.engine.jdbc.connections.internal.DriverManagerConnectionProviderImpl$PooledConnections.<init> HHH10001115: Connection pool size: 20 (min=1)
06-Sep-2026 01:05:21.084 WARN [http-nio-8080-exec-7] org.hibernate.engine.jdbc.dialect.internal.DialectFactoryImpl.constructDialect HHH90000025: MySQLDialect does not need to be specified explicitly using 'hibernate.dialect' (remove the property setting and it will be selected by default)
06-Sep-2026 01:05:21.158 INFO [http-nio-8080-exec-7] org.hibernate.engine.transaction.jta.platform.internal.JtaPlatformInitiator.initiateService HHH000489: No JTA platform available (set 'hibernate.transaction.jta.platform' to enable JTA platform integration)
06-Sep-2026 01:05:21.161 INFO [http-nio-8080-exec-7] org.hibernate.resource.transaction.backend.jdbc.internal.DdlTransactionIsolatorNonJtaImpl.getIsolatedConnection HHH10001501: Connection obtained from JdbcConnectionAccess [org.hibernate.engine.jdbc.env.internal.JdbcEnvironmentInitiator$ConnectionProviderJdbcConnectionAccess@1207132e] for (non-JTA) DDL execution was not in auto-commit mode; the Connection 'local transaction' will be committed and the Connection will be set into auto-commit mode.
06-Sep-2026 01:11:15.702 INFO [http-nio-8080-exec-8] org.hibernate.jpa.internal.util.LogHelper.logPersistenceUnitInformation HHH000204: Processing PersistenceUnitInfo [name: jpa-hibernate-mysql]
06-Sep-2026 01:11:15.710 INFO [http-nio-8080-exec-8] org.hibernate.cache.internal.RegionFactoryInitiator.initiateService HHH000026: Second-level cache disabled
06-Sep-2026 01:11:15.747 WARN [http-nio-8080-exec-8] org.hibernate.engine.jdbc.connections.internal.DriverManagerConnectionProviderImpl.configure HHH10001002: Using built-in connection pool (not intended for production use)
06-Sep-2026 01:11:15.747 INFO [http-nio-8080-exec-8] org.hibernate.engine.jdbc.connections.internal.DriverManagerConnectionProviderImpl.buildCreator HHH10001005: Loaded JDBC driver class: com.mysql.cj.jdbc.Driver
06-Sep-2026 01:11:15.748 INFO [http-nio-8080-exec-8] org.hibernate.engine.jdbc.connections.internal.DriverManagerConnectionProviderImpl.buildCreator HHH10001012: Connecting with JDBC URL [jdbc:mysql://localhost:3306/webst2?useSSL=false&allowPublicKeyRetrieval=true&serverTimezone=UTC]
06-Sep-2026 01:11:15.748 INFO [http-nio-8080-exec-8] org.hibernate.engine.jdbc.connections.internal.DriverManagerConnectionProviderImpl.buildCreator HHH10001001: Connection properties: {password=****, user=root}
06-Sep-2026 01:11:15.748 INFO [http-nio-8080-exec-8] org.hibernate.engine.jdbc.connections.internal.DriverManagerConnectionProviderImpl.buildCreator HHH10001003: Autocommit mode: false
06-Sep-2026 01:11:15.749 INFO [http-nio-8080-exec-8] org.hibernate.engine.jdbc.connections.internal.DriverManagerConnectionProviderImpl$PooledConnections.<init> HHH10001115: Connection pool size: 20 (min=1)
06-Sep-2026 01:11:15.757 WARN [http-nio-8080-exec-8] org.hibernate.engine.jdbc.dialect.internal.DialectFactoryImpl.constructDialect HHH90000025: MySQLDialect does not need to be specified explicitly using 'hibernate.dialect' (remove the property setting and it will be selected by default)
06-Sep-2026 01:11:15.847 INFO [http-nio-8080-exec-8] org.hibernate.engine.transaction.jta.platform.internal.JtaPlatformInitiator.initiateService HHH000489: No JTA platform available (set 'hibernate.transaction.jta.platform' to enable JTA platform integration)
06-Sep-2026 01:11:15.850 INFO [http-nio-8080-exec-8] org.hibernate.resource.transaction.backend.jdbc.internal.DdlTransactionIsolatorNonJtaImpl.getIsolatedConnection HHH10001501: Connection obtained from JdbcConnectionAccess [org.hibernate.engine.jdbc.env.internal.JdbcEnvironmentInitiator$ConnectionProviderJdbcConnectionAccess@26819f8a] for (non-JTA) DDL execution was not in auto-commit mode; the Connection 'local transaction' will be committed and the Connection will be set into auto-commit mode.
06-Sep-2026 10:12:03.268 INFO [http-nio-8080-exec-6] org.hibernate.jpa.internal.util.LogHelper.logPersistenceUnitInformation HHH000204: Processing PersistenceUnitInfo [name: jpa-hibernate-mysql]
06-Sep-2026 10:12:03.279 INFO [http-nio-8080-exec-6] org.hibernate.cache.internal.RegionFactoryInitiator.initiateService HHH000026: Second-level cache disabled
06-Sep-2026 10:12:03.306 WARN [http-nio-8080-exec-6] org.hibernate.engine.jdbc.connections.internal.DriverManagerConnectionProviderImpl.configure HHH10001002: Using built-in connection pool (not intended for production use)
06-Sep-2026 10:12:03.306 INFO [http-nio-8080-exec-6] org.hibernate.engine.jdbc.connections.internal.DriverManagerConnectionProviderImpl.buildCreator HHH10001005: Loaded JDBC driver class: com.mysql.cj.jdbc.Driver
06-Sep-2026 10:12:03.306 INFO [http-nio-8080-exec-6] org.hibernate.engine.jdbc.connections.internal.DriverManagerConnectionProviderImpl.buildCreator HHH10001012: Connecting with JDBC URL [jdbc:mysql://localhost:3306/webst2?useSSL=false&allowPublicKeyRetrieval=true&serverTimezone=UTC]
06-Sep-2026 10:12:03.306 INFO [http-nio-8080-exec-6] org.hibernate.engine.jdbc.connections.internal.DriverManagerConnectionProviderImpl.buildCreator HHH10001001: Connection properties: {password=****, user=root}
06-Sep-2026 10:12:03.306 INFO [http-nio-8080-exec-6] org.hibernate.engine.jdbc.connections.internal.DriverManagerConnectionProviderImpl.buildCreator HHH10001003: Autocommit mode: false
06-Sep-2026 10:12:03.306 INFO [http-nio-8080-exec-6] org.hibernate.engine.jdbc.connections.internal.DriverManagerConnectionProviderImpl$PooledConnections.<init> HHH10001115: Connection pool size: 20 (min=1)
06-Sep-2026 10:12:03.311 WARN [http-nio-8080-exec-6] org.hibernate.engine.jdbc.dialect.internal.DialectFactoryImpl.constructDialect HHH90000025: MySQLDialect does not need to be specified explicitly using 'hibernate.dialect' (remove the property setting and it will be selected by default)
06-Sep-2026 10:12:03.372 INFO [http-nio-8080-exec-6] org.hibernate.engine.transaction.jta.platform.internal.JtaPlatformInitiator.initiateService HHH000489: No JTA platform available (set 'hibernate.transaction.jta.platform' to enable JTA platform integration)
06-Sep-2026 10:12:03.385 INFO [http-nio-8080-exec-6] org.hibernate.resource.transaction.backend.jdbc.internal.DdlTransactionIsolatorNonJtaImpl.getIsolatedConnection HHH10001501: Connection obtained from JdbcConnectionAccess [org.hibernate.engine.jdbc.env.internal.JdbcEnvironmentInitiator$ConnectionProviderJdbcConnectionAccess@52d24f10] for (non-JTA) DDL execution was not in auto-commit mode; the Connection 'local transaction' will be committed and the Connection will be set into auto-commit mode.
06-Sep-2026 10:12:06.900 INFO [http-nio-8080-exec-7] org.hibernate.jpa.internal.util.LogHelper.logPersistenceUnitInformation HHH000204: Processing PersistenceUnitInfo [name: jpa-hibernate-mysql]
06-Sep-2026 10:12:06.900 INFO [http-nio-8080-exec-7] org.hibernate.cache.internal.RegionFactoryInitiator.initiateService HHH000026: Second-level cache disabled
06-Sep-2026 10:12:06.934 WARN [http-nio-8080-exec-7] org.hibernate.engine.jdbc.connections.internal.DriverManagerConnectionProviderImpl.configure HHH10001002: Using built-in connection pool (not intended for production use)
06-Sep-2026 10:12:06.934 INFO [http-nio-8080-exec-7] org.hibernate.engine.jdbc.connections.internal.DriverManagerConnectionProviderImpl.buildCreator HHH10001005: Loaded JDBC driver class: com.mysql.cj.jdbc.Driver
06-Sep-2026 10:12:06.934 INFO [http-nio-8080-exec-7] org.hibernate.engine.jdbc.connections.internal.DriverManagerConnectionProviderImpl.buildCreator HHH10001012: Connecting with JDBC URL [jdbc:mysql://localhost:3306/webst2?useSSL=false&allowPublicKeyRetrieval=true&serverTimezone=UTC]
06-Sep-2026 10:12:06.934 INFO [http-nio-8080-exec-7] org.hibernate.engine.jdbc.connections.internal.DriverManagerConnectionProviderImpl.buildCreator HHH10001001: Connection properties: {password=****, user=root}
06-Sep-2026 10:12:06.934 INFO [http-nio-8080-exec-7] org.hibernate.engine.jdbc.connections.internal.DriverManagerConnectionProviderImpl.buildCreator HHH10001003: Autocommit mode: false
06-Sep-2026 10:12:06.934 INFO [http-nio-8080-exec-7] org.hibernate.engine.jdbc.connections.internal.DriverManagerConnectionProviderImpl$PooledConnections.<init> HHH10001115: Connection pool size: 20 (min=1)
06-Sep-2026 10:12:06.934 WARN [http-nio-8080-exec-7] org.hibernate.engine.jdbc.dialect.internal.DialectFactoryImpl.constructDialect HHH90000025: MySQLDialect does not need to be specified explicitly using 'hibernate.dialect' (remove the property setting and it will be selected by default)
06-Sep-2026 10:12:06.996 INFO [http-nio-8080-exec-7] org.hibernate.engine.transaction.jta.platform.internal.JtaPlatformInitiator.initiateService HHH000489: No JTA platform available (set 'hibernate.transaction.jta.platform' to enable JTA platform integration)
06-Sep-2026 10:12:06.996 INFO [http-nio-8080-exec-7] org.hibernate.resource.transaction.backend.jdbc.internal.DdlTransactionIsolatorNonJtaImpl.getIsolatedConnection HHH10001501: Connection obtained from JdbcConnectionAccess [org.hibernate.engine.jdbc.env.internal.JdbcEnvironmentInitiator$ConnectionProviderJdbcConnectionAccess@31810215] for (non-JTA) DDL execution was not in auto-commit mode; the Connection 'local transaction' will be committed and the Connection will be set into auto-commit mode.
06-Sep-2026 10:12:07.025 INFO [http-nio-8080-exec-7] org.hibernate.jpa.internal.util.LogHelper.logPersistenceUnitInformation HHH000204: Processing PersistenceUnitInfo [name: jpa-hibernate-mysql]
06-Sep-2026 10:12:07.025 INFO [http-nio-8080-exec-7] org.hibernate.cache.internal.RegionFactoryInitiator.initiateService HHH000026: Second-level cache disabled
06-Sep-2026 10:12:07.046 WARN [http-nio-8080-exec-7] org.hibernate.engine.jdbc.connections.internal.DriverManagerConnectionProviderImpl.configure HHH10001002: Using built-in connection pool (not intended for production use)
06-Sep-2026 10:12:07.046 INFO [http-nio-8080-exec-7] org.hibernate.engine.jdbc.connections.internal.DriverManagerConnectionProviderImpl.buildCreator HHH10001005: Loaded JDBC driver class: com.mysql.cj.jdbc.Driver
06-Sep-2026 10:12:07.046 INFO [http-nio-8080-exec-7] org.hibernate.engine.jdbc.connections.internal.DriverManagerConnectionProviderImpl.buildCreator HHH10001012: Connecting with JDBC URL [jdbc:mysql://localhost:3306/webst2?useSSL=false&allowPublicKeyRetrieval=true&serverTimezone=UTC]
06-Sep-2026 10:12:07.046 INFO [http-nio-8080-exec-7] org.hibernate.engine.jdbc.connections.internal.DriverManagerConnectionProviderImpl.buildCreator HHH10001001: Connection properties: {password=****, user=root}
06-Sep-2026 10:12:07.046 INFO [http-nio-8080-exec-7] org.hibernate.engine.jdbc.connections.internal.DriverManagerConnectionProviderImpl.buildCreator HHH10001003: Autocommit mode: false
06-Sep-2026 10:12:07.046 INFO [http-nio-8080-exec-7] org.hibernate.engine.jdbc.connections.internal.DriverManagerConnectionProviderImpl$PooledConnections.<init> HHH10001115: Connection pool size: 20 (min=1)
06-Sep-2026 10:12:07.053 WARN [http-nio-8080-exec-7] org.hibernate.engine.jdbc.dialect.internal.DialectFactoryImpl.constructDialect HHH90000025: MySQLDialect does not need to be specified explicitly using 'hibernate.dialect' (remove the property setting and it will be selected by default)
06-Sep-2026 10:12:07.094 INFO [http-nio-8080-exec-7] org.hibernate.engine.transaction.jta.platform.internal.JtaPlatformInitiator.initiateService HHH000489: No JTA platform available (set 'hibernate.transaction.jta.platform' to enable JTA platform integration)
06-Sep-2026 10:12:07.094 INFO [http-nio-8080-exec-7] org.hibernate.resource.transaction.backend.jdbc.internal.DdlTransactionIsolatorNonJtaImpl.getIsolatedConnection HHH10001501: Connection obtained from JdbcConnectionAccess [org.hibernate.engine.jdbc.env.internal.JdbcEnvironmentInitiator$ConnectionProviderJdbcConnectionAccess@581a34c2] for (non-JTA) DDL execution was not in auto-commit mode; the Connection 'local transaction' will be committed and the Connection will be set into auto-commit mode.
